<?xml version="1.0" encoding="UTF-8"?><kml:kml xmlns:xs="http://www.w3.org/2001/XMLSchema" xmlns:xal="urn:oasis:names:tc:ciq:xsdschema:xAL:2.0" xmlns:kml="http://www.opengis.net/kml/2.2" xmlns:atom="http://www.w3.org/2005/Atom">
  <kml:Document id="featureCollection">
    <kml:Placemark id="fid-60e2cf02_19f3a43cf86_-590a">
      <kml:ExtendedData>
        <kml:Data name="fid">
          <kml:value>1</kml:value>
        </kml:Data>
        <kml:Data name="가맹사">
          <kml:value>GS25</kml:value>
        </kml:Data>
        <kml:Data name="지점명">
          <kml:value>GS25봉천메트로점</kml:value>
        </kml:Data>
        <kml:Data name="전화번">
          <kml:value>-</kml:value>
        </kml:Data>
        <kml:Data name="주소">
          <kml:value>서울특별시 관악구 남부순환로 1811, 101호 (중앙동 870-13, 신원메트로빌오피스텔)</kml:value>
        </kml:Data>
        <kml:Data name="매칭여">
          <kml:value>Y</kml:value>
        </kml:Data>
        <kml:Data name="최신주">
          <kml:value>서울특별시 관악구 봉천동 870-13</kml:value>
        </kml:Data>
        <kml:Data name="x">
          <kml:value>126.95144629</kml:value>
        </kml:Data>
        <kml:Data name="y">
          <kml:value>37.48173587</kml:value>
        </kml:Data>
      </kml:ExtendedData>
      <kml:Point>
        <kml:coordinates>126.9514462867692,37.48173586638536</kml:coordinates>
      </kml:Point>
    </kml:Placemark>
    <kml:Placemark id="fid-60e2cf02_19f3a43cf86_-5909">
      <kml:ExtendedData>
        <kml:Data name="fid">
          <kml:value>2</kml:value>
        </kml:Data>
        <kml:Data name="가맹사">
          <kml:value>CU</kml:value>
        </kml:Data>
        <kml:Data name="지점명">
          <kml:value>SK서울주유소점</kml:value>
        </kml:Data>
        <kml:Data name="전화번">
          <kml:value>-</kml:value>
        </kml:Data>
        <kml:Data name="주소">
          <kml:value>서울특별시 관악구 신림로 183, (신림동)</kml:value>
        </kml:Data>
        <kml:Data name="매칭여">
          <kml:value>Y</kml:value>
        </kml:Data>
        <kml:Data name="최신주">
          <kml:value>서울특별시 관악구 신림동 406-6</kml:value>
        </kml:Data>
        <kml:Data name="x">
          <kml:value>126.93535948</kml:value>
        </kml:Data>
        <kml:Data name="y">
          <kml:value>37.47478795</kml:value>
        </kml:Data>
      </kml:ExtendedData>
      <kml:Point>
        <kml:coordinates>126.93535947502912,37.474787953500076</kml:coordinates>
      </kml:Point>
    </kml:Placemark>
    <kml:Placemark id="fid-60e2cf02_19f3a43cf86_-5908">
      <kml:ExtendedData>
        <kml:Data name="fid">
          <kml:value>3</kml:value>
        </kml:Data>
        <kml:Data name="가맹사">
          <kml:value>CU</kml:value>
        </kml:Data>
        <kml:Data name="지점명">
          <kml:value>관악건영점</kml:value>
        </kml:Data>
        <kml:Data name="전화번">
          <kml:value>02-858-7688</kml:value>
        </kml:Data>
        <kml:Data name="주소">
          <kml:value>서울특별시 관악구 남부순환로161가길 71, (신림동)</kml:value>
        </kml:Data>
        <kml:Data name="매칭여">
          <kml:value>Y</kml:value>
        </kml:Data>
        <kml:Data name="최신주">
          <kml:value>서울특별시 관악구 신림동 511-17</kml:value>
        </kml:Data>
        <kml:Data name="x">
          <kml:value>126.91486607</kml:value>
        </kml:Data>
        <kml:Data name="y">
          <kml:value>37.48440315</kml:value>
        </kml:Data>
      </kml:ExtendedData>
      <kml:Point>
        <kml:coordinates>126.91486606681457,37.48440314908375</kml:coordinates>
      </kml:Point>
    </kml:Placemark>
    <kml:Placemark id="fid-60e2cf02_19f3a43cf86_-5907">
      <kml:ExtendedData>
        <kml:Data name="fid">
          <kml:value>4</kml:value>
        </kml:Data>
        <kml:Data name="가맹사">
          <kml:value>CU</kml:value>
        </kml:Data>
        <kml:Data name="지점명">
          <kml:value>관악고시촌점</kml:value>
        </kml:Data>
        <kml:Data name="전화번">
          <kml:value>02-3285-4992</kml:value>
        </kml:Data>
        <kml:Data name="주소">
          <kml:value>서울특별시 관악구 대학14길 15, (신림동)</kml:value>
        </kml:Data>
        <kml:Data name="매칭여">
          <kml:value>Y</kml:value>
        </kml:Data>
        <kml:Data name="최신주">
          <kml:value>서울특별시 관악구 신림동 255-35</kml:value>
        </kml:Data>
        <kml:Data name="x">
          <kml:value>126.93670151</kml:value>
        </kml:Data>
        <kml:Data name="y">
          <kml:value>37.4663216</kml:value>
        </kml:Data>
      </kml:ExtendedData>
      <kml:Point>
        <kml:coordinates>126.93670150528848,37.466321604321614</kml:coordinates>
      </kml:Point>
    </kml:Placemark>
    <kml:Placemark id="fid-60e2cf02_19f3a43cf86_-5906">
      <kml:ExtendedData>
        <kml:Data name="fid">
          <kml:value>5</kml:value>
        </kml:Data>
        <kml:Data name="가맹사">
          <kml:value>CU</kml:value>
        </kml:Data>
        <kml:Data name="지점명">
          <kml:value>관악구청점</kml:value>
        </kml:Data>
        <kml:Data name="전화번">
          <kml:value>02-873-6333</kml:value>
        </kml:Data>
        <kml:Data name="주소">
          <kml:value>서울특별시 관악구 쑥고개로 124, (봉천동)</kml:value>
        </kml:Data>
        <kml:Data name="매칭여">
          <kml:value>Y</kml:value>
        </kml:Data>
        <kml:Data name="최신주">
          <kml:value>서울특별시 관악구 봉천동 1572-15</kml:value>
        </kml:Data>
        <kml:Data name="x">
          <kml:value>126.95025388</kml:value>
        </kml:Data>
        <kml:Data name="y">
          <kml:value>37.47874777</kml:value>
        </kml:Data>
      </kml:ExtendedData>
      <kml:Point>
        <kml:coordinates>126.95025387765732,37.47874776488142</kml:coordinates>
      </kml:Point>
    </kml:Placemark>
    <kml:Placemark id="fid-60e2cf02_19f3a43cf86_-5905">
      <kml:ExtendedData>
        <kml:Data name="fid">
          <kml:value>6</kml:value>
        </kml:Data>
        <kml:Data name="가맹사">
          <kml:value>CU</kml:value>
        </kml:Data>
        <kml:Data name="지점명">
          <kml:value>관악국화점</kml:value>
        </kml:Data>
        <kml:Data name="전화번">
          <kml:value>02-865-2247</kml:value>
        </kml:Data>
        <kml:Data name="주소">
          <kml:value>서울특별시 관악구 난곡로26길 34, (신림동)</kml:value>
        </kml:Data>
        <kml:Data name="매칭여">
          <kml:value>Y</kml:value>
        </kml:Data>
        <kml:Data name="최신주">
          <kml:value>서울특별시 관악구 신림동 638-2</kml:value>
        </kml:Data>
        <kml:Data name="x">
          <kml:value>126.9216311</kml:value>
        </kml:Data>
        <kml:Data name="y">
          <kml:value>37.47001908</kml:value>
        </kml:Data>
      </kml:ExtendedData>
      <kml:Point>
        <kml:coordinates>126.92163109637951,37.47001907498538</kml:coordinates>
      </kml:Point>
    </kml:Placemark>
    <kml:Placemark id="fid-60e2cf02_19f3a43cf86_-5904">
      <kml:ExtendedData>
        <kml:Data name="fid">
          <kml:value>7</kml:value>
        </kml:Data>
        <kml:Data name="가맹사">
          <kml:value>CU</kml:value>
        </kml:Data>
        <kml:Data name="지점명">
          <kml:value>관악국회단지점</kml:value>
        </kml:Data>
        <kml:Data name="전화번">
          <kml:value>02-873-1951</kml:value>
        </kml:Data>
        <kml:Data name="주소">
          <kml:value>서울특별시 관악구 국회단지길 36</kml:value>
        </kml:Data>
        <kml:Data name="매칭여">
          <kml:value>Y</kml:value>
        </kml:Data>
        <kml:Data name="최신주">
          <kml:value>서울특별시 관악구 봉천동 634-81</kml:value>
        </kml:Data>
        <kml:Data name="x">
          <kml:value>126.94022651</kml:value>
        </kml:Data>
        <kml:Data name="y">
          <kml:value>37.48763587</kml:value>
        </kml:Data>
      </kml:ExtendedData>
      <kml:Point>
        <kml:coordinates>126.94022650923016,37.48763587130048</kml:coordinates>
      </kml:Point>
    </kml:Placemark>
    <kml:Placemark id="fid-60e2cf02_19f3a43cf86_-5903">
      <kml:ExtendedData>
        <kml:Data name="fid">
          <kml:value>8</kml:value>
        </kml:Data>
        <kml:Data name="가맹사">
          <kml:value>CU</kml:value>
        </kml:Data>
        <kml:Data name="지점명">
          <kml:value>관악낙성점</kml:value>
        </kml:Data>
        <kml:Data name="전화번">
          <kml:value>02-889-1069</kml:value>
        </kml:Data>
        <kml:Data name="주소">
          <kml:value>서울특별시 관악구 솔밭로 5, (봉천동)</kml:value>
        </kml:Data>
        <kml:Data name="매칭여">
          <kml:value>Y</kml:value>
        </kml:Data>
        <kml:Data name="최신주">
          <kml:value>서울특별시 관악구 봉천동 1685-29</kml:value>
        </kml:Data>
        <kml:Data name="x">
          <kml:value>126.96255509</kml:value>
        </kml:Data>
        <kml:Data name="y">
          <kml:value>37.47818327</kml:value>
        </kml:Data>
      </kml:ExtendedData>
      <kml:Point>
        <kml:coordinates>126.96255509291471,37.47818326933972</kml:coordinates>
      </kml:Point>
    </kml:Placemark>
    <kml:Placemark id="fid-60e2cf02_19f3a43cf86_-5902">
      <kml:ExtendedData>
        <kml:Data name="fid">
          <kml:value>9</kml:value>
        </kml:Data>
        <kml:Data name="가맹사">
          <kml:value>CU</kml:value>
        </kml:Data>
        <kml:Data name="지점명">
          <kml:value>관악난우점</kml:value>
        </kml:Data>
        <kml:Data name="전화번">
          <kml:value>02-851-2695</kml:value>
        </kml:Data>
        <kml:Data name="주소">
          <kml:value>서울특별시 관악구 난우길 36, (신림동)</kml:value>
        </kml:Data>
        <kml:Data name="매칭여">
          <kml:value>Y</kml:value>
        </kml:Data>
        <kml:Data name="최신주">
          <kml:value>서울특별시 관악구 신림동 602-1</kml:value>
        </kml:Data>
        <kml:Data name="x">
          <kml:value>126.91785391</kml:value>
        </kml:Data>
        <kml:Data name="y">
          <kml:value>37.47602264</kml:value>
        </kml:Data>
      </kml:ExtendedData>
      <kml:Point>
        <kml:coordinates>126.91785390846357,37.47602264224858</kml:coordinates>
      </kml:Point>
    </kml:Placemark>
    <kml:Placemark id="fid-60e2cf02_19f3a43cf86_-5901">
      <kml:ExtendedData>
        <kml:Data name="fid">
          <kml:value>10</kml:value>
        </kml:Data>
        <kml:Data name="가맹사">
          <kml:value>CU</kml:value>
        </kml:Data>
        <kml:Data name="지점명">
          <kml:value>관악난향점</kml:value>
        </kml:Data>
        <kml:Data name="전화번">
          <kml:value>02-864-8249</kml:value>
        </kml:Data>
        <kml:Data name="주소">
          <kml:value>서울특별시 관악구 난향2길 8 삼원빌딩</kml:value>
        </kml:Data>
        <kml:Data name="매칭여">
          <kml:value>Y</kml:value>
        </kml:Data>
        <kml:Data name="최신주">
          <kml:value>서울특별시 관악구 신림동 676-5</kml:value>
        </kml:Data>
        <kml:Data name="x">
          <kml:value>126.91856245</kml:value>
        </kml:Data>
        <kml:Data name="y">
          <kml:value>37.46333151</kml:value>
        </kml:Data>
      </kml:ExtendedData>
      <kml:Point>
        <kml:coordinates>126.918562454283,37.46333151290869</kml:coordinates>
      </kml:Point>
    </kml:Placemark>
    <kml:Placemark id="fid-60e2cf02_19f3a43cf86_-5900">
      <kml:ExtendedData>
        <kml:Data name="fid">
          <kml:value>11</kml:value>
        </kml:Data>
        <kml:Data name="가맹사">
          <kml:value>CU</kml:value>
        </kml:Data>
        <kml:Data name="지점명">
          <kml:value>관악남현점</kml:value>
        </kml:Data>
        <kml:Data name="전화번">
          <kml:value>02-522-6103</kml:value>
        </kml:Data>
        <kml:Data name="주소">
          <kml:value>서울특별시 관악구 과천대로 945, (남현동)</kml:value>
        </kml:Data>
        <kml:Data name="매칭여">
          <kml:value>Y</kml:value>
        </kml:Data>
        <kml:Data name="최신주">
          <kml:value>서울특별시 관악구 남현동 1061-22</kml:value>
        </kml:Data>
        <kml:Data name="x">
          <kml:value>126.98139358</kml:value>
        </kml:Data>
        <kml:Data name="y">
          <kml:value>37.47498484</kml:value>
        </kml:Data>
      </kml:ExtendedData>
      <kml:Point>
        <kml:coordinates>126.98139357959694,37.474984837407554</kml:coordinates>
      </kml:Point>
    </kml:Placemark>
    <kml:Placemark id="fid-60e2cf02_19f3a43cf86_-58ff">
      <kml:ExtendedData>
        <kml:Data name="fid">
          <kml:value>12</kml:value>
        </kml:Data>
        <kml:Data name="가맹사">
          <kml:value>CU</kml:value>
        </kml:Data>
        <kml:Data name="지점명">
          <kml:value>관악네잎클로버점</kml:value>
        </kml:Data>
        <kml:Data name="전화번">
          <kml:value>02-867-9441</kml:value>
        </kml:Data>
        <kml:Data name="주소">
          <kml:value>서울특별시 관악구 관천로15길 27, (신림동)</kml:value>
        </kml:Data>
        <kml:Data name="매칭여">
          <kml:value>Y</kml:value>
        </kml:Data>
        <kml:Data name="최신주">
          <kml:value>서울특별시 관악구 신림동 470-15</kml:value>
        </kml:Data>
        <kml:Data name="x">
          <kml:value>126.92098176</kml:value>
        </kml:Data>
        <kml:Data name="y">
          <kml:value>37.48657185</kml:value>
        </kml:Data>
      </kml:ExtendedData>
      <kml:Point>
        <kml:coordinates>126.92098176445604,37.486571851490794</kml:coordinates>
      </kml:Point>
    </kml:Placemark>
    <kml:Placemark id="fid-60e2cf02_19f3a43cf86_-58fe">
      <kml:ExtendedData>
        <kml:Data name="fid">
          <kml:value>13</kml:value>
        </kml:Data>
        <kml:Data name="가맹사">
          <kml:value>CU</kml:value>
        </kml:Data>
        <kml:Data name="지점명">
          <kml:value>관악당곡점</kml:value>
        </kml:Data>
        <kml:Data name="전화번">
          <kml:value>02-877-0533</kml:value>
        </kml:Data>
        <kml:Data name="주소">
          <kml:value>서울특별시 관악구 보라매로 20, (봉천동)</kml:value>
        </kml:Data>
        <kml:Data name="매칭여">
          <kml:value>Y</kml:value>
        </kml:Data>
        <kml:Data name="최신주">
          <kml:value>서울특별시 관악구 봉천동 702-36</kml:value>
        </kml:Data>
        <kml:Data name="x">
          <kml:value>126.92736074</kml:value>
        </kml:Data>
        <kml:Data name="y">
          <kml:value>37.49118124</kml:value>
        </kml:Data>
      </kml:ExtendedData>
      <kml:Point>
        <kml:coordinates>126.92736073547587,37.49118123710989</kml:coordinates>
      </kml:Point>
    </kml:Placemark>
    <kml:Placemark id="fid-60e2cf02_19f3a43cf86_-58fd">
      <kml:ExtendedData>
        <kml:Data name="fid">
          <kml:value>14</kml:value>
        </kml:Data>
        <kml:Data name="가맹사">
          <kml:value>CU</kml:value>
        </kml:Data>
        <kml:Data name="지점명">
          <kml:value>관악대로점</kml:value>
        </kml:Data>
        <kml:Data name="전화번">
          <kml:value>02-830-0609</kml:value>
        </kml:Data>
        <kml:Data name="주소">
          <kml:value>서울특별시 관악구 남부순환로 1403, (신림동)</kml:value>
        </kml:Data>
        <kml:Data name="매칭여">
          <kml:value>Y</kml:value>
        </kml:Data>
        <kml:Data name="최신주">
          <kml:value>서울특별시 관악구 신림동 566-8</kml:value>
        </kml:Data>
        <kml:Data name="x">
          <kml:value>126.90647316</kml:value>
        </kml:Data>
        <kml:Data name="y">
          <kml:value>37.48067291</kml:value>
        </kml:Data>
      </kml:ExtendedData>
      <kml:Point>
        <kml:coordinates>126.90647315464432,37.48067291371182</kml:coordinates>
      </kml:Point>
    </kml:Placemark>
    <kml:Placemark id="fid-60e2cf02_19f3a43cf86_-58fc">
      <kml:ExtendedData>
        <kml:Data name="fid">
          <kml:value>15</kml:value>
        </kml:Data>
        <kml:Data name="가맹사">
          <kml:value>CU</kml:value>
        </kml:Data>
        <kml:Data name="지점명">
          <kml:value>관악대성점</kml:value>
        </kml:Data>
        <kml:Data name="전화번">
          <kml:value>02-586-5242</kml:value>
        </kml:Data>
        <kml:Data name="주소">
          <kml:value>서울특별시 관악구 남부순환로256라길 2</kml:value>
        </kml:Data>
        <kml:Data name="매칭여">
          <kml:value>Y</kml:value>
        </kml:Data>
        <kml:Data name="최신주">
          <kml:value>서울특별시 관악구 남현동 1072-23</kml:value>
        </kml:Data>
        <kml:Data name="x">
          <kml:value>126.97402345</kml:value>
        </kml:Data>
        <kml:Data name="y">
          <kml:value>37.47289608</kml:value>
        </kml:Data>
      </kml:ExtendedData>
      <kml:Point>
        <kml:coordinates>126.9740234498501,37.47289607602992</kml:coordinates>
      </kml:Point>
    </kml:Placemark>
    <kml:Placemark id="fid-60e2cf02_19f3a43cf86_-58fb">
      <kml:ExtendedData>
        <kml:Data name="fid">
          <kml:value>16</kml:value>
        </kml:Data>
        <kml:Data name="가맹사">
          <kml:value>CU</kml:value>
        </kml:Data>
        <kml:Data name="지점명">
          <kml:value>관악동방점</kml:value>
        </kml:Data>
        <kml:Data name="전화번">
          <kml:value>02-876-0830</kml:value>
        </kml:Data>
        <kml:Data name="주소">
          <kml:value>서울특별시 관악구 신림로23길 49, (신림동)</kml:value>
        </kml:Data>
        <kml:Data name="매칭여">
          <kml:value>Y</kml:value>
        </kml:Data>
        <kml:Data name="최신주">
          <kml:value>서울특별시 관악구 신림동 1554</kml:value>
        </kml:Data>
        <kml:Data name="x">
          <kml:value>126.93472578</kml:value>
        </kml:Data>
        <kml:Data name="y">
          <kml:value>37.46871576</kml:value>
        </kml:Data>
      </kml:ExtendedData>
      <kml:Point>
        <kml:coordinates>126.93472578114311,37.46871576165391</kml:coordinates>
      </kml:Point>
    </kml:Placemark>
    <kml:Placemark id="fid-60e2cf02_19f3a43cf86_-58fa">
      <kml:ExtendedData>
        <kml:Data name="fid">
          <kml:value>17</kml:value>
        </kml:Data>
        <kml:Data name="가맹사">
          <kml:value>CU</kml:value>
        </kml:Data>
        <kml:Data name="지점명">
          <kml:value>관악동원점</kml:value>
        </kml:Data>
        <kml:Data name="전화번">
          <kml:value>02-882-2188</kml:value>
        </kml:Data>
        <kml:Data name="주소">
          <kml:value>서울특별시 관악구 호암로26가길 43, (신림동)</kml:value>
        </kml:Data>
        <kml:Data name="매칭여">
          <kml:value>Y</kml:value>
        </kml:Data>
        <kml:Data name="최신주">
          <kml:value>서울특별시 관악구 신림동 1556</kml:value>
        </kml:Data>
        <kml:Data name="x">
          <kml:value>126.93332013</kml:value>
        </kml:Data>
        <kml:Data name="y">
          <kml:value>37.4688838</kml:value>
        </kml:Data>
      </kml:ExtendedData>
      <kml:Point>
        <kml:coordinates>126.93332012753802,37.4688838010085</kml:coordinates>
      </kml:Point>
    </kml:Placemark>
    <kml:Placemark id="fid-60e2cf02_19f3a43cf86_-58f9">
      <kml:ExtendedData>
        <kml:Data name="fid">
          <kml:value>18</kml:value>
        </kml:Data>
        <kml:Data name="가맹사">
          <kml:value>CU</kml:value>
        </kml:Data>
        <kml:Data name="지점명">
          <kml:value>관악두산점</kml:value>
        </kml:Data>
        <kml:Data name="전화번">
          <kml:value>02-882-8812</kml:value>
        </kml:Data>
        <kml:Data name="주소">
          <kml:value>서울특별시 관악구 은천로 86, (봉천동) 두산아파트</kml:value>
        </kml:Data>
        <kml:Data name="매칭여">
          <kml:value>Y</kml:value>
        </kml:Data>
        <kml:Data name="최신주">
          <kml:value>서울특별시 관악구 봉천동 1708-1</kml:value>
        </kml:Data>
        <kml:Data name="x">
          <kml:value>126.94524993</kml:value>
        </kml:Data>
        <kml:Data name="y">
          <kml:value>37.48609403</kml:value>
        </kml:Data>
      </kml:ExtendedData>
      <kml:Point>
        <kml:coordinates>126.94524992901393,37.48609403409952</kml:coordinates>
      </kml:Point>
    </kml:Placemark>
    <kml:Placemark id="fid-60e2cf02_19f3a43cf86_-58f8">
      <kml:ExtendedData>
        <kml:Data name="fid">
          <kml:value>19</kml:value>
        </kml:Data>
        <kml:Data name="가맹사">
          <kml:value>CU</kml:value>
        </kml:Data>
        <kml:Data name="지점명">
          <kml:value>관악드림점</kml:value>
        </kml:Data>
        <kml:Data name="전화번">
          <kml:value>02-883-4987</kml:value>
        </kml:Data>
        <kml:Data name="주소">
          <kml:value>서울특별시 관악구 성현로 80, 주상가(봉천동, 관악드림타운)</kml:value>
        </kml:Data>
        <kml:Data name="매칭여">
          <kml:value>Y</kml:value>
        </kml:Data>
        <kml:Data name="최신주">
          <kml:value>서울특별시 관악구 봉천동 1712</kml:value>
        </kml:Data>
        <kml:Data name="x">
          <kml:value>126.95067892</kml:value>
        </kml:Data>
        <kml:Data name="y">
          <kml:value>37.48973809</kml:value>
        </kml:Data>
      </kml:ExtendedData>
      <kml:Point>
        <kml:coordinates>126.95067891564915,37.48973808550873</kml:coordinates>
      </kml:Point>
    </kml:Placemark>
    <kml:Placemark id="fid-60e2cf02_19f3a43cf86_-58f7">
      <kml:ExtendedData>
        <kml:Data name="fid">
          <kml:value>20</kml:value>
        </kml:Data>
        <kml:Data name="가맹사">
          <kml:value>CU</kml:value>
        </kml:Data>
        <kml:Data name="지점명">
          <kml:value>관악딸부자점</kml:value>
        </kml:Data>
        <kml:Data name="전화번">
          <kml:value>02-877-9161</kml:value>
        </kml:Data>
        <kml:Data name="주소">
          <kml:value>서울특별시 관악구 행운1길 117, (봉천동)</kml:value>
        </kml:Data>
        <kml:Data name="매칭여">
          <kml:value>Y</kml:value>
        </kml:Data>
        <kml:Data name="최신주">
          <kml:value>서울특별시 관악구 봉천동 30-4</kml:value>
        </kml:Data>
        <kml:Data name="x">
          <kml:value>126.95600633</kml:value>
        </kml:Data>
        <kml:Data name="y">
          <kml:value>37.48375657</kml:value>
        </kml:Data>
      </kml:ExtendedData>
      <kml:Point>
        <kml:coordinates>126.95600632928245,37.48375656860423</kml:coordinates>
      </kml:Point>
    </kml:Placemark>
    <kml:Placemark id="fid-60e2cf02_19f3a43cf86_-58f6">
      <kml:ExtendedData>
        <kml:Data name="fid">
          <kml:value>21</kml:value>
        </kml:Data>
        <kml:Data name="가맹사">
          <kml:value>CU</kml:value>
        </kml:Data>
        <kml:Data name="지점명">
          <kml:value>관악롯데점</kml:value>
        </kml:Data>
        <kml:Data name="전화번">
          <kml:value>02-876-5626</kml:value>
        </kml:Data>
        <kml:Data name="주소">
          <kml:value>서울특별시 관악구 봉천로 217, (봉천동)</kml:value>
        </kml:Data>
        <kml:Data name="매칭여">
          <kml:value>Y</kml:value>
        </kml:Data>
        <kml:Data name="최신주">
          <kml:value>서울특별시 관악구 봉천동 972-26</kml:value>
        </kml:Data>
        <kml:Data name="x">
          <kml:value>126.92584406</kml:value>
        </kml:Data>
        <kml:Data name="y">
          <kml:value>37.49018522</kml:value>
        </kml:Data>
      </kml:ExtendedData>
      <kml:Point>
        <kml:coordinates>126.92584405979305,37.490185222333345</kml:coordinates>
      </kml:Point>
    </kml:Placemark>
    <kml:Placemark id="fid-60e2cf02_19f3a43cf86_-58f5">
      <kml:ExtendedData>
        <kml:Data name="fid">
          <kml:value>22</kml:value>
        </kml:Data>
        <kml:Data name="가맹사">
          <kml:value>CU</kml:value>
        </kml:Data>
        <kml:Data name="지점명">
          <kml:value>관악리베로점</kml:value>
        </kml:Data>
        <kml:Data name="전화번">
          <kml:value>02-882-9718</kml:value>
        </kml:Data>
        <kml:Data name="주소">
          <kml:value>서울특별시 관악구 신림동길 38, (신림동)</kml:value>
        </kml:Data>
        <kml:Data name="매칭여">
          <kml:value>Y</kml:value>
        </kml:Data>
        <kml:Data name="최신주">
          <kml:value>서울특별시 관악구 신림동 1457-10</kml:value>
        </kml:Data>
        <kml:Data name="x">
          <kml:value>126.92442966</kml:value>
        </kml:Data>
        <kml:Data name="y">
          <kml:value>37.48690286</kml:value>
        </kml:Data>
      </kml:ExtendedData>
      <kml:Point>
        <kml:coordinates>126.92442966288984,37.48690285794186</kml:coordinates>
      </kml:Point>
    </kml:Placemark>
    <kml:Placemark id="fid-60e2cf02_19f3a43cf86_-58f4">
      <kml:ExtendedData>
        <kml:Data name="fid">
          <kml:value>23</kml:value>
        </kml:Data>
        <kml:Data name="가맹사">
          <kml:value>CU</kml:value>
        </kml:Data>
        <kml:Data name="지점명">
          <kml:value>관악마에스트로점</kml:value>
        </kml:Data>
        <kml:Data name="전화번">
          <kml:value>02-883-7422</kml:value>
        </kml:Data>
        <kml:Data name="주소">
          <kml:value>서울특별시 관악구 남부순환로 1773 (봉천동)</kml:value>
        </kml:Data>
        <kml:Data name="매칭여">
          <kml:value>Y</kml:value>
        </kml:Data>
        <kml:Data name="최신주">
          <kml:value>서울특별시 관악구 봉천동 893-12</kml:value>
        </kml:Data>
        <kml:Data name="x">
          <kml:value>126.94737439</kml:value>
        </kml:Data>
        <kml:Data name="y">
          <kml:value>37.4822272</kml:value>
        </kml:Data>
      </kml:ExtendedData>
      <kml:Point>
        <kml:coordinates>126.94737439021402,37.48222720177198</kml:coordinates>
      </kml:Point>
    </kml:Placemark>
    <kml:Placemark id="fid-60e2cf02_19f3a43cf86_-58f3">
      <kml:ExtendedData>
        <kml:Data name="fid">
          <kml:value>24</kml:value>
        </kml:Data>
        <kml:Data name="가맹사">
          <kml:value>CU</kml:value>
        </kml:Data>
        <kml:Data name="지점명">
          <kml:value>관악무지개점</kml:value>
        </kml:Data>
        <kml:Data name="전화번">
          <kml:value>02-872-3337</kml:value>
        </kml:Data>
        <kml:Data name="주소">
          <kml:value>서울특별시 관악구 관악로12길 48, (봉천동)</kml:value>
        </kml:Data>
        <kml:Data name="매칭여">
          <kml:value>Y</kml:value>
        </kml:Data>
        <kml:Data name="최신주">
          <kml:value>서울특별시 관악구 봉천동 1609-4</kml:value>
        </kml:Data>
        <kml:Data name="x">
          <kml:value>126.95504832</kml:value>
        </kml:Data>
        <kml:Data name="y">
          <kml:value>37.47768426</kml:value>
        </kml:Data>
      </kml:ExtendedData>
      <kml:Point>
        <kml:coordinates>126.95504831649095,37.47768426059092</kml:coordinates>
      </kml:Point>
    </kml:Placemark>
    <kml:Placemark id="fid-60e2cf02_19f3a43cf86_-58f2">
      <kml:ExtendedData>
        <kml:Data name="fid">
          <kml:value>25</kml:value>
        </kml:Data>
        <kml:Data name="가맹사">
          <kml:value>CU</kml:value>
        </kml:Data>
        <kml:Data name="지점명">
          <kml:value>관악문주점</kml:value>
        </kml:Data>
        <kml:Data name="전화번">
          <kml:value>02-6421-5435</kml:value>
        </kml:Data>
        <kml:Data name="주소">
          <kml:value>서울특별시 관악구 봉천로13길 38</kml:value>
        </kml:Data>
        <kml:Data name="매칭여">
          <kml:value>Y</kml:value>
        </kml:Data>
        <kml:Data name="최신주">
          <kml:value>서울특별시 관악구 봉천동 674-18</kml:value>
        </kml:Data>
        <kml:Data name="x">
          <kml:value>126.93111173</kml:value>
        </kml:Data>
        <kml:Data name="y">
          <kml:value>37.49008243</kml:value>
        </kml:Data>
      </kml:ExtendedData>
      <kml:Point>
        <kml:coordinates>126.9311117279152,37.49008242758695</kml:coordinates>
      </kml:Point>
    </kml:Placemark>
    <kml:Placemark id="fid-60e2cf02_19f3a43cf86_-58f1">
      <kml:ExtendedData>
        <kml:Data name="fid">
          <kml:value>26</kml:value>
        </kml:Data>
        <kml:Data name="가맹사">
          <kml:value>CU</kml:value>
        </kml:Data>
        <kml:Data name="지점명">
          <kml:value>관악문화점</kml:value>
        </kml:Data>
        <kml:Data name="전화번">
          <kml:value>02-873-7873</kml:value>
        </kml:Data>
        <kml:Data name="주소">
          <kml:value>서울특별시 관악구 신림동2길 7-10, (신림동)</kml:value>
        </kml:Data>
        <kml:Data name="매칭여">
          <kml:value>Y</kml:value>
        </kml:Data>
        <kml:Data name="최신주">
          <kml:value>서울특별시 관악구 신림동 1430-37</kml:value>
        </kml:Data>
        <kml:Data name="x">
          <kml:value>126.92732117</kml:value>
        </kml:Data>
        <kml:Data name="y">
          <kml:value>37.48783647</kml:value>
        </kml:Data>
      </kml:ExtendedData>
      <kml:Point>
        <kml:coordinates>126.92732116774076,37.48783647366355</kml:coordinates>
      </kml:Point>
    </kml:Placemark>
    <kml:Placemark id="fid-60e2cf02_19f3a43cf86_-58f0">
      <kml:ExtendedData>
        <kml:Data name="fid">
          <kml:value>27</kml:value>
        </kml:Data>
        <kml:Data name="가맹사">
          <kml:value>CU</kml:value>
        </kml:Data>
        <kml:Data name="지점명">
          <kml:value>관악미림점</kml:value>
        </kml:Data>
        <kml:Data name="전화번">
          <kml:value>02-883-1032</kml:value>
        </kml:Data>
        <kml:Data name="주소">
          <kml:value>서울특별시 관악구 호암로20길 1, (신림동)</kml:value>
        </kml:Data>
        <kml:Data name="매칭여">
          <kml:value>Y</kml:value>
        </kml:Data>
        <kml:Data name="최신주">
          <kml:value>서울특별시 관악구 신림동 1559-20</kml:value>
        </kml:Data>
        <kml:Data name="x">
          <kml:value>126.93217292</kml:value>
        </kml:Data>
        <kml:Data name="y">
          <kml:value>37.46779991</kml:value>
        </kml:Data>
      </kml:ExtendedData>
      <kml:Point>
        <kml:coordinates>126.93217292073024,37.46779990695142</kml:coordinates>
      </kml:Point>
    </kml:Placemark>
    <kml:Placemark id="fid-60e2cf02_19f3a43cf86_-58ef">
      <kml:ExtendedData>
        <kml:Data name="fid">
          <kml:value>28</kml:value>
        </kml:Data>
        <kml:Data name="가맹사">
          <kml:value>CU</kml:value>
        </kml:Data>
        <kml:Data name="지점명">
          <kml:value>관악미성점</kml:value>
        </kml:Data>
        <kml:Data name="전화번">
          <kml:value>02-858-3693</kml:value>
        </kml:Data>
        <kml:Data name="주소">
          <kml:value>서울특별시 관악구 난곡로 302, (신림동)</kml:value>
        </kml:Data>
        <kml:Data name="매칭여">
          <kml:value>Y</kml:value>
        </kml:Data>
        <kml:Data name="최신주">
          <kml:value>서울특별시 관악구 신림동 1568-1</kml:value>
        </kml:Data>
        <kml:Data name="x">
          <kml:value>126.91490977</kml:value>
        </kml:Data>
        <kml:Data name="y">
          <kml:value>37.48101956</kml:value>
        </kml:Data>
      </kml:ExtendedData>
      <kml:Point>
        <kml:coordinates>126.91490976998541,37.48101955934167</kml:coordinates>
      </kml:Point>
    </kml:Placemark>
    <kml:Placemark id="fid-60e2cf02_19f3a43cf86_-58ee">
      <kml:ExtendedData>
        <kml:Data name="fid">
          <kml:value>29</kml:value>
        </kml:Data>
        <kml:Data name="가맹사">
          <kml:value>CU</kml:value>
        </kml:Data>
        <kml:Data name="지점명">
          <kml:value>관악보라매점</kml:value>
        </kml:Data>
        <kml:Data name="전화번">
          <kml:value>02-875-0949</kml:value>
        </kml:Data>
        <kml:Data name="주소">
          <kml:value>서울특별시 관악구 봉천로 307, (봉천동)</kml:value>
        </kml:Data>
        <kml:Data name="매칭여">
          <kml:value>Y</kml:value>
        </kml:Data>
        <kml:Data name="최신주">
          <kml:value>서울특별시 관악구 봉천동 967-3</kml:value>
        </kml:Data>
        <kml:Data name="x">
          <kml:value>126.935008</kml:value>
        </kml:Data>
        <kml:Data name="y">
          <kml:value>37.48674214</kml:value>
        </kml:Data>
      </kml:ExtendedData>
      <kml:Point>
        <kml:coordinates>126.93500799456817,37.48674213704391</kml:coordinates>
      </kml:Point>
    </kml:Placemark>
    <kml:Placemark id="fid-60e2cf02_19f3a43cf86_-58ed">
      <kml:ExtendedData>
        <kml:Data name="fid">
          <kml:value>30</kml:value>
        </kml:Data>
        <kml:Data name="가맹사">
          <kml:value>CU</kml:value>
        </kml:Data>
        <kml:Data name="지점명">
          <kml:value>관악봉천점</kml:value>
        </kml:Data>
        <kml:Data name="전화번">
          <kml:value>02-888-3239</kml:value>
        </kml:Data>
        <kml:Data name="주소">
          <kml:value>서울특별시 관악구 봉천로31길 35, (봉천동) 1층</kml:value>
        </kml:Data>
        <kml:Data name="매칭여">
          <kml:value>Y</kml:value>
        </kml:Data>
        <kml:Data name="최신주">
          <kml:value>서울특별시 관악구 봉천동 933-34</kml:value>
        </kml:Data>
        <kml:Data name="x">
          <kml:value>126.94018571</kml:value>
        </kml:Data>
        <kml:Data name="y">
          <kml:value>37.48464151</kml:value>
        </kml:Data>
      </kml:ExtendedData>
      <kml:Point>
        <kml:coordinates>126.94018571253858,37.48464150515112</kml:coordinates>
      </kml:Point>
    </kml:Placemark>
    <kml:Placemark id="fid-60e2cf02_19f3a43cf86_-58ec">
      <kml:ExtendedData>
        <kml:Data name="fid">
          <kml:value>31</kml:value>
        </kml:Data>
        <kml:Data name="가맹사">
          <kml:value>CU</kml:value>
        </kml:Data>
        <kml:Data name="지점명">
          <kml:value>관악브라운점</kml:value>
        </kml:Data>
        <kml:Data name="전화번">
          <kml:value>02-887-3831</kml:value>
        </kml:Data>
        <kml:Data name="주소">
          <kml:value>서울특별시 관악구 관악로29길 6-14, (봉천동) 1층</kml:value>
        </kml:Data>
        <kml:Data name="매칭여">
          <kml:value>Y</kml:value>
        </kml:Data>
        <kml:Data name="최신주">
          <kml:value>서울특별시 관악구 봉천동 7-74</kml:value>
        </kml:Data>
        <kml:Data name="x">
          <kml:value>126.95686017</kml:value>
        </kml:Data>
        <kml:Data name="y">
          <kml:value>37.48704329</kml:value>
        </kml:Data>
      </kml:ExtendedData>
      <kml:Point>
        <kml:coordinates>126.95686016833871,37.48704328506131</kml:coordinates>
      </kml:Point>
    </kml:Placemark>
    <kml:Placemark id="fid-60e2cf02_19f3a43cf86_-58eb">
      <kml:ExtendedData>
        <kml:Data name="fid">
          <kml:value>32</kml:value>
        </kml:Data>
        <kml:Data name="가맹사">
          <kml:value>CU</kml:value>
        </kml:Data>
        <kml:Data name="지점명">
          <kml:value>관악블루점</kml:value>
        </kml:Data>
        <kml:Data name="전화번">
          <kml:value>02-871-6706</kml:value>
        </kml:Data>
        <kml:Data name="주소">
          <kml:value>서울특별시 관악구 남부순환로214길 46, (봉천동)</kml:value>
        </kml:Data>
        <kml:Data name="매칭여">
          <kml:value>Y</kml:value>
        </kml:Data>
        <kml:Data name="최신주">
          <kml:value>서울특별시 관악구 봉천동 898-1</kml:value>
        </kml:Data>
        <kml:Data name="x">
          <kml:value>126.94728614</kml:value>
        </kml:Data>
        <kml:Data name="y">
          <kml:value>37.47965689</kml:value>
        </kml:Data>
      </kml:ExtendedData>
      <kml:Point>
        <kml:coordinates>126.94728614360886,37.47965688937046</kml:coordinates>
      </kml:Point>
    </kml:Placemark>
    <kml:Placemark id="fid-60e2cf02_19f3a43cf86_-58ea">
      <kml:ExtendedData>
        <kml:Data name="fid">
          <kml:value>33</kml:value>
        </kml:Data>
        <kml:Data name="가맹사">
          <kml:value>CU</kml:value>
        </kml:Data>
        <kml:Data name="지점명">
          <kml:value>관악사랑점</kml:value>
        </kml:Data>
        <kml:Data name="전화번">
          <kml:value>02-877-6433</kml:value>
        </kml:Data>
        <kml:Data name="주소">
          <kml:value>서울특별시 관악구 대학길 52, (신림동)</kml:value>
        </kml:Data>
        <kml:Data name="매칭여">
          <kml:value>Y</kml:value>
        </kml:Data>
        <kml:Data name="최신주">
          <kml:value>서울특별시 관악구 신림동 247-2</kml:value>
        </kml:Data>
        <kml:Data name="x">
          <kml:value>126.93745181</kml:value>
        </kml:Data>
        <kml:Data name="y">
          <kml:value>37.46829373</kml:value>
        </kml:Data>
      </kml:ExtendedData>
      <kml:Point>
        <kml:coordinates>126.93745180801011,37.468293727625856</kml:coordinates>
      </kml:Point>
    </kml:Placemark>
    <kml:Placemark id="fid-60e2cf02_19f3a43cf86_-58e9">
      <kml:ExtendedData>
        <kml:Data name="fid">
          <kml:value>34</kml:value>
        </kml:Data>
        <kml:Data name="가맹사">
          <kml:value>CU</kml:value>
        </kml:Data>
        <kml:Data name="지점명">
          <kml:value>관악산점</kml:value>
        </kml:Data>
        <kml:Data name="전화번">
          <kml:value>02-883-7989</kml:value>
        </kml:Data>
        <kml:Data name="주소">
          <kml:value>서울특별시 관악구 신림로3가길 2, (신림동)</kml:value>
        </kml:Data>
        <kml:Data name="매칭여">
          <kml:value>Y</kml:value>
        </kml:Data>
        <kml:Data name="최신주">
          <kml:value>서울특별시 관악구 신림동 218-1</kml:value>
        </kml:Data>
        <kml:Data name="x">
          <kml:value>126.94447051</kml:value>
        </kml:Data>
        <kml:Data name="y">
          <kml:value>37.46872729</kml:value>
        </kml:Data>
      </kml:ExtendedData>
      <kml:Point>
        <kml:coordinates>126.94447050748089,37.46872728587725</kml:coordinates>
      </kml:Point>
    </kml:Placemark>
    <kml:Placemark id="fid-60e2cf02_19f3a43cf86_-58e8">
      <kml:ExtendedData>
        <kml:Data name="fid">
          <kml:value>35</kml:value>
        </kml:Data>
        <kml:Data name="가맹사">
          <kml:value>CU</kml:value>
        </kml:Data>
        <kml:Data name="지점명">
          <kml:value>관악삼성점</kml:value>
        </kml:Data>
        <kml:Data name="전화번">
          <kml:value>070-4114-2144</kml:value>
        </kml:Data>
        <kml:Data name="주소">
          <kml:value>서울특별시 관악구 원신길 142, (신림동)</kml:value>
        </kml:Data>
        <kml:Data name="매칭여">
          <kml:value>Y</kml:value>
        </kml:Data>
        <kml:Data name="최신주">
          <kml:value>서울특별시 관악구 신림동 341-45</kml:value>
        </kml:Data>
        <kml:Data name="x">
          <kml:value>126.93001344</kml:value>
        </kml:Data>
        <kml:Data name="y">
          <kml:value>37.46680181</kml:value>
        </kml:Data>
      </kml:ExtendedData>
      <kml:Point>
        <kml:coordinates>126.93001344065874,37.46680180522936</kml:coordinates>
      </kml:Point>
    </kml:Placemark>
    <kml:Placemark id="fid-60e2cf02_19f3a43cf86_-58e7">
      <kml:ExtendedData>
        <kml:Data name="fid">
          <kml:value>36</kml:value>
        </kml:Data>
        <kml:Data name="가맹사">
          <kml:value>CU</kml:value>
        </kml:Data>
        <kml:Data name="지점명">
          <kml:value>관악샛별점</kml:value>
        </kml:Data>
        <kml:Data name="전화번">
          <kml:value>02-830-6288</kml:value>
        </kml:Data>
        <kml:Data name="주소">
          <kml:value>서울특별시 관악구 조원로 87, (신림동) 동명없음동</kml:value>
        </kml:Data>
        <kml:Data name="매칭여">
          <kml:value>Y</kml:value>
        </kml:Data>
        <kml:Data name="최신주">
          <kml:value>서울특별시 관악구 신림동 533-26</kml:value>
        </kml:Data>
        <kml:Data name="x">
          <kml:value>126.91194624</kml:value>
        </kml:Data>
        <kml:Data name="y">
          <kml:value>37.48460294</kml:value>
        </kml:Data>
      </kml:ExtendedData>
      <kml:Point>
        <kml:coordinates>126.91194624355813,37.484602939456146</kml:coordinates>
      </kml:Point>
    </kml:Placemark>
    <kml:Placemark id="fid-60e2cf02_19f3a43cf86_-58e6">
      <kml:ExtendedData>
        <kml:Data name="fid">
          <kml:value>37</kml:value>
        </kml:Data>
        <kml:Data name="가맹사">
          <kml:value>CU</kml:value>
        </kml:Data>
        <kml:Data name="지점명">
          <kml:value>관악서림점</kml:value>
        </kml:Data>
        <kml:Data name="전화번">
          <kml:value>02-871-5121</kml:value>
        </kml:Data>
        <kml:Data name="주소">
          <kml:value>서울특별시 관악구 서림3길 32, (신림동)</kml:value>
        </kml:Data>
        <kml:Data name="매칭여">
          <kml:value>Y</kml:value>
        </kml:Data>
        <kml:Data name="최신주">
          <kml:value>서울특별시 관악구 신림동 103-91</kml:value>
        </kml:Data>
        <kml:Data name="x">
          <kml:value>126.94001533</kml:value>
        </kml:Data>
        <kml:Data name="y">
          <kml:value>37.4728178</kml:value>
        </kml:Data>
      </kml:ExtendedData>
      <kml:Point>
        <kml:coordinates>126.94001532759206,37.472817796062145</kml:coordinates>
      </kml:Point>
    </kml:Placemark>
    <kml:Placemark id="fid-60e2cf02_19f3a43cf86_-58e5">
      <kml:ExtendedData>
        <kml:Data name="fid">
          <kml:value>293</kml:value>
        </kml:Data>
        <kml:Data name="가맹사">
          <kml:value>7-ELEVEN</kml:value>
        </kml:Data>
        <kml:Data name="지점명">
          <kml:value>관악웰피아점</kml:value>
        </kml:Data>
        <kml:Data name="전화번">
          <kml:value>-</kml:value>
        </kml:Data>
        <kml:Data name="주소">
          <kml:value>서울특별시 관악구 봉천로4길 48</kml:value>
        </kml:Data>
        <kml:Data name="매칭여">
          <kml:value>Y</kml:value>
        </kml:Data>
        <kml:Data name="최신주">
          <kml:value>서울특별시 관악구 신림동 1456-1</kml:value>
        </kml:Data>
        <kml:Data name="x">
          <kml:value>126.92423838</kml:value>
        </kml:Data>
        <kml:Data name="y">
          <kml:value>37.48765272</kml:value>
        </kml:Data>
      </kml:ExtendedData>
      <kml:Point>
        <kml:coordinates>126.9242383806677,37.48765271906675</kml:coordinates>
      </kml:Point>
    </kml:Placemark>
    <kml:Placemark id="fid-60e2cf02_19f3a43cf86_-58e4">
      <kml:ExtendedData>
        <kml:Data name="fid">
          <kml:value>38</kml:value>
        </kml:Data>
        <kml:Data name="가맹사">
          <kml:value>CU</kml:value>
        </kml:Data>
        <kml:Data name="지점명">
          <kml:value>관악서원점</kml:value>
        </kml:Data>
        <kml:Data name="전화번">
          <kml:value>010-8728-4363</kml:value>
        </kml:Data>
        <kml:Data name="주소">
          <kml:value>서울특별시 관악구 신림로 274, (신림동)</kml:value>
        </kml:Data>
        <kml:Data name="매칭여">
          <kml:value>Y</kml:value>
        </kml:Data>
        <kml:Data name="최신주">
          <kml:value>서울특별시 관악구 신림동 1641-82</kml:value>
        </kml:Data>
        <kml:Data name="x">
          <kml:value>126.93182499</kml:value>
        </kml:Data>
        <kml:Data name="y">
          <kml:value>37.47928797</kml:value>
        </kml:Data>
      </kml:ExtendedData>
      <kml:Point>
        <kml:coordinates>126.93182499150925,37.4792879654016</kml:coordinates>
      </kml:Point>
    </kml:Placemark>
    <kml:Placemark id="fid-60e2cf02_19f3a43cf86_-58e3">
      <kml:ExtendedData>
        <kml:Data name="fid">
          <kml:value>39</kml:value>
        </kml:Data>
        <kml:Data name="가맹사">
          <kml:value>CU</kml:value>
        </kml:Data>
        <kml:Data name="지점명">
          <kml:value>관악성진점</kml:value>
        </kml:Data>
        <kml:Data name="전화번">
          <kml:value>02-854-9007</kml:value>
        </kml:Data>
        <kml:Data name="주소">
          <kml:value>서울특별시 관악구 조원중앙로1길 54</kml:value>
        </kml:Data>
        <kml:Data name="매칭여">
          <kml:value>Y</kml:value>
        </kml:Data>
        <kml:Data name="최신주">
          <kml:value>서울특별시 관악구 신림동 1664-14</kml:value>
        </kml:Data>
        <kml:Data name="x">
          <kml:value>126.9016149</kml:value>
        </kml:Data>
        <kml:Data name="y">
          <kml:value>37.48024199</kml:value>
        </kml:Data>
      </kml:ExtendedData>
      <kml:Point>
        <kml:coordinates>126.90161490175286,37.48024199184985</kml:coordinates>
      </kml:Point>
    </kml:Placemark>
    <kml:Placemark id="fid-60e2cf02_19f3a43cf86_-58e2">
      <kml:ExtendedData>
        <kml:Data name="fid">
          <kml:value>40</kml:value>
        </kml:Data>
        <kml:Data name="가맹사">
          <kml:value>CU</kml:value>
        </kml:Data>
        <kml:Data name="지점명">
          <kml:value>관악센트럴점</kml:value>
        </kml:Data>
        <kml:Data name="전화번">
          <kml:value>02-878-3740</kml:value>
        </kml:Data>
        <kml:Data name="주소">
          <kml:value>서울특별시 관악구 서원길 7, (신림동)</kml:value>
        </kml:Data>
        <kml:Data name="매칭여">
          <kml:value>Y</kml:value>
        </kml:Data>
        <kml:Data name="최신주">
          <kml:value>서울특별시 관악구 신림동 409-92</kml:value>
        </kml:Data>
        <kml:Data name="x">
          <kml:value>126.93295729</kml:value>
        </kml:Data>
        <kml:Data name="y">
          <kml:value>37.47739031</kml:value>
        </kml:Data>
      </kml:ExtendedData>
      <kml:Point>
        <kml:coordinates>126.93295728533154,37.47739031199955</kml:coordinates>
      </kml:Point>
    </kml:Placemark>
    <kml:Placemark id="fid-60e2cf02_19f3a43cf86_-58e1">
      <kml:ExtendedData>
        <kml:Data name="fid">
          <kml:value>41</kml:value>
        </kml:Data>
        <kml:Data name="가맹사">
          <kml:value>CU</kml:value>
        </kml:Data>
        <kml:Data name="지점명">
          <kml:value>관악소망점</kml:value>
        </kml:Data>
        <kml:Data name="전화번">
          <kml:value>-</kml:value>
        </kml:Data>
        <kml:Data name="주소">
          <kml:value>서울특별시 관악구 쑥고개로 11</kml:value>
        </kml:Data>
        <kml:Data name="매칭여">
          <kml:value>Y</kml:value>
        </kml:Data>
        <kml:Data name="최신주">
          <kml:value>서울특별시 관악구 신림동 94-289</kml:value>
        </kml:Data>
        <kml:Data name="x">
          <kml:value>126.93851748</kml:value>
        </kml:Data>
        <kml:Data name="y">
          <kml:value>37.47766265</kml:value>
        </kml:Data>
      </kml:ExtendedData>
      <kml:Point>
        <kml:coordinates>126.93851747993209,37.477662648655595</kml:coordinates>
      </kml:Point>
    </kml:Placemark>
    <kml:Placemark id="fid-60e2cf02_19f3a43cf86_-58e0">
      <kml:ExtendedData>
        <kml:Data name="fid">
          <kml:value>42</kml:value>
        </kml:Data>
        <kml:Data name="가맹사">
          <kml:value>CU</kml:value>
        </kml:Data>
        <kml:Data name="지점명">
          <kml:value>관악스마일점</kml:value>
        </kml:Data>
        <kml:Data name="전화번">
          <kml:value>02-863-9937</kml:value>
        </kml:Data>
        <kml:Data name="주소">
          <kml:value>서울특별시 관악구 법원단지길 149, (신림동, 대원파크맨션)</kml:value>
        </kml:Data>
        <kml:Data name="매칭여">
          <kml:value>Y</kml:value>
        </kml:Data>
        <kml:Data name="최신주">
          <kml:value>서울특별시 관악구 신림동 610-319</kml:value>
        </kml:Data>
        <kml:Data name="x">
          <kml:value>126.92478578</kml:value>
        </kml:Data>
        <kml:Data name="y">
          <kml:value>37.4761688</kml:value>
        </kml:Data>
      </kml:ExtendedData>
      <kml:Point>
        <kml:coordinates>126.92478577694718,37.476168798564636</kml:coordinates>
      </kml:Point>
    </kml:Placemark>
    <kml:Placemark id="fid-60e2cf02_19f3a43cf86_-58df">
      <kml:ExtendedData>
        <kml:Data name="fid">
          <kml:value>43</kml:value>
        </kml:Data>
        <kml:Data name="가맹사">
          <kml:value>CU</kml:value>
        </kml:Data>
        <kml:Data name="지점명">
          <kml:value>관악스위트점</kml:value>
        </kml:Data>
        <kml:Data name="전화번">
          <kml:value>02-886-1117</kml:value>
        </kml:Data>
        <kml:Data name="주소">
          <kml:value>서울특별시 관악구 봉천로14길 17, (신림동, 도안스위트빌)</kml:value>
        </kml:Data>
        <kml:Data name="매칭여">
          <kml:value>Y</kml:value>
        </kml:Data>
        <kml:Data name="최신주">
          <kml:value>서울특별시 관악구 신림동 1417-43</kml:value>
        </kml:Data>
        <kml:Data name="x">
          <kml:value>126.93043205</kml:value>
        </kml:Data>
        <kml:Data name="y">
          <kml:value>37.48749294</kml:value>
        </kml:Data>
      </kml:ExtendedData>
      <kml:Point>
        <kml:coordinates>126.9304320450037,37.4874929441424</kml:coordinates>
      </kml:Point>
    </kml:Placemark>
    <kml:Placemark id="fid-60e2cf02_19f3a43cf86_-58de">
      <kml:ExtendedData>
        <kml:Data name="fid">
          <kml:value>44</kml:value>
        </kml:Data>
        <kml:Data name="가맹사">
          <kml:value>CU</kml:value>
        </kml:Data>
        <kml:Data name="지점명">
          <kml:value>관악승리점</kml:value>
        </kml:Data>
        <kml:Data name="전화번">
          <kml:value>02-884-5076</kml:value>
        </kml:Data>
        <kml:Data name="주소">
          <kml:value>서울특별시 관악구 관천로 73-1</kml:value>
        </kml:Data>
        <kml:Data name="매칭여">
          <kml:value>Y</kml:value>
        </kml:Data>
        <kml:Data name="최신주">
          <kml:value>서울특별시 관악구 신림동 1465-4</kml:value>
        </kml:Data>
        <kml:Data name="x">
          <kml:value>126.92395665</kml:value>
        </kml:Data>
        <kml:Data name="y">
          <kml:value>37.48520446</kml:value>
        </kml:Data>
      </kml:ExtendedData>
      <kml:Point>
        <kml:coordinates>126.92395664818432,37.4852044597076</kml:coordinates>
      </kml:Point>
    </kml:Placemark>
    <kml:Placemark id="fid-60e2cf02_19f3a43cf86_-58dd">
      <kml:ExtendedData>
        <kml:Data name="fid">
          <kml:value>45</kml:value>
        </kml:Data>
        <kml:Data name="가맹사">
          <kml:value>CU</kml:value>
        </kml:Data>
        <kml:Data name="지점명">
          <kml:value>관악신도점</kml:value>
        </kml:Data>
        <kml:Data name="전화번">
          <kml:value>02-839-2050</kml:value>
        </kml:Data>
        <kml:Data name="주소">
          <kml:value>서울특별시 관악구 조원로 58, (신림동)</kml:value>
        </kml:Data>
        <kml:Data name="매칭여">
          <kml:value>Y</kml:value>
        </kml:Data>
        <kml:Data name="최신주">
          <kml:value>서울특별시 관악구 신림동 561-5</kml:value>
        </kml:Data>
        <kml:Data name="x">
          <kml:value>126.90889849</kml:value>
        </kml:Data>
        <kml:Data name="y">
          <kml:value>37.48351994</kml:value>
        </kml:Data>
      </kml:ExtendedData>
      <kml:Point>
        <kml:coordinates>126.9088984852396,37.4835199386963</kml:coordinates>
      </kml:Point>
    </kml:Placemark>
    <kml:Placemark id="fid-60e2cf02_19f3a43cf86_-58dc">
      <kml:ExtendedData>
        <kml:Data name="fid">
          <kml:value>46</kml:value>
        </kml:Data>
        <kml:Data name="가맹사">
          <kml:value>CU</kml:value>
        </kml:Data>
        <kml:Data name="지점명">
          <kml:value>관악신림로점</kml:value>
        </kml:Data>
        <kml:Data name="전화번">
          <kml:value>02-877-1356</kml:value>
        </kml:Data>
        <kml:Data name="주소">
          <kml:value>서울특별시 관악구 신림로 356, (신림동) 1층 3호</kml:value>
        </kml:Data>
        <kml:Data name="매칭여">
          <kml:value>Y</kml:value>
        </kml:Data>
        <kml:Data name="최신주">
          <kml:value>서울특별시 관악구 신림동 1424-11</kml:value>
        </kml:Data>
        <kml:Data name="x">
          <kml:value>126.92973843</kml:value>
        </kml:Data>
        <kml:Data name="y">
          <kml:value>37.48612604</kml:value>
        </kml:Data>
      </kml:ExtendedData>
      <kml:Point>
        <kml:coordinates>126.92973843084455,37.4861260406794</kml:coordinates>
      </kml:Point>
    </kml:Placemark>
    <kml:Placemark id="fid-60e2cf02_19f3a43cf86_-58db">
      <kml:ExtendedData>
        <kml:Data name="fid">
          <kml:value>47</kml:value>
        </kml:Data>
        <kml:Data name="가맹사">
          <kml:value>CU</kml:value>
        </kml:Data>
        <kml:Data name="지점명">
          <kml:value>관악신사로점</kml:value>
        </kml:Data>
        <kml:Data name="전화번">
          <kml:value>02-865-9811</kml:value>
        </kml:Data>
        <kml:Data name="주소">
          <kml:value>서울특별시 관악구 신사로 136, (신림동) 1층</kml:value>
        </kml:Data>
        <kml:Data name="매칭여">
          <kml:value>Y</kml:value>
        </kml:Data>
        <kml:Data name="최신주">
          <kml:value>서울특별시 관악구 신림동 497-1</kml:value>
        </kml:Data>
        <kml:Data name="x">
          <kml:value>126.91690317</kml:value>
        </kml:Data>
        <kml:Data name="y">
          <kml:value>37.48891771</kml:value>
        </kml:Data>
      </kml:ExtendedData>
      <kml:Point>
        <kml:coordinates>126.91690316535313,37.48891770568247</kml:coordinates>
      </kml:Point>
    </kml:Placemark>
    <kml:Placemark id="fid-60e2cf02_19f3a43cf86_-58da">
      <kml:ExtendedData>
        <kml:Data name="fid">
          <kml:value>48</kml:value>
        </kml:Data>
        <kml:Data name="가맹사">
          <kml:value>CU</kml:value>
        </kml:Data>
        <kml:Data name="지점명">
          <kml:value>관악신사점</kml:value>
        </kml:Data>
        <kml:Data name="전화번">
          <kml:value>02-6398-8915</kml:value>
        </kml:Data>
        <kml:Data name="주소">
          <kml:value>서울특별시 관악구 관천로11길 160, (신림동)</kml:value>
        </kml:Data>
        <kml:Data name="매칭여">
          <kml:value>Y</kml:value>
        </kml:Data>
        <kml:Data name="최신주">
          <kml:value>서울특별시 관악구 신림동 525-26</kml:value>
        </kml:Data>
        <kml:Data name="x">
          <kml:value>126.91604409</kml:value>
        </kml:Data>
        <kml:Data name="y">
          <kml:value>37.48289823</kml:value>
        </kml:Data>
      </kml:ExtendedData>
      <kml:Point>
        <kml:coordinates>126.91604409248542,37.482898232263175</kml:coordinates>
      </kml:Point>
    </kml:Placemark>
    <kml:Placemark id="fid-60e2cf02_19f3a43cf86_-58d9">
      <kml:ExtendedData>
        <kml:Data name="fid">
          <kml:value>49</kml:value>
        </kml:Data>
        <kml:Data name="가맹사">
          <kml:value>CU</kml:value>
        </kml:Data>
        <kml:Data name="지점명">
          <kml:value>관악써니점</kml:value>
        </kml:Data>
        <kml:Data name="전화번">
          <kml:value>02-886-0888</kml:value>
        </kml:Data>
        <kml:Data name="주소">
          <kml:value>서울특별시 관악구 쑥고개로 55, (봉천동)</kml:value>
        </kml:Data>
        <kml:Data name="매칭여">
          <kml:value>Y</kml:value>
        </kml:Data>
        <kml:Data name="최신주">
          <kml:value>서울특별시 관악구 봉천동 1563-2</kml:value>
        </kml:Data>
        <kml:Data name="x">
          <kml:value>126.94263662</kml:value>
        </kml:Data>
        <kml:Data name="y">
          <kml:value>37.47983005</kml:value>
        </kml:Data>
      </kml:ExtendedData>
      <kml:Point>
        <kml:coordinates>126.94263661484756,37.47983004549617</kml:coordinates>
      </kml:Point>
    </kml:Placemark>
    <kml:Placemark id="fid-60e2cf02_19f3a43cf86_-58d8">
      <kml:ExtendedData>
        <kml:Data name="fid">
          <kml:value>50</kml:value>
        </kml:Data>
        <kml:Data name="가맹사">
          <kml:value>CU</kml:value>
        </kml:Data>
        <kml:Data name="지점명">
          <kml:value>관악쑥고개점</kml:value>
        </kml:Data>
        <kml:Data name="전화번">
          <kml:value>02-883-0888</kml:value>
        </kml:Data>
        <kml:Data name="주소">
          <kml:value>서울특별시 관악구 쑥고개로 74, (봉천동)</kml:value>
        </kml:Data>
        <kml:Data name="매칭여">
          <kml:value>Y</kml:value>
        </kml:Data>
        <kml:Data name="최신주">
          <kml:value>서울특별시 관악구 봉천동 1562-1</kml:value>
        </kml:Data>
        <kml:Data name="x">
          <kml:value>126.94458057</kml:value>
        </kml:Data>
        <kml:Data name="y">
          <kml:value>37.47931679</kml:value>
        </kml:Data>
      </kml:ExtendedData>
      <kml:Point>
        <kml:coordinates>126.94458056639202,37.479316789890326</kml:coordinates>
      </kml:Point>
    </kml:Placemark>
    <kml:Placemark id="fid-60e2cf02_19f3a43cf86_-58d7">
      <kml:ExtendedData>
        <kml:Data name="fid">
          <kml:value>51</kml:value>
        </kml:Data>
        <kml:Data name="가맹사">
          <kml:value>CU</kml:value>
        </kml:Data>
        <kml:Data name="지점명">
          <kml:value>관악에스식스점</kml:value>
        </kml:Data>
        <kml:Data name="전화번">
          <kml:value>02-882-6925</kml:value>
        </kml:Data>
        <kml:Data name="주소">
          <kml:value>서울특별시 관악구 양지5길 2, (신림동)</kml:value>
        </kml:Data>
        <kml:Data name="매칭여">
          <kml:value>Y</kml:value>
        </kml:Data>
        <kml:Data name="최신주">
          <kml:value>서울특별시 관악구 신림동 378-4</kml:value>
        </kml:Data>
        <kml:Data name="x">
          <kml:value>126.93123492</kml:value>
        </kml:Data>
        <kml:Data name="y">
          <kml:value>37.47157115</kml:value>
        </kml:Data>
      </kml:ExtendedData>
      <kml:Point>
        <kml:coordinates>126.93123491722531,37.47157114922858</kml:coordinates>
      </kml:Point>
    </kml:Placemark>
    <kml:Placemark id="fid-60e2cf02_19f3a43cf86_-58d6">
      <kml:ExtendedData>
        <kml:Data name="fid">
          <kml:value>52</kml:value>
        </kml:Data>
        <kml:Data name="가맹사">
          <kml:value>CU</kml:value>
        </kml:Data>
        <kml:Data name="지점명">
          <kml:value>관악예술인점</kml:value>
        </kml:Data>
        <kml:Data name="전화번">
          <kml:value>02-586-8881</kml:value>
        </kml:Data>
        <kml:Data name="주소">
          <kml:value>서울특별시 관악구 남부순환로260길 10</kml:value>
        </kml:Data>
        <kml:Data name="매칭여">
          <kml:value>Y</kml:value>
        </kml:Data>
        <kml:Data name="최신주">
          <kml:value>서울특별시 관악구 남현동 1054-10</kml:value>
        </kml:Data>
        <kml:Data name="x">
          <kml:value>126.9734225</kml:value>
        </kml:Data>
        <kml:Data name="y">
          <kml:value>37.47562117</kml:value>
        </kml:Data>
      </kml:ExtendedData>
      <kml:Point>
        <kml:coordinates>126.9734224966506,37.475621173384944</kml:coordinates>
      </kml:Point>
    </kml:Placemark>
    <kml:Placemark id="fid-60e2cf02_19f3a43cf86_-58d5">
      <kml:ExtendedData>
        <kml:Data name="fid">
          <kml:value>53</kml:value>
        </kml:Data>
        <kml:Data name="가맹사">
          <kml:value>CU</kml:value>
        </kml:Data>
        <kml:Data name="지점명">
          <kml:value>관악우체국점</kml:value>
        </kml:Data>
        <kml:Data name="전화번">
          <kml:value>02-877-2644</kml:value>
        </kml:Data>
        <kml:Data name="주소">
          <kml:value>서울특별시 관악구 남부순환로187길 9, (신림동)</kml:value>
        </kml:Data>
        <kml:Data name="매칭여">
          <kml:value>Y</kml:value>
        </kml:Data>
        <kml:Data name="최신주">
          <kml:value>서울특별시 관악구 신림동 1412-1</kml:value>
        </kml:Data>
        <kml:Data name="x">
          <kml:value>126.93336893</kml:value>
        </kml:Data>
        <kml:Data name="y">
          <kml:value>37.48525472</kml:value>
        </kml:Data>
      </kml:ExtendedData>
      <kml:Point>
        <kml:coordinates>126.93336892539025,37.48525471833309</kml:coordinates>
      </kml:Point>
    </kml:Placemark>
    <kml:Placemark id="fid-60e2cf02_19f3a43cf86_-58d4">
      <kml:ExtendedData>
        <kml:Data name="fid">
          <kml:value>54</kml:value>
        </kml:Data>
        <kml:Data name="가맹사">
          <kml:value>CU</kml:value>
        </kml:Data>
        <kml:Data name="지점명">
          <kml:value>관악은천길점</kml:value>
        </kml:Data>
        <kml:Data name="전화번">
          <kml:value>02-878-6110</kml:value>
        </kml:Data>
        <kml:Data name="주소">
          <kml:value>서울특별시 관악구 은천로 61, (봉천동, 은천누리에뜰) 1동</kml:value>
        </kml:Data>
        <kml:Data name="매칭여">
          <kml:value>Y</kml:value>
        </kml:Data>
        <kml:Data name="최신주">
          <kml:value>서울특별시 관악구 봉천동 622-3</kml:value>
        </kml:Data>
        <kml:Data name="x">
          <kml:value>126.94223113</kml:value>
        </kml:Data>
        <kml:Data name="y">
          <kml:value>37.48642057</kml:value>
        </kml:Data>
      </kml:ExtendedData>
      <kml:Point>
        <kml:coordinates>126.94223113152839,37.48642056807039</kml:coordinates>
      </kml:Point>
    </kml:Placemark>
    <kml:Placemark id="fid-60e2cf02_19f3a43cf86_-58d3">
      <kml:ExtendedData>
        <kml:Data name="fid">
          <kml:value>55</kml:value>
        </kml:Data>
        <kml:Data name="가맹사">
          <kml:value>CU</kml:value>
        </kml:Data>
        <kml:Data name="지점명">
          <kml:value>관악이글점</kml:value>
        </kml:Data>
        <kml:Data name="전화번">
          <kml:value>02-874-6003</kml:value>
        </kml:Data>
        <kml:Data name="주소">
          <kml:value>서울특별시 관악구 남부순환로 1873 대주빌딩</kml:value>
        </kml:Data>
        <kml:Data name="매칭여">
          <kml:value>Y</kml:value>
        </kml:Data>
        <kml:Data name="최신주">
          <kml:value>서울특별시 관악구 봉천동 1674-4</kml:value>
        </kml:Data>
        <kml:Data name="x">
          <kml:value>126.95798642</kml:value>
        </kml:Data>
        <kml:Data name="y">
          <kml:value>37.4795766</kml:value>
        </kml:Data>
      </kml:ExtendedData>
      <kml:Point>
        <kml:coordinates>126.95798642303288,37.479576599159735</kml:coordinates>
      </kml:Point>
    </kml:Placemark>
    <kml:Placemark id="fid-60e2cf02_19f3a43cf86_-58d2">
      <kml:ExtendedData>
        <kml:Data name="fid">
          <kml:value>56</kml:value>
        </kml:Data>
        <kml:Data name="가맹사">
          <kml:value>CU</kml:value>
        </kml:Data>
        <kml:Data name="지점명">
          <kml:value>관악인헌길점</kml:value>
        </kml:Data>
        <kml:Data name="전화번">
          <kml:value>02-878-1880</kml:value>
        </kml:Data>
        <kml:Data name="주소">
          <kml:value>서울특별시 관악구 인헌12길 42 태양빌라</kml:value>
        </kml:Data>
        <kml:Data name="매칭여">
          <kml:value>Y</kml:value>
        </kml:Data>
        <kml:Data name="최신주">
          <kml:value>서울특별시 관악구 봉천동 180-531</kml:value>
        </kml:Data>
        <kml:Data name="x">
          <kml:value>126.96506611</kml:value>
        </kml:Data>
        <kml:Data name="y">
          <kml:value>37.47079313</kml:value>
        </kml:Data>
      </kml:ExtendedData>
      <kml:Point>
        <kml:coordinates>126.96506610956314,37.47079312741971</kml:coordinates>
      </kml:Point>
    </kml:Placemark>
    <kml:Placemark id="fid-60e2cf02_19f3a43cf86_-58d1">
      <kml:ExtendedData>
        <kml:Data name="fid">
          <kml:value>57</kml:value>
        </kml:Data>
        <kml:Data name="가맹사">
          <kml:value>CU</kml:value>
        </kml:Data>
        <kml:Data name="지점명">
          <kml:value>관악장군점</kml:value>
        </kml:Data>
        <kml:Data name="전화번">
          <kml:value>02-873-7454</kml:value>
        </kml:Data>
        <kml:Data name="주소">
          <kml:value>서울특별시 관악구 장군봉2길 29, (봉천동)</kml:value>
        </kml:Data>
        <kml:Data name="매칭여">
          <kml:value>Y</kml:value>
        </kml:Data>
        <kml:Data name="최신주">
          <kml:value>서울특별시 관악구 봉천동 1520-27</kml:value>
        </kml:Data>
        <kml:Data name="x">
          <kml:value>126.93857979</kml:value>
        </kml:Data>
        <kml:Data name="y">
          <kml:value>37.48287438</kml:value>
        </kml:Data>
      </kml:ExtendedData>
      <kml:Point>
        <kml:coordinates>126.93857978611574,37.48287438385476</kml:coordinates>
      </kml:Point>
    </kml:Placemark>
    <kml:Placemark id="fid-60e2cf02_19f3a43cf86_-58d0">
      <kml:ExtendedData>
        <kml:Data name="fid">
          <kml:value>58</kml:value>
        </kml:Data>
        <kml:Data name="가맹사">
          <kml:value>CU</kml:value>
        </kml:Data>
        <kml:Data name="지점명">
          <kml:value>관악장원점</kml:value>
        </kml:Data>
        <kml:Data name="전화번">
          <kml:value>02-886-5585</kml:value>
        </kml:Data>
        <kml:Data name="주소">
          <kml:value>서울특별시 관악구 대학길 31, (신림동)</kml:value>
        </kml:Data>
        <kml:Data name="매칭여">
          <kml:value>Y</kml:value>
        </kml:Data>
        <kml:Data name="최신주">
          <kml:value>서울특별시 관악구 신림동 241-118</kml:value>
        </kml:Data>
        <kml:Data name="x">
          <kml:value>126.93793559</kml:value>
        </kml:Data>
        <kml:Data name="y">
          <kml:value>37.46946683</kml:value>
        </kml:Data>
      </kml:ExtendedData>
      <kml:Point>
        <kml:coordinates>126.93793558750414,37.46946682479136</kml:coordinates>
      </kml:Point>
    </kml:Placemark>
    <kml:Placemark id="fid-60e2cf02_19f3a43cf86_-58cf">
      <kml:ExtendedData>
        <kml:Data name="fid">
          <kml:value>59</kml:value>
        </kml:Data>
        <kml:Data name="가맹사">
          <kml:value>CU</kml:value>
        </kml:Data>
        <kml:Data name="지점명">
          <kml:value>관악조원점</kml:value>
        </kml:Data>
        <kml:Data name="전화번">
          <kml:value>02-867-2247</kml:value>
        </kml:Data>
        <kml:Data name="주소">
          <kml:value>서울특별시 관악구 조원중앙로2길 111, (신림동)</kml:value>
        </kml:Data>
        <kml:Data name="매칭여">
          <kml:value>Y</kml:value>
        </kml:Data>
        <kml:Data name="최신주">
          <kml:value>서울특별시 관악구 신림동 542-14</kml:value>
        </kml:Data>
        <kml:Data name="x">
          <kml:value>126.91091932</kml:value>
        </kml:Data>
        <kml:Data name="y">
          <kml:value>37.4819555</kml:value>
        </kml:Data>
      </kml:ExtendedData>
      <kml:Point>
        <kml:coordinates>126.91091931706096,37.48195549442674</kml:coordinates>
      </kml:Point>
    </kml:Placemark>
    <kml:Placemark id="fid-60e2cf02_19f3a43cf86_-58ce">
      <kml:ExtendedData>
        <kml:Data name="fid">
          <kml:value>60</kml:value>
        </kml:Data>
        <kml:Data name="가맹사">
          <kml:value>CU</kml:value>
        </kml:Data>
        <kml:Data name="지점명">
          <kml:value>악중앙점</kml:value>
        </kml:Data>
        <kml:Data name="전화번">
          <kml:value>02-877-1298</kml:value>
        </kml:Data>
        <kml:Data name="주소">
          <kml:value>서울특별시 관악구 중앙길 5, (봉천동)</kml:value>
        </kml:Data>
        <kml:Data name="매칭여">
          <kml:value>Y</kml:value>
        </kml:Data>
        <kml:Data name="최신주">
          <kml:value>서울특별시 관악구 봉천동 56-98</kml:value>
        </kml:Data>
        <kml:Data name="x">
          <kml:value>126.95383478</kml:value>
        </kml:Data>
        <kml:Data name="y">
          <kml:value>37.48362774</kml:value>
        </kml:Data>
      </kml:ExtendedData>
      <kml:Point>
        <kml:coordinates>126.9538347768723,37.483627744593186</kml:coordinates>
      </kml:Point>
    </kml:Placemark>
    <kml:Placemark id="fid-60e2cf02_19f3a43cf86_-58cd">
      <kml:ExtendedData>
        <kml:Data name="fid">
          <kml:value>61</kml:value>
        </kml:Data>
        <kml:Data name="가맹사">
          <kml:value>CU</kml:value>
        </kml:Data>
        <kml:Data name="지점명">
          <kml:value>관악진우점</kml:value>
        </kml:Data>
        <kml:Data name="전화번">
          <kml:value>02-865-5258</kml:value>
        </kml:Data>
        <kml:Data name="주소">
          <kml:value>서울특별시 관악구 남부순환로 1536, (신림동) 1층</kml:value>
        </kml:Data>
        <kml:Data name="매칭여">
          <kml:value>Y</kml:value>
        </kml:Data>
        <kml:Data name="최신주">
          <kml:value>서울특별시 관악구 신림동 1576-23</kml:value>
        </kml:Data>
        <kml:Data name="x">
          <kml:value>126.92131821</kml:value>
        </kml:Data>
        <kml:Data name="y">
          <kml:value>37.48277448</kml:value>
        </kml:Data>
      </kml:ExtendedData>
      <kml:Point>
        <kml:coordinates>126.92131821258944,37.482774483948596</kml:coordinates>
      </kml:Point>
    </kml:Placemark>
    <kml:Placemark id="fid-60e2cf02_19f3a43cf86_-58cc">
      <kml:ExtendedData>
        <kml:Data name="fid">
          <kml:value>62</kml:value>
        </kml:Data>
        <kml:Data name="가맹사">
          <kml:value>CU</kml:value>
        </kml:Data>
        <kml:Data name="지점명">
          <kml:value>관악청룡점</kml:value>
        </kml:Data>
        <kml:Data name="전화번">
          <kml:value>02-872-4248</kml:value>
        </kml:Data>
        <kml:Data name="주소">
          <kml:value>서울특별시 관악구 장군봉6길 1, (봉천동)</kml:value>
        </kml:Data>
        <kml:Data name="매칭여">
          <kml:value>Y</kml:value>
        </kml:Data>
        <kml:Data name="최신주">
          <kml:value>서울특별시 관악구 봉천동 1531-32</kml:value>
        </kml:Data>
        <kml:Data name="x">
          <kml:value>126.9394663</kml:value>
        </kml:Data>
        <kml:Data name="y">
          <kml:value>37.48129373</kml:value>
        </kml:Data>
      </kml:ExtendedData>
      <kml:Point>
        <kml:coordinates>126.93946629876112,37.48129372602288</kml:coordinates>
      </kml:Point>
    </kml:Placemark>
    <kml:Placemark id="fid-60e2cf02_19f3a43cf86_-58cb">
      <kml:ExtendedData>
        <kml:Data name="fid">
          <kml:value>63</kml:value>
        </kml:Data>
        <kml:Data name="가맹사">
          <kml:value>CU</kml:value>
        </kml:Data>
        <kml:Data name="지점명">
          <kml:value>관악청림점</kml:value>
        </kml:Data>
        <kml:Data name="전화번">
          <kml:value>02-872-5563</kml:value>
        </kml:Data>
        <kml:Data name="주소">
          <kml:value>서울특별시 관악구 관악로 306, (봉천동) 1층 2동 7호</kml:value>
        </kml:Data>
        <kml:Data name="매칭여">
          <kml:value>Y</kml:value>
        </kml:Data>
        <kml:Data name="최신주">
          <kml:value>서울특별시 관악구 봉천동 1000</kml:value>
        </kml:Data>
        <kml:Data name="x">
          <kml:value>126.95836119</kml:value>
        </kml:Data>
        <kml:Data name="y">
          <kml:value>37.49225739</kml:value>
        </kml:Data>
      </kml:ExtendedData>
      <kml:Point>
        <kml:coordinates>126.95836119105307,37.49225738721783</kml:coordinates>
      </kml:Point>
    </kml:Placemark>
    <kml:Placemark id="fid-60e2cf02_19f3a43cf86_-58ca">
      <kml:ExtendedData>
        <kml:Data name="fid">
          <kml:value>64</kml:value>
        </kml:Data>
        <kml:Data name="가맹사">
          <kml:value>CU</kml:value>
        </kml:Data>
        <kml:Data name="지점명">
          <kml:value>관악트윈스점</kml:value>
        </kml:Data>
        <kml:Data name="전화번">
          <kml:value>02-883-1789</kml:value>
        </kml:Data>
        <kml:Data name="주소">
          <kml:value>서울특별시 관악구 양녕로6길 78, (봉천동)</kml:value>
        </kml:Data>
        <kml:Data name="매칭여">
          <kml:value>Y</kml:value>
        </kml:Data>
        <kml:Data name="최신주">
          <kml:value>서울특별시 관악구 봉천동 872-20</kml:value>
        </kml:Data>
        <kml:Data name="x">
          <kml:value>126.95072568</kml:value>
        </kml:Data>
        <kml:Data name="y">
          <kml:value>37.48349943</kml:value>
        </kml:Data>
      </kml:ExtendedData>
      <kml:Point>
        <kml:coordinates>126.95072567959656,37.48349943404266</kml:coordinates>
      </kml:Point>
    </kml:Placemark>
    <kml:Placemark id="fid-60e2cf02_19f3a43cf86_-58c9">
      <kml:ExtendedData>
        <kml:Data name="fid">
          <kml:value>65</kml:value>
        </kml:Data>
        <kml:Data name="가맹사">
          <kml:value>CU</kml:value>
        </kml:Data>
        <kml:Data name="지점명">
          <kml:value>관악파인빌점</kml:value>
        </kml:Data>
        <kml:Data name="전화번">
          <kml:value>02-876-7790</kml:value>
        </kml:Data>
        <kml:Data name="주소">
          <kml:value>서울특별시 관악구 중앙길 133 은선파인빌</kml:value>
        </kml:Data>
        <kml:Data name="매칭여">
          <kml:value>Y</kml:value>
        </kml:Data>
        <kml:Data name="최신주">
          <kml:value>서울특별시 관악구 봉천동 464-41</kml:value>
        </kml:Data>
        <kml:Data name="x">
          <kml:value>126.94795273</kml:value>
        </kml:Data>
        <kml:Data name="y">
          <kml:value>37.48630511</kml:value>
        </kml:Data>
      </kml:ExtendedData>
      <kml:Point>
        <kml:coordinates>126.9479527258166,37.486305113077</kml:coordinates>
      </kml:Point>
    </kml:Placemark>
    <kml:Placemark id="fid-60e2cf02_19f3a43cf86_-58c8">
      <kml:ExtendedData>
        <kml:Data name="fid">
          <kml:value>66</kml:value>
        </kml:Data>
        <kml:Data name="가맹사">
          <kml:value>CU</kml:value>
        </kml:Data>
        <kml:Data name="지점명">
          <kml:value>관악푸르지오점</kml:value>
        </kml:Data>
        <kml:Data name="전화번">
          <kml:value>02-877-9441</kml:value>
        </kml:Data>
        <kml:Data name="주소">
          <kml:value>서울특별시 관악구 청림6길 6, (봉천동)</kml:value>
        </kml:Data>
        <kml:Data name="매칭여">
          <kml:value>Y</kml:value>
        </kml:Data>
        <kml:Data name="최신주">
          <kml:value>서울특별시 관악구 봉천동 13-45</kml:value>
        </kml:Data>
        <kml:Data name="x">
          <kml:value>126.95958673</kml:value>
        </kml:Data>
        <kml:Data name="y">
          <kml:value>37.48787352</kml:value>
        </kml:Data>
      </kml:ExtendedData>
      <kml:Point>
        <kml:coordinates>126.95958672830594,37.48787351799609</kml:coordinates>
      </kml:Point>
    </kml:Placemark>
    <kml:Placemark id="fid-60e2cf02_19f3a43cf86_-58c7">
      <kml:ExtendedData>
        <kml:Data name="fid">
          <kml:value>67</kml:value>
        </kml:Data>
        <kml:Data name="가맹사">
          <kml:value>CU</kml:value>
        </kml:Data>
        <kml:Data name="지점명">
          <kml:value>관악프렌즈2호점</kml:value>
        </kml:Data>
        <kml:Data name="전화번">
          <kml:value>02-865-8884</kml:value>
        </kml:Data>
        <kml:Data name="주소">
          <kml:value>서울특별시 관악구 난곡로35길 10, (신림동)</kml:value>
        </kml:Data>
        <kml:Data name="매칭여">
          <kml:value>Y</kml:value>
        </kml:Data>
        <kml:Data name="최신주">
          <kml:value>서울특별시 관악구 신림동 725-12</kml:value>
        </kml:Data>
        <kml:Data name="x">
          <kml:value>126.9181892</kml:value>
        </kml:Data>
        <kml:Data name="y">
          <kml:value>37.47290531</kml:value>
        </kml:Data>
      </kml:ExtendedData>
      <kml:Point>
        <kml:coordinates>126.91818919859247,37.47290530621829</kml:coordinates>
      </kml:Point>
    </kml:Placemark>
    <kml:Placemark id="fid-60e2cf02_19f3a43cf86_-58c6">
      <kml:ExtendedData>
        <kml:Data name="fid">
          <kml:value>68</kml:value>
        </kml:Data>
        <kml:Data name="가맹사">
          <kml:value>CU</kml:value>
        </kml:Data>
        <kml:Data name="지점명">
          <kml:value>관악프렌즈점</kml:value>
        </kml:Data>
        <kml:Data name="전화번">
          <kml:value>02-886-8884</kml:value>
        </kml:Data>
        <kml:Data name="주소">
          <kml:value>서울특별시 관악구 은천로 153, (봉천동)</kml:value>
        </kml:Data>
        <kml:Data name="매칭여">
          <kml:value>Y</kml:value>
        </kml:Data>
        <kml:Data name="최신주">
          <kml:value>서울특별시 관악구 봉천동 41-839</kml:value>
        </kml:Data>
        <kml:Data name="x">
          <kml:value>126.95245899</kml:value>
        </kml:Data>
        <kml:Data name="y">
          <kml:value>37.48649853</kml:value>
        </kml:Data>
      </kml:ExtendedData>
      <kml:Point>
        <kml:coordinates>126.95245899166443,37.48649852605412</kml:coordinates>
      </kml:Point>
    </kml:Placemark>
    <kml:Placemark id="fid-60e2cf02_19f3a43cf86_-58c5">
      <kml:ExtendedData>
        <kml:Data name="fid">
          <kml:value>69</kml:value>
        </kml:Data>
        <kml:Data name="가맹사">
          <kml:value>CU</kml:value>
        </kml:Data>
        <kml:Data name="지점명">
          <kml:value>관악플러스점</kml:value>
        </kml:Data>
        <kml:Data name="전화번">
          <kml:value>02-858-1592</kml:value>
        </kml:Data>
        <kml:Data name="주소">
          <kml:value>서울특별시 관악구 미성길 60, (신림동, 두영아파트) 101호</kml:value>
        </kml:Data>
        <kml:Data name="매칭여">
          <kml:value>Y</kml:value>
        </kml:Data>
        <kml:Data name="최신주">
          <kml:value>서울특별시 관악구 신림동 1717</kml:value>
        </kml:Data>
        <kml:Data name="x">
          <kml:value>126.91387328</kml:value>
        </kml:Data>
        <kml:Data name="y">
          <kml:value>37.47477726</kml:value>
        </kml:Data>
      </kml:ExtendedData>
      <kml:Point>
        <kml:coordinates>126.91387327516843,37.47477726326892</kml:coordinates>
      </kml:Point>
    </kml:Placemark>
    <kml:Placemark id="fid-60e2cf02_19f3a43cf86_-58c4">
      <kml:ExtendedData>
        <kml:Data name="fid">
          <kml:value>70</kml:value>
        </kml:Data>
        <kml:Data name="가맹사">
          <kml:value>CU</kml:value>
        </kml:Data>
        <kml:Data name="지점명">
          <kml:value>관악한샘점</kml:value>
        </kml:Data>
        <kml:Data name="전화번">
          <kml:value>02-889-3831</kml:value>
        </kml:Data>
        <kml:Data name="주소">
          <kml:value>서울특별시 관악구 은천로39길 13, (봉천동)</kml:value>
        </kml:Data>
        <kml:Data name="매칭여">
          <kml:value>Y</kml:value>
        </kml:Data>
        <kml:Data name="최신주">
          <kml:value>서울특별시 관악구 봉천동 41-177</kml:value>
        </kml:Data>
        <kml:Data name="x">
          <kml:value>126.95504723</kml:value>
        </kml:Data>
        <kml:Data name="y">
          <kml:value>37.48659908</kml:value>
        </kml:Data>
      </kml:ExtendedData>
      <kml:Point>
        <kml:coordinates>126.95504722463761,37.48659907984796</kml:coordinates>
      </kml:Point>
    </kml:Placemark>
    <kml:Placemark id="fid-60e2cf02_19f3a43cf86_-58c3">
      <kml:ExtendedData>
        <kml:Data name="fid">
          <kml:value>71</kml:value>
        </kml:Data>
        <kml:Data name="가맹사">
          <kml:value>CU</kml:value>
        </kml:Data>
        <kml:Data name="지점명">
          <kml:value>관악한울점</kml:value>
        </kml:Data>
        <kml:Data name="전화번">
          <kml:value>02-873-8885</kml:value>
        </kml:Data>
        <kml:Data name="주소">
          <kml:value>서울특별시 관악구 남부순환로 1801, 벽송빌딩 (봉천동)</kml:value>
        </kml:Data>
        <kml:Data name="매칭여">
          <kml:value>Y</kml:value>
        </kml:Data>
        <kml:Data name="최신주">
          <kml:value>서울특별시 관악구 봉천동 874-4</kml:value>
        </kml:Data>
        <kml:Data name="x">
          <kml:value>126.95039589</kml:value>
        </kml:Data>
        <kml:Data name="y">
          <kml:value>37.48183719</kml:value>
        </kml:Data>
      </kml:ExtendedData>
      <kml:Point>
        <kml:coordinates>126.9503958923049,37.48183718549828</kml:coordinates>
      </kml:Point>
    </kml:Placemark>
    <kml:Placemark id="fid-60e2cf02_19f3a43cf86_-58c2">
      <kml:ExtendedData>
        <kml:Data name="fid">
          <kml:value>72</kml:value>
        </kml:Data>
        <kml:Data name="가맹사">
          <kml:value>CU</kml:value>
        </kml:Data>
        <kml:Data name="지점명">
          <kml:value>관악해피점</kml:value>
        </kml:Data>
        <kml:Data name="전화번">
          <kml:value>02-873-8178</kml:value>
        </kml:Data>
        <kml:Data name="주소">
          <kml:value>서울특별시 관악구 중앙길 59</kml:value>
        </kml:Data>
        <kml:Data name="매칭여">
          <kml:value>Y</kml:value>
        </kml:Data>
        <kml:Data name="최신주">
          <kml:value>서울특별시 관악구 봉천동 50-122</kml:value>
        </kml:Data>
        <kml:Data name="x">
          <kml:value>126.95162456</kml:value>
        </kml:Data>
        <kml:Data name="y">
          <kml:value>37.48483596</kml:value>
        </kml:Data>
      </kml:ExtendedData>
      <kml:Point>
        <kml:coordinates>126.95162455877205,37.484835958699634</kml:coordinates>
      </kml:Point>
    </kml:Placemark>
    <kml:Placemark id="fid-60e2cf02_19f3a43cf86_-58c1">
      <kml:ExtendedData>
        <kml:Data name="fid">
          <kml:value>73</kml:value>
        </kml:Data>
        <kml:Data name="가맹사">
          <kml:value>CU</kml:value>
        </kml:Data>
        <kml:Data name="지점명">
          <kml:value>관악행운점</kml:value>
        </kml:Data>
        <kml:Data name="전화번">
          <kml:value>02-883-4991</kml:value>
        </kml:Data>
        <kml:Data name="주소">
          <kml:value>서울특별시 관악구 신림로12길 13, (신림동)</kml:value>
        </kml:Data>
        <kml:Data name="매칭여">
          <kml:value>Y</kml:value>
        </kml:Data>
        <kml:Data name="최신주">
          <kml:value>서울특별시 관악구 신림동 122-4</kml:value>
        </kml:Data>
        <kml:Data name="x">
          <kml:value>126.9382273</kml:value>
        </kml:Data>
        <kml:Data name="y">
          <kml:value>37.47163323</kml:value>
        </kml:Data>
      </kml:ExtendedData>
      <kml:Point>
        <kml:coordinates>126.93822730436604,37.471633233023475</kml:coordinates>
      </kml:Point>
    </kml:Placemark>
    <kml:Placemark id="fid-60e2cf02_19f3a43cf86_-58c0">
      <kml:ExtendedData>
        <kml:Data name="fid">
          <kml:value>74</kml:value>
        </kml:Data>
        <kml:Data name="가맹사">
          <kml:value>CU</kml:value>
        </kml:Data>
        <kml:Data name="지점명">
          <kml:value>관악허브점</kml:value>
        </kml:Data>
        <kml:Data name="전화번">
          <kml:value>02-3285-3660</kml:value>
        </kml:Data>
        <kml:Data name="주소">
          <kml:value>서울특별시 관악구 봉천로13나길 30</kml:value>
        </kml:Data>
        <kml:Data name="매칭여">
          <kml:value>Y</kml:value>
        </kml:Data>
        <kml:Data name="최신주">
          <kml:value>서울특별시 관악구 봉천동 673-143</kml:value>
        </kml:Data>
        <kml:Data name="x">
          <kml:value>126.93185297</kml:value>
        </kml:Data>
        <kml:Data name="y">
          <kml:value>37.48962925</kml:value>
        </kml:Data>
      </kml:ExtendedData>
      <kml:Point>
        <kml:coordinates>126.93185296737852,37.489629254249735</kml:coordinates>
      </kml:Point>
    </kml:Placemark>
    <kml:Placemark id="fid-60e2cf02_19f3a43cf86_-58bf">
      <kml:ExtendedData>
        <kml:Data name="fid">
          <kml:value>75</kml:value>
        </kml:Data>
        <kml:Data name="가맹사">
          <kml:value>CU</kml:value>
        </kml:Data>
        <kml:Data name="지점명">
          <kml:value>관악형제점</kml:value>
        </kml:Data>
        <kml:Data name="전화번">
          <kml:value>02-875-2669</kml:value>
        </kml:Data>
        <kml:Data name="주소">
          <kml:value>서울특별시 관악구 신림로32길 13, (신림동)</kml:value>
        </kml:Data>
        <kml:Data name="매칭여">
          <kml:value>Y</kml:value>
        </kml:Data>
        <kml:Data name="최신주">
          <kml:value>서울특별시 관악구 신림동 96-47</kml:value>
        </kml:Data>
        <kml:Data name="x">
          <kml:value>126.93755236</kml:value>
        </kml:Data>
        <kml:Data name="y">
          <kml:value>37.47494009</kml:value>
        </kml:Data>
      </kml:ExtendedData>
      <kml:Point>
        <kml:coordinates>126.93755235623644,37.47494009157516</kml:coordinates>
      </kml:Point>
    </kml:Placemark>
    <kml:Placemark id="fid-60e2cf02_19f3a43cf86_-58be">
      <kml:ExtendedData>
        <kml:Data name="fid">
          <kml:value>76</kml:value>
        </kml:Data>
        <kml:Data name="가맹사">
          <kml:value>CU</kml:value>
        </kml:Data>
        <kml:Data name="지점명">
          <kml:value>관악휴먼시아점</kml:value>
        </kml:Data>
        <kml:Data name="전화번">
          <kml:value>02-837-9466</kml:value>
        </kml:Data>
        <kml:Data name="주소">
          <kml:value>서울특별시 관악구 난곡로 42 파크프라자</kml:value>
        </kml:Data>
        <kml:Data name="매칭여">
          <kml:value>Y</kml:value>
        </kml:Data>
        <kml:Data name="최신주">
          <kml:value>서울특별시 관악구 신림동 1735-9</kml:value>
        </kml:Data>
        <kml:Data name="x">
          <kml:value>126.92062744</kml:value>
        </kml:Data>
        <kml:Data name="y">
          <kml:value>37.4605666</kml:value>
        </kml:Data>
      </kml:ExtendedData>
      <kml:Point>
        <kml:coordinates>126.92062743531504,37.46056659931968</kml:coordinates>
      </kml:Point>
    </kml:Placemark>
    <kml:Placemark id="fid-60e2cf02_19f3a43cf86_-58bd">
      <kml:ExtendedData>
        <kml:Data name="fid">
          <kml:value>77</kml:value>
        </kml:Data>
        <kml:Data name="가맹사">
          <kml:value>CU</kml:value>
        </kml:Data>
        <kml:Data name="지점명">
          <kml:value>관악희망점</kml:value>
        </kml:Data>
        <kml:Data name="전화번">
          <kml:value>02-877-8885</kml:value>
        </kml:Data>
        <kml:Data name="주소">
          <kml:value>서울특별시 관악구 인헌9길 13, (봉천동)</kml:value>
        </kml:Data>
        <kml:Data name="매칭여">
          <kml:value>Y</kml:value>
        </kml:Data>
        <kml:Data name="최신주">
          <kml:value>서울특별시 관악구 봉천동 1641-39</kml:value>
        </kml:Data>
        <kml:Data name="x">
          <kml:value>126.96747166</kml:value>
        </kml:Data>
        <kml:Data name="y">
          <kml:value>37.47289876</kml:value>
        </kml:Data>
      </kml:ExtendedData>
      <kml:Point>
        <kml:coordinates>126.96747165757155,37.47289876269068</kml:coordinates>
      </kml:Point>
    </kml:Placemark>
    <kml:Placemark id="fid-60e2cf02_19f3a43cf86_-58bc">
      <kml:ExtendedData>
        <kml:Data name="fid">
          <kml:value>78</kml:value>
        </kml:Data>
        <kml:Data name="가맹사">
          <kml:value>CU</kml:value>
        </kml:Data>
        <kml:Data name="지점명">
          <kml:value>관악힐링점</kml:value>
        </kml:Data>
        <kml:Data name="전화번">
          <kml:value>02-877-7013</kml:value>
        </kml:Data>
        <kml:Data name="주소">
          <kml:value>서울특별시 관악구 당곡길 6, (봉천동)</kml:value>
        </kml:Data>
        <kml:Data name="매칭여">
          <kml:value>Y</kml:value>
        </kml:Data>
        <kml:Data name="최신주">
          <kml:value>서울특별시 관악구 봉천동 970-21</kml:value>
        </kml:Data>
        <kml:Data name="x">
          <kml:value>126.92897193</kml:value>
        </kml:Data>
        <kml:Data name="y">
          <kml:value>37.48946866</kml:value>
        </kml:Data>
      </kml:ExtendedData>
      <kml:Point>
        <kml:coordinates>126.92897192701739,37.48946865921386</kml:coordinates>
      </kml:Point>
    </kml:Placemark>
    <kml:Placemark id="fid-60e2cf02_19f3a43cf86_-58bb">
      <kml:ExtendedData>
        <kml:Data name="fid">
          <kml:value>79</kml:value>
        </kml:Data>
        <kml:Data name="가맹사">
          <kml:value>CU</kml:value>
        </kml:Data>
        <kml:Data name="지점명">
          <kml:value>구로공단점</kml:value>
        </kml:Data>
        <kml:Data name="전화번">
          <kml:value>02-859-6698</kml:value>
        </kml:Data>
        <kml:Data name="주소">
          <kml:value>서울특별시 관악구 시흥대로 556, (신림동)</kml:value>
        </kml:Data>
        <kml:Data name="매칭여">
          <kml:value>Y</kml:value>
        </kml:Data>
        <kml:Data name="최신주">
          <kml:value>서울특별시 관악구 신림동 1655-20</kml:value>
        </kml:Data>
        <kml:Data name="x">
          <kml:value>126.90161932</kml:value>
        </kml:Data>
        <kml:Data name="y">
          <kml:value>37.48258735</kml:value>
        </kml:Data>
      </kml:ExtendedData>
      <kml:Point>
        <kml:coordinates>126.9016193158676,37.482587354298666</kml:coordinates>
      </kml:Point>
    </kml:Placemark>
    <kml:Placemark id="fid-60e2cf02_19f3a43cf86_-58ba">
      <kml:ExtendedData>
        <kml:Data name="fid">
          <kml:value>80</kml:value>
        </kml:Data>
        <kml:Data name="가맹사">
          <kml:value>CU</kml:value>
        </kml:Data>
        <kml:Data name="지점명">
          <kml:value>낙성대역점</kml:value>
        </kml:Data>
        <kml:Data name="전화번">
          <kml:value>02-877-7084</kml:value>
        </kml:Data>
        <kml:Data name="주소">
          <kml:value>서울특별시 관악구 봉천로 604-1, (봉천동)</kml:value>
        </kml:Data>
        <kml:Data name="매칭여">
          <kml:value>Y</kml:value>
        </kml:Data>
        <kml:Data name="최신주">
          <kml:value>서울특별시 관악구 봉천동 1632-10</kml:value>
        </kml:Data>
        <kml:Data name="x">
          <kml:value>126.96424256</kml:value>
        </kml:Data>
        <kml:Data name="y">
          <kml:value>37.47587864</kml:value>
        </kml:Data>
      </kml:ExtendedData>
      <kml:Point>
        <kml:coordinates>126.96424256213731,37.47587864371894</kml:coordinates>
      </kml:Point>
    </kml:Placemark>
    <kml:Placemark id="fid-60e2cf02_19f3a43cf86_-58b9">
      <kml:ExtendedData>
        <kml:Data name="fid">
          <kml:value>81</kml:value>
        </kml:Data>
        <kml:Data name="가맹사">
          <kml:value>CU</kml:value>
        </kml:Data>
        <kml:Data name="지점명">
          <kml:value>낙성대입구점</kml:value>
        </kml:Data>
        <kml:Data name="전화번">
          <kml:value>02-876-4411</kml:value>
        </kml:Data>
        <kml:Data name="주소">
          <kml:value>서울특별시 관악구 낙성대로 9, (봉천동)</kml:value>
        </kml:Data>
        <kml:Data name="매칭여">
          <kml:value>Y</kml:value>
        </kml:Data>
        <kml:Data name="최신주">
          <kml:value>서울특별시 관악구 봉천동 1628-3</kml:value>
        </kml:Data>
        <kml:Data name="x">
          <kml:value>126.95962405</kml:value>
        </kml:Data>
        <kml:Data name="y">
          <kml:value>37.47754655</kml:value>
        </kml:Data>
      </kml:ExtendedData>
      <kml:Point>
        <kml:coordinates>126.95962405424332,37.477546546437765</kml:coordinates>
      </kml:Point>
    </kml:Placemark>
    <kml:Placemark id="fid-60e2cf02_19f3a43cf86_-58b8">
      <kml:ExtendedData>
        <kml:Data name="fid">
          <kml:value>82</kml:value>
        </kml:Data>
        <kml:Data name="가맹사">
          <kml:value>CU</kml:value>
        </kml:Data>
        <kml:Data name="지점명">
          <kml:value>낙성인헌점</kml:value>
        </kml:Data>
        <kml:Data name="전화번">
          <kml:value>02-888-8875</kml:value>
        </kml:Data>
        <kml:Data name="주소">
          <kml:value>서울특별시 관악구 인헌길 14, (봉천동)</kml:value>
        </kml:Data>
        <kml:Data name="매칭여">
          <kml:value>Y</kml:value>
        </kml:Data>
        <kml:Data name="최신주">
          <kml:value>서울특별시 관악구 봉천동 1637-27</kml:value>
        </kml:Data>
        <kml:Data name="x">
          <kml:value>126.96661594</kml:value>
        </kml:Data>
        <kml:Data name="y">
          <kml:value>37.47499439</kml:value>
        </kml:Data>
      </kml:ExtendedData>
      <kml:Point>
        <kml:coordinates>126.96661593885355,37.474994388775514</kml:coordinates>
      </kml:Point>
    </kml:Placemark>
    <kml:Placemark id="fid-60e2cf02_19f3a43cf86_-58b7">
      <kml:ExtendedData>
        <kml:Data name="fid">
          <kml:value>83</kml:value>
        </kml:Data>
        <kml:Data name="가맹사">
          <kml:value>CU</kml:value>
        </kml:Data>
        <kml:Data name="지점명">
          <kml:value>난곡정복점</kml:value>
        </kml:Data>
        <kml:Data name="전화번">
          <kml:value>02-868-1324</kml:value>
        </kml:Data>
        <kml:Data name="주소">
          <kml:value>서울특별시 관악구 난곡로 235, (신림동)</kml:value>
        </kml:Data>
        <kml:Data name="매칭여">
          <kml:value>Y</kml:value>
        </kml:Data>
        <kml:Data name="최신주">
          <kml:value>서울특별시 관악구 신림동 756-16</kml:value>
        </kml:Data>
        <kml:Data name="x">
          <kml:value>126.9165033</kml:value>
        </kml:Data>
        <kml:Data name="y">
          <kml:value>37.4752976</kml:value>
        </kml:Data>
      </kml:ExtendedData>
      <kml:Point>
        <kml:coordinates>126.9165032967495,37.4752976001004</kml:coordinates>
      </kml:Point>
    </kml:Placemark>
    <kml:Placemark id="fid-60e2cf02_19f3a43cf86_-58b6">
      <kml:ExtendedData>
        <kml:Data name="fid">
          <kml:value>84</kml:value>
        </kml:Data>
        <kml:Data name="가맹사">
          <kml:value>CU</kml:value>
        </kml:Data>
        <kml:Data name="지점명">
          <kml:value>난곡파크점</kml:value>
        </kml:Data>
        <kml:Data name="전화번">
          <kml:value>02-857-8294</kml:value>
        </kml:Data>
        <kml:Data name="주소">
          <kml:value>서울특별시 관악구 난곡로 167, (신림동, 임광관악파크)</kml:value>
        </kml:Data>
        <kml:Data name="매칭여">
          <kml:value>Y</kml:value>
        </kml:Data>
        <kml:Data name="최신주">
          <kml:value>서울특별시 관악구 신림동 1727</kml:value>
        </kml:Data>
        <kml:Data name="x">
          <kml:value>126.91902016</kml:value>
        </kml:Data>
        <kml:Data name="y">
          <kml:value>37.46975851</kml:value>
        </kml:Data>
      </kml:ExtendedData>
      <kml:Point>
        <kml:coordinates>126.91902015557592,37.46975851097946</kml:coordinates>
      </kml:Point>
    </kml:Placemark>
    <kml:Placemark id="fid-60e2cf02_19f3a43cf86_-58b5">
      <kml:ExtendedData>
        <kml:Data name="fid">
          <kml:value>85</kml:value>
        </kml:Data>
        <kml:Data name="가맹사">
          <kml:value>CU</kml:value>
        </kml:Data>
        <kml:Data name="지점명">
          <kml:value>남강학사점</kml:value>
        </kml:Data>
        <kml:Data name="전화번">
          <kml:value>02-851-3385</kml:value>
        </kml:Data>
        <kml:Data name="주소">
          <kml:value>서울특별시 관악구 난곡로34길 22, (신림동)</kml:value>
        </kml:Data>
        <kml:Data name="매칭여">
          <kml:value>Y</kml:value>
        </kml:Data>
        <kml:Data name="최신주">
          <kml:value>서울특별시 관악구 신림동 622-1</kml:value>
        </kml:Data>
        <kml:Data name="x">
          <kml:value>126.92045182</kml:value>
        </kml:Data>
        <kml:Data name="y">
          <kml:value>37.47251296</kml:value>
        </kml:Data>
      </kml:ExtendedData>
      <kml:Point>
        <kml:coordinates>126.92045182176734,37.472512958333084</kml:coordinates>
      </kml:Point>
    </kml:Placemark>
    <kml:Placemark id="fid-60e2cf02_19f3a43cf86_-58b4">
      <kml:ExtendedData>
        <kml:Data name="fid">
          <kml:value>86</kml:value>
        </kml:Data>
        <kml:Data name="가맹사">
          <kml:value>CU</kml:value>
        </kml:Data>
        <kml:Data name="지점명">
          <kml:value>남부순환로점</kml:value>
        </kml:Data>
        <kml:Data name="전화번">
          <kml:value>02-874-0577</kml:value>
        </kml:Data>
        <kml:Data name="주소">
          <kml:value>서울특별시 관악구 남부순환로 1680, (신림동)</kml:value>
        </kml:Data>
        <kml:Data name="매칭여">
          <kml:value>Y</kml:value>
        </kml:Data>
        <kml:Data name="최신주">
          <kml:value>서울특별시 관악구 신림동 10-621</kml:value>
        </kml:Data>
        <kml:Data name="x">
          <kml:value>126.93709901</kml:value>
        </kml:Data>
        <kml:Data name="y">
          <kml:value>37.48408548</kml:value>
        </kml:Data>
      </kml:ExtendedData>
      <kml:Point>
        <kml:coordinates>126.93709900780388,37.484085481070785</kml:coordinates>
      </kml:Point>
    </kml:Placemark>
    <kml:Placemark id="fid-60e2cf02_19f3a43cf86_-58b3">
      <kml:ExtendedData>
        <kml:Data name="fid">
          <kml:value>87</kml:value>
        </kml:Data>
        <kml:Data name="가맹사">
          <kml:value>CU</kml:value>
        </kml:Data>
        <kml:Data name="지점명">
          <kml:value>보라매당곡점</kml:value>
        </kml:Data>
        <kml:Data name="전화번">
          <kml:value>02-873-8040</kml:value>
        </kml:Data>
        <kml:Data name="주소">
          <kml:value>서울특별시 관악구 봉천로21길 41, (봉천동)</kml:value>
        </kml:Data>
        <kml:Data name="매칭여">
          <kml:value>Y</kml:value>
        </kml:Data>
        <kml:Data name="최신주">
          <kml:value>서울특별시 관악구 봉천동 1511-22</kml:value>
        </kml:Data>
        <kml:Data name="x">
          <kml:value>126.93407426</kml:value>
        </kml:Data>
        <kml:Data name="y">
          <kml:value>37.4887709</kml:value>
        </kml:Data>
      </kml:ExtendedData>
      <kml:Point>
        <kml:coordinates>126.93407425807455,37.48877089480128</kml:coordinates>
      </kml:Point>
    </kml:Placemark>
    <kml:Placemark id="fid-60e2cf02_19f3a43cf86_-58b2">
      <kml:ExtendedData>
        <kml:Data name="fid">
          <kml:value>88</kml:value>
        </kml:Data>
        <kml:Data name="가맹사">
          <kml:value>CU</kml:value>
        </kml:Data>
        <kml:Data name="지점명">
          <kml:value>보라매산들점</kml:value>
        </kml:Data>
        <kml:Data name="전화번">
          <kml:value>02-875-6070</kml:value>
        </kml:Data>
        <kml:Data name="주소">
          <kml:value>서울특별시 관악구 봉천로 188, (신림동) 1층</kml:value>
        </kml:Data>
        <kml:Data name="매칭여">
          <kml:value>Y</kml:value>
        </kml:Data>
        <kml:Data name="최신주">
          <kml:value>서울특별시 관악구 신림동 1446-1</kml:value>
        </kml:Data>
        <kml:Data name="x">
          <kml:value>126.92228807</kml:value>
        </kml:Data>
        <kml:Data name="y">
          <kml:value>37.48962861</kml:value>
        </kml:Data>
      </kml:ExtendedData>
      <kml:Point>
        <kml:coordinates>126.92228806770636,37.48962860908695</kml:coordinates>
      </kml:Point>
    </kml:Placemark>
    <kml:Placemark id="fid-60e2cf02_19f3a43cf86_-58b1">
      <kml:ExtendedData>
        <kml:Data name="fid">
          <kml:value>89</kml:value>
        </kml:Data>
        <kml:Data name="가맹사">
          <kml:value>CU</kml:value>
        </kml:Data>
        <kml:Data name="지점명">
          <kml:value>봉천대로점</kml:value>
        </kml:Data>
        <kml:Data name="전화번">
          <kml:value>02-883-2433</kml:value>
        </kml:Data>
        <kml:Data name="주소">
          <kml:value>서울특별시 관악구 남부순환로 1713-7 동해빌딩</kml:value>
        </kml:Data>
        <kml:Data name="매칭여">
          <kml:value>Y</kml:value>
        </kml:Data>
        <kml:Data name="최신주">
          <kml:value>서울특별시 관악구 봉천동 944-29</kml:value>
        </kml:Data>
        <kml:Data name="x">
          <kml:value>126.94085807</kml:value>
        </kml:Data>
        <kml:Data name="y">
          <kml:value>37.48338647</kml:value>
        </kml:Data>
      </kml:ExtendedData>
      <kml:Point>
        <kml:coordinates>126.94085806780589,37.483386465855624</kml:coordinates>
      </kml:Point>
    </kml:Placemark>
    <kml:Placemark id="fid-60e2cf02_19f3a43cf86_-58b0">
      <kml:ExtendedData>
        <kml:Data name="fid">
          <kml:value>90</kml:value>
        </kml:Data>
        <kml:Data name="가맹사">
          <kml:value>CU</kml:value>
        </kml:Data>
        <kml:Data name="지점명">
          <kml:value>봉천승리점</kml:value>
        </kml:Data>
        <kml:Data name="전화번">
          <kml:value>02-871-1833</kml:value>
        </kml:Data>
        <kml:Data name="주소">
          <kml:value>서울특별시 관악구 행운7길 16</kml:value>
        </kml:Data>
        <kml:Data name="매칭여">
          <kml:value>Y</kml:value>
        </kml:Data>
        <kml:Data name="최신주">
          <kml:value>서울특별시 관악구 봉천동 100-114</kml:value>
        </kml:Data>
        <kml:Data name="x">
          <kml:value>126.95988128</kml:value>
        </kml:Data>
        <kml:Data name="y">
          <kml:value>37.48242333</kml:value>
        </kml:Data>
      </kml:ExtendedData>
      <kml:Point>
        <kml:coordinates>126.95988128313815,37.48242333424911</kml:coordinates>
      </kml:Point>
    </kml:Placemark>
    <kml:Placemark id="fid-60e2cf02_19f3a43cf86_-58af">
      <kml:ExtendedData>
        <kml:Data name="fid">
          <kml:value>91</kml:value>
        </kml:Data>
        <kml:Data name="가맹사">
          <kml:value>CU</kml:value>
        </kml:Data>
        <kml:Data name="지점명">
          <kml:value>봉천역점</kml:value>
        </kml:Data>
        <kml:Data name="전화번">
          <kml:value>02-882-3239</kml:value>
        </kml:Data>
        <kml:Data name="주소">
          <kml:value>서울특별시 관악구 남부순환로 1742, (봉천동) 1층</kml:value>
        </kml:Data>
        <kml:Data name="매칭여">
          <kml:value>Y</kml:value>
        </kml:Data>
        <kml:Data name="최신주">
          <kml:value>서울특별시 관악구 봉천동 922-24</kml:value>
        </kml:Data>
        <kml:Data name="x">
          <kml:value>126.9435355</kml:value>
        </kml:Data>
        <kml:Data name="y">
          <kml:value>37.48194547</kml:value>
        </kml:Data>
      </kml:ExtendedData>
      <kml:Point>
        <kml:coordinates>126.94353549551683,37.48194546810423</kml:coordinates>
      </kml:Point>
    </kml:Placemark>
    <kml:Placemark id="fid-60e2cf02_19f3a43cf86_-58ae">
      <kml:ExtendedData>
        <kml:Data name="fid">
          <kml:value>92</kml:value>
        </kml:Data>
        <kml:Data name="가맹사">
          <kml:value>CU</kml:value>
        </kml:Data>
        <kml:Data name="지점명">
          <kml:value>봉천장미점</kml:value>
        </kml:Data>
        <kml:Data name="전화번">
          <kml:value>02-887-2940</kml:value>
        </kml:Data>
        <kml:Data name="주소">
          <kml:value>서울특별시 관악구 인헌길 123, (봉천동)</kml:value>
        </kml:Data>
        <kml:Data name="매칭여">
          <kml:value>Y</kml:value>
        </kml:Data>
        <kml:Data name="최신주">
          <kml:value>서울특별시 관악구 봉천동 180-153</kml:value>
        </kml:Data>
        <kml:Data name="x">
          <kml:value>126.96813914</kml:value>
        </kml:Data>
        <kml:Data name="y">
          <kml:value>37.47036896</kml:value>
        </kml:Data>
      </kml:ExtendedData>
      <kml:Point>
        <kml:coordinates>126.9681391346645,37.470368960434975</kml:coordinates>
      </kml:Point>
    </kml:Placemark>
    <kml:Placemark id="fid-60e2cf02_19f3a43cf86_-58ad">
      <kml:ExtendedData>
        <kml:Data name="fid">
          <kml:value>93</kml:value>
        </kml:Data>
        <kml:Data name="가맹사">
          <kml:value>CU</kml:value>
        </kml:Data>
        <kml:Data name="지점명">
          <kml:value>봉천제일점</kml:value>
        </kml:Data>
        <kml:Data name="전화번">
          <kml:value>02-883-0199</kml:value>
        </kml:Data>
        <kml:Data name="주소">
          <kml:value>서울특별시 관악구 양녕로 29, (봉천동)</kml:value>
        </kml:Data>
        <kml:Data name="매칭여">
          <kml:value>Y</kml:value>
        </kml:Data>
        <kml:Data name="최신주">
          <kml:value>서울특별시 관악구 봉천동 910-1</kml:value>
        </kml:Data>
        <kml:Data name="x">
          <kml:value>126.94639559</kml:value>
        </kml:Data>
        <kml:Data name="y">
          <kml:value>37.48463944</kml:value>
        </kml:Data>
      </kml:ExtendedData>
      <kml:Point>
        <kml:coordinates>126.94639559383657,37.484639439218235</kml:coordinates>
      </kml:Point>
    </kml:Placemark>
    <kml:Placemark id="fid-60e2cf02_19f3a43cf86_-58ac">
      <kml:ExtendedData>
        <kml:Data name="fid">
          <kml:value>94</kml:value>
        </kml:Data>
        <kml:Data name="가맹사">
          <kml:value>CU</kml:value>
        </kml:Data>
        <kml:Data name="지점명">
          <kml:value>사당남현점</kml:value>
        </kml:Data>
        <kml:Data name="전화번">
          <kml:value>02-522-9661</kml:value>
        </kml:Data>
        <kml:Data name="주소">
          <kml:value>서울특별시 관악구 남현3길 62, (남현동)</kml:value>
        </kml:Data>
        <kml:Data name="매칭여">
          <kml:value>Y</kml:value>
        </kml:Data>
        <kml:Data name="최신주">
          <kml:value>서울특별시 관악구 남현동 602-42</kml:value>
        </kml:Data>
        <kml:Data name="x">
          <kml:value>126.97998327</kml:value>
        </kml:Data>
        <kml:Data name="y">
          <kml:value>37.47507153</kml:value>
        </kml:Data>
      </kml:ExtendedData>
      <kml:Point>
        <kml:coordinates>126.97998326999341,37.47507152553864</kml:coordinates>
      </kml:Point>
    </kml:Placemark>
    <kml:Placemark id="fid-60e2cf02_19f3a43cf86_-58ab">
      <kml:ExtendedData>
        <kml:Data name="fid">
          <kml:value>95</kml:value>
        </kml:Data>
        <kml:Data name="가맹사">
          <kml:value>CU</kml:value>
        </kml:Data>
        <kml:Data name="지점명">
          <kml:value>서림태양점</kml:value>
        </kml:Data>
        <kml:Data name="전화번">
          <kml:value>02-874-8131</kml:value>
        </kml:Data>
        <kml:Data name="주소">
          <kml:value>서울특별시 관악구 쑥고개로2길 43, (신림동)</kml:value>
        </kml:Data>
        <kml:Data name="매칭여">
          <kml:value>Y</kml:value>
        </kml:Data>
        <kml:Data name="최신주">
          <kml:value>서울특별시 관악구 신림동 1564-55</kml:value>
        </kml:Data>
        <kml:Data name="x">
          <kml:value>126.93954233</kml:value>
        </kml:Data>
        <kml:Data name="y">
          <kml:value>37.4756919</kml:value>
        </kml:Data>
      </kml:ExtendedData>
      <kml:Point>
        <kml:coordinates>126.93954232775597,37.4756919019176</kml:coordinates>
      </kml:Point>
    </kml:Placemark>
    <kml:Placemark id="fid-60e2cf02_19f3a43cf86_-58aa">
      <kml:ExtendedData>
        <kml:Data name="fid">
          <kml:value>96</kml:value>
        </kml:Data>
        <kml:Data name="가맹사">
          <kml:value>CU</kml:value>
        </kml:Data>
        <kml:Data name="지점명">
          <kml:value>서울대301동점</kml:value>
        </kml:Data>
        <kml:Data name="전화번">
          <kml:value>02-880-1933</kml:value>
        </kml:Data>
        <kml:Data name="주소">
          <kml:value>서울특별시 관악구 관악로 1, 서울대학교 제공학관 신림동(신림동) 1층 1호</kml:value>
        </kml:Data>
        <kml:Data name="매칭여">
          <kml:value>Y</kml:value>
        </kml:Data>
        <kml:Data name="최신주">
          <kml:value>서울특별시 관악구 신림동 산 56-1</kml:value>
        </kml:Data>
        <kml:Data name="x">
          <kml:value>126.95880253</kml:value>
        </kml:Data>
        <kml:Data name="y">
          <kml:value>37.45617591</kml:value>
        </kml:Data>
      </kml:ExtendedData>
      <kml:Point>
        <kml:coordinates>126.95880253246425,37.456175908756926</kml:coordinates>
      </kml:Point>
    </kml:Placemark>
    <kml:Placemark id="fid-60e2cf02_19f3a43cf86_-58a9">
      <kml:ExtendedData>
        <kml:Data name="fid">
          <kml:value>97</kml:value>
        </kml:Data>
        <kml:Data name="가맹사">
          <kml:value>CU</kml:value>
        </kml:Data>
        <kml:Data name="지점명">
          <kml:value>서울대관정도서관점</kml:value>
        </kml:Data>
        <kml:Data name="전화번">
          <kml:value>02-873-4517</kml:value>
        </kml:Data>
        <kml:Data name="주소">
          <kml:value>서울특별시 관악구 관악로 1, 서울대학교 관정도서관 부속동 신림동(신림동) 4호</kml:value>
        </kml:Data>
        <kml:Data name="매칭여">
          <kml:value>Y</kml:value>
        </kml:Data>
        <kml:Data name="최신주">
          <kml:value>서울특별시 관악구 신림동 산 56-1</kml:value>
        </kml:Data>
        <kml:Data name="x">
          <kml:value>126.95880253</kml:value>
        </kml:Data>
        <kml:Data name="y">
          <kml:value>37.45617591</kml:value>
        </kml:Data>
      </kml:ExtendedData>
      <kml:Point>
        <kml:coordinates>126.95880253246425,37.456175908756926</kml:coordinates>
      </kml:Point>
    </kml:Placemark>
    <kml:Placemark id="fid-60e2cf02_19f3a43cf86_-58a8">
      <kml:ExtendedData>
        <kml:Data name="fid">
          <kml:value>98</kml:value>
        </kml:Data>
        <kml:Data name="가맹사">
          <kml:value>CU</kml:value>
        </kml:Data>
        <kml:Data name="지점명">
          <kml:value>서울대서연점</kml:value>
        </kml:Data>
        <kml:Data name="전화번">
          <kml:value>02-883-6003</kml:value>
        </kml:Data>
        <kml:Data name="주소">
          <kml:value>서울특별시 관악구 관악로 132, 서울법학원 (봉천동)</kml:value>
        </kml:Data>
        <kml:Data name="매칭여">
          <kml:value>Y</kml:value>
        </kml:Data>
        <kml:Data name="최신주">
          <kml:value>서울특별시 관악구 봉천동 1597-24</kml:value>
        </kml:Data>
        <kml:Data name="x">
          <kml:value>126.95270906</kml:value>
        </kml:Data>
        <kml:Data name="y">
          <kml:value>37.47697306</kml:value>
        </kml:Data>
      </kml:ExtendedData>
      <kml:Point>
        <kml:coordinates>126.95270906333461,37.47697305916676</kml:coordinates>
      </kml:Point>
    </kml:Placemark>
    <kml:Placemark id="fid-60e2cf02_19f3a43cf86_-58a7">
      <kml:ExtendedData>
        <kml:Data name="fid">
          <kml:value>99</kml:value>
        </kml:Data>
        <kml:Data name="가맹사">
          <kml:value>CU</kml:value>
        </kml:Data>
        <kml:Data name="지점명">
          <kml:value>서울대스위트점</kml:value>
        </kml:Data>
        <kml:Data name="전화번">
          <kml:value>02-857-8242</kml:value>
        </kml:Data>
        <kml:Data name="주소">
          <kml:value>서울특별시 관악구 관악로 157, (봉천동)</kml:value>
        </kml:Data>
        <kml:Data name="매칭여">
          <kml:value>Y</kml:value>
        </kml:Data>
        <kml:Data name="최신주">
          <kml:value>서울특별시 관악구 봉천동 863-4</kml:value>
        </kml:Data>
        <kml:Data name="x">
          <kml:value>126.95205253</kml:value>
        </kml:Data>
        <kml:Data name="y">
          <kml:value>37.47947266</kml:value>
        </kml:Data>
      </kml:ExtendedData>
      <kml:Point>
        <kml:coordinates>126.95205252684012,37.47947266219768</kml:coordinates>
      </kml:Point>
    </kml:Placemark>
    <kml:Placemark id="fid-60e2cf02_19f3a43cf86_-58a6">
      <kml:ExtendedData>
        <kml:Data name="fid">
          <kml:value>100</kml:value>
        </kml:Data>
        <kml:Data name="가맹사">
          <kml:value>CU</kml:value>
        </kml:Data>
        <kml:Data name="지점명">
          <kml:value>서울대우신점</kml:value>
        </kml:Data>
        <kml:Data name="전화번">
          <kml:value>02-878-6702</kml:value>
        </kml:Data>
        <kml:Data name="주소">
          <kml:value>서울특별시 관악구 관악로16길 26, (봉천동)</kml:value>
        </kml:Data>
        <kml:Data name="매칭여">
          <kml:value>Y</kml:value>
        </kml:Data>
        <kml:Data name="최신주">
          <kml:value>서울특별시 관악구 봉천동 1602-1</kml:value>
        </kml:Data>
        <kml:Data name="x">
          <kml:value>126.95397644</kml:value>
        </kml:Data>
        <kml:Data name="y">
          <kml:value>37.48003219</kml:value>
        </kml:Data>
      </kml:ExtendedData>
      <kml:Point>
        <kml:coordinates>126.95397643544237,37.48003218627722</kml:coordinates>
      </kml:Point>
    </kml:Placemark>
    <kml:Placemark id="fid-60e2cf02_19f3a43cf86_-58a5">
      <kml:ExtendedData>
        <kml:Data name="fid">
          <kml:value>101</kml:value>
        </kml:Data>
        <kml:Data name="가맹사">
          <kml:value>CU</kml:value>
        </kml:Data>
        <kml:Data name="지점명">
          <kml:value>서울대중앙도서관점</kml:value>
        </kml:Data>
        <kml:Data name="전화번">
          <kml:value>02-880-5548</kml:value>
        </kml:Data>
        <kml:Data name="주소">
          <kml:value>서울특별시 관악구 관악로 1, (신림동) 서울대학교 62동 중앙도서관</kml:value>
        </kml:Data>
        <kml:Data name="매칭여">
          <kml:value>Y</kml:value>
        </kml:Data>
        <kml:Data name="최신주">
          <kml:value>서울특별시 관악구 신림동 산 56-1</kml:value>
        </kml:Data>
        <kml:Data name="x">
          <kml:value>126.95880253</kml:value>
        </kml:Data>
        <kml:Data name="y">
          <kml:value>37.45617591</kml:value>
        </kml:Data>
      </kml:ExtendedData>
      <kml:Point>
        <kml:coordinates>126.95880253246425,37.456175908756926</kml:coordinates>
      </kml:Point>
    </kml:Placemark>
    <kml:Placemark id="fid-60e2cf02_19f3a43cf86_-58a4">
      <kml:ExtendedData>
        <kml:Data name="fid">
          <kml:value>102</kml:value>
        </kml:Data>
        <kml:Data name="가맹사">
          <kml:value>CU</kml:value>
        </kml:Data>
        <kml:Data name="지점명">
          <kml:value>서울대파인2호점</kml:value>
        </kml:Data>
        <kml:Data name="전화번">
          <kml:value>02-875-5989</kml:value>
        </kml:Data>
        <kml:Data name="주소">
          <kml:value>서울특별시 관악구 남부순환로216길 24 (봉천동)</kml:value>
        </kml:Data>
        <kml:Data name="매칭여">
          <kml:value>Y</kml:value>
        </kml:Data>
        <kml:Data name="최신주">
          <kml:value>서울특별시 관악구 봉천동 880-41</kml:value>
        </kml:Data>
        <kml:Data name="x">
          <kml:value>126.94879176</kml:value>
        </kml:Data>
        <kml:Data name="y">
          <kml:value>37.48034237</kml:value>
        </kml:Data>
      </kml:ExtendedData>
      <kml:Point>
        <kml:coordinates>126.94879176229783,37.48034236705905</kml:coordinates>
      </kml:Point>
    </kml:Placemark>
    <kml:Placemark id="fid-60e2cf02_19f3a43cf86_-58a3">
      <kml:ExtendedData>
        <kml:Data name="fid">
          <kml:value>103</kml:value>
        </kml:Data>
        <kml:Data name="가맹사">
          <kml:value>CU</kml:value>
        </kml:Data>
        <kml:Data name="지점명">
          <kml:value>서울대파인점</kml:value>
        </kml:Data>
        <kml:Data name="전화번">
          <kml:value>02-889-8585</kml:value>
        </kml:Data>
        <kml:Data name="주소">
          <kml:value>서울특별시 관악구 청룡1길 46, (봉천동)</kml:value>
        </kml:Data>
        <kml:Data name="매칭여">
          <kml:value>Y</kml:value>
        </kml:Data>
        <kml:Data name="최신주">
          <kml:value>서울특별시 관악구 봉천동 882-1</kml:value>
        </kml:Data>
        <kml:Data name="x">
          <kml:value>126.94886966</kml:value>
        </kml:Data>
        <kml:Data name="y">
          <kml:value>37.48091595</kml:value>
        </kml:Data>
      </kml:ExtendedData>
      <kml:Point>
        <kml:coordinates>126.9488696598519,37.480915946178165</kml:coordinates>
      </kml:Point>
    </kml:Placemark>
    <kml:Placemark id="fid-60e2cf02_19f3a43cf86_-58a2">
      <kml:ExtendedData>
        <kml:Data name="fid">
          <kml:value>104</kml:value>
        </kml:Data>
        <kml:Data name="가맹사">
          <kml:value>CU</kml:value>
        </kml:Data>
        <kml:Data name="지점명">
          <kml:value>서울대학교신양점</kml:value>
        </kml:Data>
        <kml:Data name="전화번">
          <kml:value>02-883-7025</kml:value>
        </kml:Data>
        <kml:Data name="주소">
          <kml:value>서울특별시 관악구 관악로 1, 신양학술정보관 (신림동)</kml:value>
        </kml:Data>
        <kml:Data name="매칭여">
          <kml:value>Y</kml:value>
        </kml:Data>
        <kml:Data name="최신주">
          <kml:value>서울특별시 관악구 신림동 산 56-1</kml:value>
        </kml:Data>
        <kml:Data name="x">
          <kml:value>126.95880253</kml:value>
        </kml:Data>
        <kml:Data name="y">
          <kml:value>37.45617591</kml:value>
        </kml:Data>
      </kml:ExtendedData>
      <kml:Point>
        <kml:coordinates>126.95880253246425,37.456175908756926</kml:coordinates>
      </kml:Point>
    </kml:Placemark>
    <kml:Placemark id="fid-60e2cf02_19f3a43cf86_-58a1">
      <kml:ExtendedData>
        <kml:Data name="fid">
          <kml:value>105</kml:value>
        </kml:Data>
        <kml:Data name="가맹사">
          <kml:value>CU</kml:value>
        </kml:Data>
        <kml:Data name="지점명">
          <kml:value>서울대해동학술관점</kml:value>
        </kml:Data>
        <kml:Data name="전화번">
          <kml:value>070-4249-9993</kml:value>
        </kml:Data>
        <kml:Data name="주소">
          <kml:value>서울특별시 관악구 관악로 1, 서울대학교 해동학술관(신림동)</kml:value>
        </kml:Data>
        <kml:Data name="매칭여">
          <kml:value>Y</kml:value>
        </kml:Data>
        <kml:Data name="최신주">
          <kml:value>서울특별시 관악구 신림동 산 56-1</kml:value>
        </kml:Data>
        <kml:Data name="x">
          <kml:value>126.95880253</kml:value>
        </kml:Data>
        <kml:Data name="y">
          <kml:value>37.45617591</kml:value>
        </kml:Data>
      </kml:ExtendedData>
      <kml:Point>
        <kml:coordinates>126.95880253246425,37.456175908756926</kml:coordinates>
      </kml:Point>
    </kml:Placemark>
    <kml:Placemark id="fid-60e2cf02_19f3a43cf86_-58a0">
      <kml:ExtendedData>
        <kml:Data name="fid">
          <kml:value>106</kml:value>
        </kml:Data>
        <kml:Data name="가맹사">
          <kml:value>CU</kml:value>
        </kml:Data>
        <kml:Data name="지점명">
          <kml:value>신대방역점</kml:value>
        </kml:Data>
        <kml:Data name="전화번">
          <kml:value>02-861-1512</kml:value>
        </kml:Data>
        <kml:Data name="주소">
          <kml:value>서울특별시 관악구 난곡로 360, (신림동)</kml:value>
        </kml:Data>
        <kml:Data name="매칭여">
          <kml:value>Y</kml:value>
        </kml:Data>
        <kml:Data name="최신주">
          <kml:value>서울특별시 관악구 신림동 516-28</kml:value>
        </kml:Data>
        <kml:Data name="x">
          <kml:value>126.9139413</kml:value>
        </kml:Data>
        <kml:Data name="y">
          <kml:value>37.48619255</kml:value>
        </kml:Data>
      </kml:ExtendedData>
      <kml:Point>
        <kml:coordinates>126.91394130354652,37.48619254976731</kml:coordinates>
      </kml:Point>
    </kml:Placemark>
    <kml:Placemark id="fid-60e2cf02_19f3a43cf86_-589f">
      <kml:ExtendedData>
        <kml:Data name="fid">
          <kml:value>107</kml:value>
        </kml:Data>
        <kml:Data name="가맹사">
          <kml:value>CU</kml:value>
        </kml:Data>
        <kml:Data name="지점명">
          <kml:value>신림4동점</kml:value>
        </kml:Data>
        <kml:Data name="전화번">
          <kml:value>02-830-5956</kml:value>
        </kml:Data>
        <kml:Data name="주소">
          <kml:value>서울특별시 관악구 조원로 143, (신림동)</kml:value>
        </kml:Data>
        <kml:Data name="매칭여">
          <kml:value>Y</kml:value>
        </kml:Data>
        <kml:Data name="최신주">
          <kml:value>서울특별시 관악구 신림동 480-2</kml:value>
        </kml:Data>
        <kml:Data name="x">
          <kml:value>126.91817294</kml:value>
        </kml:Data>
        <kml:Data name="y">
          <kml:value>37.48579238</kml:value>
        </kml:Data>
      </kml:ExtendedData>
      <kml:Point>
        <kml:coordinates>126.91817293970887,37.48579237683638</kml:coordinates>
      </kml:Point>
    </kml:Placemark>
    <kml:Placemark id="fid-60e2cf02_19f3a43cf86_-589e">
      <kml:ExtendedData>
        <kml:Data name="fid">
          <kml:value>108</kml:value>
        </kml:Data>
        <kml:Data name="가맹사">
          <kml:value>CU</kml:value>
        </kml:Data>
        <kml:Data name="지점명">
          <kml:value>신림CS점</kml:value>
        </kml:Data>
        <kml:Data name="전화번">
          <kml:value>02-830-5270</kml:value>
        </kml:Data>
        <kml:Data name="주소">
          <kml:value>서울특별시 관악구 남부순환로 1456, (신림동)</kml:value>
        </kml:Data>
        <kml:Data name="매칭여">
          <kml:value>Y</kml:value>
        </kml:Data>
        <kml:Data name="최신주">
          <kml:value>서울특별시 관악구 신림동 1474-10</kml:value>
        </kml:Data>
        <kml:Data name="x">
          <kml:value>126.91262337</kml:value>
        </kml:Data>
        <kml:Data name="y">
          <kml:value>37.48115325</kml:value>
        </kml:Data>
      </kml:ExtendedData>
      <kml:Point>
        <kml:coordinates>126.91262337213145,37.48115325187764</kml:coordinates>
      </kml:Point>
    </kml:Placemark>
    <kml:Placemark id="fid-60e2cf02_19f3a43cf86_-589d">
      <kml:ExtendedData>
        <kml:Data name="fid">
          <kml:value>109</kml:value>
        </kml:Data>
        <kml:Data name="가맹사">
          <kml:value>CU</kml:value>
        </kml:Data>
        <kml:Data name="지점명">
          <kml:value>신림고시촌점</kml:value>
        </kml:Data>
        <kml:Data name="전화번">
          <kml:value>02-888-1827</kml:value>
        </kml:Data>
        <kml:Data name="주소">
          <kml:value>서울특별시 관악구 신림로 105, (신림동)</kml:value>
        </kml:Data>
        <kml:Data name="매칭여">
          <kml:value>Y</kml:value>
        </kml:Data>
        <kml:Data name="최신주">
          <kml:value>서울특별시 관악구 신림동 1516-3</kml:value>
        </kml:Data>
        <kml:Data name="x">
          <kml:value>126.93761406</kml:value>
        </kml:Data>
        <kml:Data name="y">
          <kml:value>37.47050841</kml:value>
        </kml:Data>
      </kml:ExtendedData>
      <kml:Point>
        <kml:coordinates>126.93761405565317,37.47050841381269</kml:coordinates>
      </kml:Point>
    </kml:Placemark>
    <kml:Placemark id="fid-60e2cf02_19f3a43cf86_-589c">
      <kml:ExtendedData>
        <kml:Data name="fid">
          <kml:value>110</kml:value>
        </kml:Data>
        <kml:Data name="가맹사">
          <kml:value>CU</kml:value>
        </kml:Data>
        <kml:Data name="지점명">
          <kml:value>신림동희점</kml:value>
        </kml:Data>
        <kml:Data name="전화번">
          <kml:value>-</kml:value>
        </kml:Data>
        <kml:Data name="주소">
          <kml:value>서울특별시 관악구 신림로22길 24</kml:value>
        </kml:Data>
        <kml:Data name="매칭여">
          <kml:value>Y</kml:value>
        </kml:Data>
        <kml:Data name="최신주">
          <kml:value>서울특별시 관악구 신림동 108-103</kml:value>
        </kml:Data>
        <kml:Data name="x">
          <kml:value>126.93569813</kml:value>
        </kml:Data>
        <kml:Data name="y">
          <kml:value>37.47234789</kml:value>
        </kml:Data>
      </kml:ExtendedData>
      <kml:Point>
        <kml:coordinates>126.93569812573276,37.47234788959572</kml:coordinates>
      </kml:Point>
    </kml:Placemark>
    <kml:Placemark id="fid-60e2cf02_19f3a43cf86_-589b">
      <kml:ExtendedData>
        <kml:Data name="fid">
          <kml:value>111</kml:value>
        </kml:Data>
        <kml:Data name="가맹사">
          <kml:value>CU</kml:value>
        </kml:Data>
        <kml:Data name="지점명">
          <kml:value>신림두리점</kml:value>
        </kml:Data>
        <kml:Data name="전화번">
          <kml:value>02-875-0403</kml:value>
        </kml:Data>
        <kml:Data name="주소">
          <kml:value>서울특별시 관악구 신림동7길 42, (신림동) 1층</kml:value>
        </kml:Data>
        <kml:Data name="매칭여">
          <kml:value>Y</kml:value>
        </kml:Data>
        <kml:Data name="최신주">
          <kml:value>서울특별시 관악구 신림동 1463-51</kml:value>
        </kml:Data>
        <kml:Data name="x">
          <kml:value>126.92657402</kml:value>
        </kml:Data>
        <kml:Data name="y">
          <kml:value>37.48523925</kml:value>
        </kml:Data>
      </kml:ExtendedData>
      <kml:Point>
        <kml:coordinates>126.92657401562592,37.48523925439535</kml:coordinates>
      </kml:Point>
    </kml:Placemark>
    <kml:Placemark id="fid-60e2cf02_19f3a43cf86_-589a">
      <kml:ExtendedData>
        <kml:Data name="fid">
          <kml:value>112</kml:value>
        </kml:Data>
        <kml:Data name="가맹사">
          <kml:value>CU</kml:value>
        </kml:Data>
        <kml:Data name="지점명">
          <kml:value>신림로점</kml:value>
        </kml:Data>
        <kml:Data name="전화번">
          <kml:value>02-878-5020</kml:value>
        </kml:Data>
        <kml:Data name="주소">
          <kml:value>서울특별시 관악구 신림로 153, (신림동)</kml:value>
        </kml:Data>
        <kml:Data name="매칭여">
          <kml:value>Y</kml:value>
        </kml:Data>
        <kml:Data name="최신주">
          <kml:value>서울특별시 관악구 신림동 395-12</kml:value>
        </kml:Data>
        <kml:Data name="x">
          <kml:value>126.9329117</kml:value>
        </kml:Data>
        <kml:Data name="y">
          <kml:value>37.47270064</kml:value>
        </kml:Data>
      </kml:ExtendedData>
      <kml:Point>
        <kml:coordinates>126.93291169906412,37.47270064194994</kml:coordinates>
      </kml:Point>
    </kml:Placemark>
    <kml:Placemark id="fid-60e2cf02_19f3a43cf86_-5899">
      <kml:ExtendedData>
        <kml:Data name="fid">
          <kml:value>113</kml:value>
        </kml:Data>
        <kml:Data name="가맹사">
          <kml:value>CU</kml:value>
        </kml:Data>
        <kml:Data name="지점명">
          <kml:value>신림법원단지점</kml:value>
        </kml:Data>
        <kml:Data name="전화번">
          <kml:value>02-862-7920</kml:value>
        </kml:Data>
        <kml:Data name="주소">
          <kml:value>서울특별시 관악구 법원단지13길 16 우석빌라12차</kml:value>
        </kml:Data>
        <kml:Data name="매칭여">
          <kml:value>Y</kml:value>
        </kml:Data>
        <kml:Data name="최신주">
          <kml:value>서울특별시 관악구 신림동 610-89</kml:value>
        </kml:Data>
        <kml:Data name="x">
          <kml:value>126.92088805</kml:value>
        </kml:Data>
        <kml:Data name="y">
          <kml:value>37.47484852</kml:value>
        </kml:Data>
      </kml:ExtendedData>
      <kml:Point>
        <kml:coordinates>126.92088805367231,37.47484851845819</kml:coordinates>
      </kml:Point>
    </kml:Placemark>
    <kml:Placemark id="fid-60e2cf02_19f3a43cf86_-5898">
      <kml:ExtendedData>
        <kml:Data name="fid">
          <kml:value>114</kml:value>
        </kml:Data>
        <kml:Data name="가맹사">
          <kml:value>CU</kml:value>
        </kml:Data>
        <kml:Data name="지점명">
          <kml:value>신림사거리점</kml:value>
        </kml:Data>
        <kml:Data name="전화번">
          <kml:value>02-882-9828</kml:value>
        </kml:Data>
        <kml:Data name="주소">
          <kml:value>서울특별시 관악구 신림로 351, 동산빌딩 (신림동) 1층</kml:value>
        </kml:Data>
        <kml:Data name="매칭여">
          <kml:value>Y</kml:value>
        </kml:Data>
        <kml:Data name="최신주">
          <kml:value>서울특별시 관악구 신림동 1432-76</kml:value>
        </kml:Data>
        <kml:Data name="x">
          <kml:value>126.92921725</kml:value>
        </kml:Data>
        <kml:Data name="y">
          <kml:value>37.48565417</kml:value>
        </kml:Data>
      </kml:ExtendedData>
      <kml:Point>
        <kml:coordinates>126.92921724836867,37.485654173481116</kml:coordinates>
      </kml:Point>
    </kml:Placemark>
    <kml:Placemark id="fid-60e2cf02_19f3a43cf86_-5897">
      <kml:ExtendedData>
        <kml:Data name="fid">
          <kml:value>115</kml:value>
        </kml:Data>
        <kml:Data name="가맹사">
          <kml:value>CU</kml:value>
        </kml:Data>
        <kml:Data name="지점명">
          <kml:value>신림에코리움점</kml:value>
        </kml:Data>
        <kml:Data name="전화번">
          <kml:value>02-871-4907</kml:value>
        </kml:Data>
        <kml:Data name="주소">
          <kml:value>서울특별시 관악구 신원로 35, (신림동)</kml:value>
        </kml:Data>
        <kml:Data name="매칭여">
          <kml:value>Y</kml:value>
        </kml:Data>
        <kml:Data name="최신주">
          <kml:value>서울특별시 관악구 신림동 1638-1</kml:value>
        </kml:Data>
        <kml:Data name="x">
          <kml:value>126.92892061</kml:value>
        </kml:Data>
        <kml:Data name="y">
          <kml:value>37.48224038</kml:value>
        </kml:Data>
      </kml:ExtendedData>
      <kml:Point>
        <kml:coordinates>126.92892061267582,37.48224037821177</kml:coordinates>
      </kml:Point>
    </kml:Placemark>
    <kml:Placemark id="fid-60e2cf02_19f3a43cf86_-5896">
      <kml:ExtendedData>
        <kml:Data name="fid">
          <kml:value>116</kml:value>
        </kml:Data>
        <kml:Data name="가맹사">
          <kml:value>CU</kml:value>
        </kml:Data>
        <kml:Data name="지점명">
          <kml:value>신림역점</kml:value>
        </kml:Data>
        <kml:Data name="전화번">
          <kml:value>02-888-0295</kml:value>
        </kml:Data>
        <kml:Data name="주소">
          <kml:value>서울특별시 관악구 신림로 323, (신림동)</kml:value>
        </kml:Data>
        <kml:Data name="매칭여">
          <kml:value>Y</kml:value>
        </kml:Data>
        <kml:Data name="최신주">
          <kml:value>서울특별시 관악구 신림동 1640-44</kml:value>
        </kml:Data>
        <kml:Data name="x">
          <kml:value>126.92944896</kml:value>
        </kml:Data>
        <kml:Data name="y">
          <kml:value>37.48336027</kml:value>
        </kml:Data>
      </kml:ExtendedData>
      <kml:Point>
        <kml:coordinates>126.92944895488922,37.48336026741095</kml:coordinates>
      </kml:Point>
    </kml:Placemark>
    <kml:Placemark id="fid-60e2cf02_19f3a43cf86_-5895">
      <kml:ExtendedData>
        <kml:Data name="fid">
          <kml:value>117</kml:value>
        </kml:Data>
        <kml:Data name="가맹사">
          <kml:value>CU</kml:value>
        </kml:Data>
        <kml:Data name="지점명">
          <kml:value>신림우리점</kml:value>
        </kml:Data>
        <kml:Data name="전화번">
          <kml:value>02-882-8058</kml:value>
        </kml:Data>
        <kml:Data name="주소">
          <kml:value>서울특별시 관악구 신림로68길 35, (신림동)</kml:value>
        </kml:Data>
        <kml:Data name="매칭여">
          <kml:value>Y</kml:value>
        </kml:Data>
        <kml:Data name="최신주">
          <kml:value>서울특별시 관악구 신림동 1417-5</kml:value>
        </kml:Data>
        <kml:Data name="x">
          <kml:value>126.93135587</kml:value>
        </kml:Data>
        <kml:Data name="y">
          <kml:value>37.48668399</kml:value>
        </kml:Data>
      </kml:ExtendedData>
      <kml:Point>
        <kml:coordinates>126.93135587099847,37.48668399375242</kml:coordinates>
      </kml:Point>
    </kml:Placemark>
    <kml:Placemark id="fid-60e2cf02_19f3a43cf86_-5894">
      <kml:ExtendedData>
        <kml:Data name="fid">
          <kml:value>118</kml:value>
        </kml:Data>
        <kml:Data name="가맹사">
          <kml:value>CU</kml:value>
        </kml:Data>
        <kml:Data name="지점명">
          <kml:value>신림이화점</kml:value>
        </kml:Data>
        <kml:Data name="전화번">
          <kml:value>02-878-6404</kml:value>
        </kml:Data>
        <kml:Data name="주소">
          <kml:value>서울특별시 관악구 서림길 127, (신림동)</kml:value>
        </kml:Data>
        <kml:Data name="매칭여">
          <kml:value>Y</kml:value>
        </kml:Data>
        <kml:Data name="최신주">
          <kml:value>서울특별시 관악구 신림동 103-201</kml:value>
        </kml:Data>
        <kml:Data name="x">
          <kml:value>126.94077281</kml:value>
        </kml:Data>
        <kml:Data name="y">
          <kml:value>37.47106311</kml:value>
        </kml:Data>
      </kml:ExtendedData>
      <kml:Point>
        <kml:coordinates>126.94077280855106,37.47106310923341</kml:coordinates>
      </kml:Point>
    </kml:Placemark>
    <kml:Placemark id="fid-60e2cf02_19f3a43cf86_-5893">
      <kml:ExtendedData>
        <kml:Data name="fid">
          <kml:value>119</kml:value>
        </kml:Data>
        <kml:Data name="가맹사">
          <kml:value>CU</kml:value>
        </kml:Data>
        <kml:Data name="지점명">
          <kml:value>신림인석점</kml:value>
        </kml:Data>
        <kml:Data name="전화번">
          <kml:value>02-852-5341</kml:value>
        </kml:Data>
        <kml:Data name="주소">
          <kml:value>서울특별시 관악구 문성로 217, (신림동)</kml:value>
        </kml:Data>
        <kml:Data name="매칭여">
          <kml:value>Y</kml:value>
        </kml:Data>
        <kml:Data name="최신주">
          <kml:value>서울특별시 관악구 신림동 1628-89</kml:value>
        </kml:Data>
        <kml:Data name="x">
          <kml:value>126.92782849</kml:value>
        </kml:Data>
        <kml:Data name="y">
          <kml:value>37.47946541</kml:value>
        </kml:Data>
      </kml:ExtendedData>
      <kml:Point>
        <kml:coordinates>126.92782849094752,37.47946541164426</kml:coordinates>
      </kml:Point>
    </kml:Placemark>
    <kml:Placemark id="fid-60e2cf02_19f3a43cf86_-5892">
      <kml:ExtendedData>
        <kml:Data name="fid">
          <kml:value>120</kml:value>
        </kml:Data>
        <kml:Data name="가맹사">
          <kml:value>CU</kml:value>
        </kml:Data>
        <kml:Data name="지점명">
          <kml:value>신림장미점</kml:value>
        </kml:Data>
        <kml:Data name="전화번">
          <kml:value>02-872-6070</kml:value>
        </kml:Data>
        <kml:Data name="주소">
          <kml:value>서울특별시 관악구 신림로 73, (신림동)</kml:value>
        </kml:Data>
        <kml:Data name="매칭여">
          <kml:value>Y</kml:value>
        </kml:Data>
        <kml:Data name="최신주">
          <kml:value>서울특별시 관악구 신림동 237-27</kml:value>
        </kml:Data>
        <kml:Data name="x">
          <kml:value>126.94125108</kml:value>
        </kml:Data>
        <kml:Data name="y">
          <kml:value>37.47044265</kml:value>
        </kml:Data>
      </kml:ExtendedData>
      <kml:Point>
        <kml:coordinates>126.94125108191695,37.47044265088425</kml:coordinates>
      </kml:Point>
    </kml:Placemark>
    <kml:Placemark id="fid-60e2cf02_19f3a43cf86_-5891">
      <kml:ExtendedData>
        <kml:Data name="fid">
          <kml:value>121</kml:value>
        </kml:Data>
        <kml:Data name="가맹사">
          <kml:value>CU</kml:value>
        </kml:Data>
        <kml:Data name="지점명">
          <kml:value>신림조원점</kml:value>
        </kml:Data>
        <kml:Data name="전화번">
          <kml:value>02-855-2232</kml:value>
        </kml:Data>
        <kml:Data name="주소">
          <kml:value>서울특별시 관악구 조원로15길 27</kml:value>
        </kml:Data>
        <kml:Data name="매칭여">
          <kml:value>Y</kml:value>
        </kml:Data>
        <kml:Data name="최신주">
          <kml:value>서울특별시 관악구 신림동 551-29</kml:value>
        </kml:Data>
        <kml:Data name="x">
          <kml:value>126.90957624</kml:value>
        </kml:Data>
        <kml:Data name="y">
          <kml:value>37.4851549</kml:value>
        </kml:Data>
      </kml:ExtendedData>
      <kml:Point>
        <kml:coordinates>126.90957623742626,37.48515489907638</kml:coordinates>
      </kml:Point>
    </kml:Placemark>
    <kml:Placemark id="fid-60e2cf02_19f3a43cf86_-5890">
      <kml:ExtendedData>
        <kml:Data name="fid">
          <kml:value>122</kml:value>
        </kml:Data>
        <kml:Data name="가맹사">
          <kml:value>CU</kml:value>
        </kml:Data>
        <kml:Data name="지점명">
          <kml:value>신림중앙점</kml:value>
        </kml:Data>
        <kml:Data name="전화번">
          <kml:value>02-3285-4993</kml:value>
        </kml:Data>
        <kml:Data name="주소">
          <kml:value>서울특별시 관악구 대학10길 21, (신림동)</kml:value>
        </kml:Data>
        <kml:Data name="매칭여">
          <kml:value>Y</kml:value>
        </kml:Data>
        <kml:Data name="최신주">
          <kml:value>서울특별시 관악구 신림동 1552</kml:value>
        </kml:Data>
        <kml:Data name="x">
          <kml:value>126.93642584</kml:value>
        </kml:Data>
        <kml:Data name="y">
          <kml:value>37.46757463</kml:value>
        </kml:Data>
      </kml:ExtendedData>
      <kml:Point>
        <kml:coordinates>126.93642584007951,37.467574631137545</kml:coordinates>
      </kml:Point>
    </kml:Placemark>
    <kml:Placemark id="fid-60e2cf02_19f3a43cf86_-588f">
      <kml:ExtendedData>
        <kml:Data name="fid">
          <kml:value>123</kml:value>
        </kml:Data>
        <kml:Data name="가맹사">
          <kml:value>CU</kml:value>
        </kml:Data>
        <kml:Data name="지점명">
          <kml:value>신림카페점</kml:value>
        </kml:Data>
        <kml:Data name="전화번">
          <kml:value>-</kml:value>
        </kml:Data>
        <kml:Data name="주소">
          <kml:value>서울특별시 관악구 신림로 228</kml:value>
        </kml:Data>
        <kml:Data name="매칭여">
          <kml:value>Y</kml:value>
        </kml:Data>
        <kml:Data name="최신주">
          <kml:value>서울특별시 관악구 신림동 92-280</kml:value>
        </kml:Data>
        <kml:Data name="x">
          <kml:value>126.93613263</kml:value>
        </kml:Data>
        <kml:Data name="y">
          <kml:value>37.47768979</kml:value>
        </kml:Data>
      </kml:ExtendedData>
      <kml:Point>
        <kml:coordinates>126.93613262555685,37.47768979246659</kml:coordinates>
      </kml:Point>
    </kml:Placemark>
    <kml:Placemark id="fid-60e2cf02_19f3a43cf86_-588e">
      <kml:ExtendedData>
        <kml:Data name="fid">
          <kml:value>124</kml:value>
        </kml:Data>
        <kml:Data name="가맹사">
          <kml:value>CU</kml:value>
        </kml:Data>
        <kml:Data name="지점명">
          <kml:value>신림패션점</kml:value>
        </kml:Data>
        <kml:Data name="전화번">
          <kml:value>02-875-0105</kml:value>
        </kml:Data>
        <kml:Data name="주소">
          <kml:value>서울특별시 관악구 신림동길 26, (신림동)</kml:value>
        </kml:Data>
        <kml:Data name="매칭여">
          <kml:value>Y</kml:value>
        </kml:Data>
        <kml:Data name="최신주">
          <kml:value>서울특별시 관악구 신림동 1458-3</kml:value>
        </kml:Data>
        <kml:Data name="x">
          <kml:value>126.92583031</kml:value>
        </kml:Data>
        <kml:Data name="y">
          <kml:value>37.48719422</kml:value>
        </kml:Data>
      </kml:ExtendedData>
      <kml:Point>
        <kml:coordinates>126.92583031028211,37.48719421696937</kml:coordinates>
      </kml:Point>
    </kml:Placemark>
    <kml:Placemark id="fid-60e2cf02_19f3a43cf86_-588d">
      <kml:ExtendedData>
        <kml:Data name="fid">
          <kml:value>125</kml:value>
        </kml:Data>
        <kml:Data name="가맹사">
          <kml:value>CU</kml:value>
        </kml:Data>
        <kml:Data name="지점명">
          <kml:value>신림행운점</kml:value>
        </kml:Data>
        <kml:Data name="전화번">
          <kml:value>02-3281-4959</kml:value>
        </kml:Data>
        <kml:Data name="주소">
          <kml:value>서울특별시 관악구 남부순환로172길 39, (신림동)</kml:value>
        </kml:Data>
        <kml:Data name="매칭여">
          <kml:value>Y</kml:value>
        </kml:Data>
        <kml:Data name="최신주">
          <kml:value>서울특별시 관악구 신림동 1580-4</kml:value>
        </kml:Data>
        <kml:Data name="x">
          <kml:value>126.92373473</kml:value>
        </kml:Data>
        <kml:Data name="y">
          <kml:value>37.48271185</kml:value>
        </kml:Data>
      </kml:ExtendedData>
      <kml:Point>
        <kml:coordinates>126.92373473427061,37.48271185000982</kml:coordinates>
      </kml:Point>
    </kml:Placemark>
    <kml:Placemark id="fid-60e2cf02_19f3a43cf86_-588c">
      <kml:ExtendedData>
        <kml:Data name="fid">
          <kml:value>126</kml:value>
        </kml:Data>
        <kml:Data name="가맹사">
          <kml:value>CU</kml:value>
        </kml:Data>
        <kml:Data name="지점명">
          <kml:value>신림흥원점</kml:value>
        </kml:Data>
        <kml:Data name="전화번">
          <kml:value>010-4788-8416</kml:value>
        </kml:Data>
        <kml:Data name="주소">
          <kml:value>서울특별시 관악구 남부순환로144길 71 흥원아파트</kml:value>
        </kml:Data>
        <kml:Data name="매칭여">
          <kml:value>Y</kml:value>
        </kml:Data>
        <kml:Data name="최신주">
          <kml:value>서울특별시 관악구 신림동 1478-37</kml:value>
        </kml:Data>
        <kml:Data name="x">
          <kml:value>126.91348815</kml:value>
        </kml:Data>
        <kml:Data name="y">
          <kml:value>37.47820025</kml:value>
        </kml:Data>
      </kml:ExtendedData>
      <kml:Point>
        <kml:coordinates>126.91348815125674,37.47820024750087</kml:coordinates>
      </kml:Point>
    </kml:Placemark>
    <kml:Placemark id="fid-60e2cf02_19f3a43cf86_-588b">
      <kml:ExtendedData>
        <kml:Data name="fid">
          <kml:value>127</kml:value>
        </kml:Data>
        <kml:Data name="가맹사">
          <kml:value>CU</kml:value>
        </kml:Data>
        <kml:Data name="지점명">
          <kml:value>양지병원점</kml:value>
        </kml:Data>
        <kml:Data name="전화번">
          <kml:value>02-3285-6103</kml:value>
        </kml:Data>
        <kml:Data name="주소">
          <kml:value>서울특별시 관악구 남부순환로 1640, (신림동)</kml:value>
        </kml:Data>
        <kml:Data name="매칭여">
          <kml:value>Y</kml:value>
        </kml:Data>
        <kml:Data name="최신주">
          <kml:value>서울특별시 관악구 신림동 10-207</kml:value>
        </kml:Data>
        <kml:Data name="x">
          <kml:value>126.93291237</kml:value>
        </kml:Data>
        <kml:Data name="y">
          <kml:value>37.48431369</kml:value>
        </kml:Data>
      </kml:ExtendedData>
      <kml:Point>
        <kml:coordinates>126.93291236748816,37.48431368928381</kml:coordinates>
      </kml:Point>
    </kml:Placemark>
    <kml:Placemark id="fid-60e2cf02_19f3a43cf86_-588a">
      <kml:ExtendedData>
        <kml:Data name="fid">
          <kml:value>128</kml:value>
        </kml:Data>
        <kml:Data name="가맹사">
          <kml:value>CU</kml:value>
        </kml:Data>
        <kml:Data name="지점명">
          <kml:value>원당시장점</kml:value>
        </kml:Data>
        <kml:Data name="전화번">
          <kml:value>02-882-5581</kml:value>
        </kml:Data>
        <kml:Data name="주소">
          <kml:value>서울특별시 관악구 인헌6길 15, 새한빌딩 (봉천동)</kml:value>
        </kml:Data>
        <kml:Data name="매칭여">
          <kml:value>Y</kml:value>
        </kml:Data>
        <kml:Data name="최신주">
          <kml:value>서울특별시 관악구 봉천동 1639-1</kml:value>
        </kml:Data>
        <kml:Data name="x">
          <kml:value>126.96590315</kml:value>
        </kml:Data>
        <kml:Data name="y">
          <kml:value>37.47384594</kml:value>
        </kml:Data>
      </kml:ExtendedData>
      <kml:Point>
        <kml:coordinates>126.96590314814141,37.47384593990369</kml:coordinates>
      </kml:Point>
    </kml:Placemark>
    <kml:Placemark id="fid-60e2cf02_19f3a43cf86_-5889">
      <kml:ExtendedData>
        <kml:Data name="fid">
          <kml:value>129</kml:value>
        </kml:Data>
        <kml:Data name="가맹사">
          <kml:value>CU</kml:value>
        </kml:Data>
        <kml:Data name="지점명">
          <kml:value>청룡산쉼터점</kml:value>
        </kml:Data>
        <kml:Data name="전화번">
          <kml:value>02-568-6487</kml:value>
        </kml:Data>
        <kml:Data name="주소">
          <kml:value>서울특별시 관악구 청룡11길 24</kml:value>
        </kml:Data>
        <kml:Data name="매칭여">
          <kml:value>Y</kml:value>
        </kml:Data>
        <kml:Data name="최신주">
          <kml:value>서울특별시 관악구 봉천동 1578-35</kml:value>
        </kml:Data>
        <kml:Data name="x">
          <kml:value>126.94693119</kml:value>
        </kml:Data>
        <kml:Data name="y">
          <kml:value>37.47754555</kml:value>
        </kml:Data>
      </kml:ExtendedData>
      <kml:Point>
        <kml:coordinates>126.94693119237688,37.477545547665514</kml:coordinates>
      </kml:Point>
    </kml:Placemark>
    <kml:Placemark id="fid-60e2cf02_19f3a43cf86_-5888">
      <kml:ExtendedData>
        <kml:Data name="fid">
          <kml:value>130</kml:value>
        </kml:Data>
        <kml:Data name="가맹사">
          <kml:value>GS25</kml:value>
        </kml:Data>
        <kml:Data name="지점명">
          <kml:value>GS25관악대성점</kml:value>
        </kml:Data>
        <kml:Data name="전화번">
          <kml:value>-</kml:value>
        </kml:Data>
        <kml:Data name="주소">
          <kml:value>서울특별시 관악구 관악로12길 17 (낙성대동 1598-35)</kml:value>
        </kml:Data>
        <kml:Data name="매칭여">
          <kml:value>Y</kml:value>
        </kml:Data>
        <kml:Data name="최신주">
          <kml:value>서울특별시 관악구 봉천동 1598-35</kml:value>
        </kml:Data>
        <kml:Data name="x">
          <kml:value>126.95335341</kml:value>
        </kml:Data>
        <kml:Data name="y">
          <kml:value>37.47820364</kml:value>
        </kml:Data>
      </kml:ExtendedData>
      <kml:Point>
        <kml:coordinates>126.95335340781975,37.478203643735874</kml:coordinates>
      </kml:Point>
    </kml:Placemark>
    <kml:Placemark id="fid-60e2cf02_19f3a43cf86_-5887">
      <kml:ExtendedData>
        <kml:Data name="fid">
          <kml:value>131</kml:value>
        </kml:Data>
        <kml:Data name="가맹사">
          <kml:value>GS25</kml:value>
        </kml:Data>
        <kml:Data name="지점명">
          <kml:value>GS25관악대원점</kml:value>
        </kml:Data>
        <kml:Data name="전화번">
          <kml:value>-</kml:value>
        </kml:Data>
        <kml:Data name="주소">
          <kml:value>서울특별시 관악구 인헌16길 47, 지하1층 (봉천동 180-422, 새진아파트)</kml:value>
        </kml:Data>
        <kml:Data name="매칭여">
          <kml:value>Y</kml:value>
        </kml:Data>
        <kml:Data name="최신주">
          <kml:value>서울특별시 관악구 봉천동 180-422</kml:value>
        </kml:Data>
        <kml:Data name="x">
          <kml:value>126.96566573</kml:value>
        </kml:Data>
        <kml:Data name="y">
          <kml:value>37.46926206</kml:value>
        </kml:Data>
      </kml:ExtendedData>
      <kml:Point>
        <kml:coordinates>126.96566572769679,37.46926205716558</kml:coordinates>
      </kml:Point>
    </kml:Placemark>
    <kml:Placemark id="fid-60e2cf02_19f3a43cf86_-5886">
      <kml:ExtendedData>
        <kml:Data name="fid">
          <kml:value>132</kml:value>
        </kml:Data>
        <kml:Data name="가맹사">
          <kml:value>GS25</kml:value>
        </kml:Data>
        <kml:Data name="지점명">
          <kml:value>GS25관악대학점</kml:value>
        </kml:Data>
        <kml:Data name="전화번">
          <kml:value>-</kml:value>
        </kml:Data>
        <kml:Data name="주소">
          <kml:value>서울특별시 관악구 신림로7나길 3 (대학동 235-15)</kml:value>
        </kml:Data>
        <kml:Data name="매칭여">
          <kml:value>Y</kml:value>
        </kml:Data>
        <kml:Data name="최신주">
          <kml:value>서울특별시 관악구 신림동 235-15</kml:value>
        </kml:Data>
        <kml:Data name="x">
          <kml:value>126.9413101</kml:value>
        </kml:Data>
        <kml:Data name="y">
          <kml:value>37.46981463</kml:value>
        </kml:Data>
      </kml:ExtendedData>
      <kml:Point>
        <kml:coordinates>126.94131009522098,37.469814632594655</kml:coordinates>
      </kml:Point>
    </kml:Placemark>
    <kml:Placemark id="fid-60e2cf02_19f3a43cf86_-5885">
      <kml:ExtendedData>
        <kml:Data name="fid">
          <kml:value>133</kml:value>
        </kml:Data>
        <kml:Data name="가맹사">
          <kml:value>GS25</kml:value>
        </kml:Data>
        <kml:Data name="지점명">
          <kml:value>GS25관악로점</kml:value>
        </kml:Data>
        <kml:Data name="전화번">
          <kml:value>-</kml:value>
        </kml:Data>
        <kml:Data name="주소">
          <kml:value>서울특별시 관악구 관악로 204, 1층(행운동 851-3)</kml:value>
        </kml:Data>
        <kml:Data name="매칭여">
          <kml:value>Y</kml:value>
        </kml:Data>
        <kml:Data name="최신주">
          <kml:value>서울특별시 관악구 봉천동 851-3</kml:value>
        </kml:Data>
        <kml:Data name="x">
          <kml:value>126.9542844</kml:value>
        </kml:Data>
        <kml:Data name="y">
          <kml:value>37.48296341</kml:value>
        </kml:Data>
      </kml:ExtendedData>
      <kml:Point>
        <kml:coordinates>126.95428440444357,37.48296340485225</kml:coordinates>
      </kml:Point>
    </kml:Placemark>
    <kml:Placemark id="fid-60e2cf02_19f3a43cf86_-5884">
      <kml:ExtendedData>
        <kml:Data name="fid">
          <kml:value>134</kml:value>
        </kml:Data>
        <kml:Data name="가맹사">
          <kml:value>GS25</kml:value>
        </kml:Data>
        <kml:Data name="지점명">
          <kml:value>GS25관악미성점</kml:value>
        </kml:Data>
        <kml:Data name="전화번">
          <kml:value>-</kml:value>
        </kml:Data>
        <kml:Data name="주소">
          <kml:value>서울특별시 관악구 남부순환로144길 24, 101호 (신림동 1488-35)</kml:value>
        </kml:Data>
        <kml:Data name="매칭여">
          <kml:value>Y</kml:value>
        </kml:Data>
        <kml:Data name="최신주">
          <kml:value>서울특별시 관악구 신림동 1488-1</kml:value>
        </kml:Data>
        <kml:Data name="x">
          <kml:value>126.91262861</kml:value>
        </kml:Data>
        <kml:Data name="y">
          <kml:value>37.48017677</kml:value>
        </kml:Data>
      </kml:ExtendedData>
      <kml:Point>
        <kml:coordinates>126.91262860418288,37.48017677123351</kml:coordinates>
      </kml:Point>
    </kml:Placemark>
    <kml:Placemark id="fid-60e2cf02_19f3a43cf86_-5883">
      <kml:ExtendedData>
        <kml:Data name="fid">
          <kml:value>135</kml:value>
        </kml:Data>
        <kml:Data name="가맹사">
          <kml:value>GS25</kml:value>
        </kml:Data>
        <kml:Data name="지점명">
          <kml:value>GS25관악대성점</kml:value>
        </kml:Data>
        <kml:Data name="전화번">
          <kml:value>-</kml:value>
        </kml:Data>
        <kml:Data name="주소">
          <kml:value>서울특별시 관악구 관악로12길 17 (낙성대동 1598-35)</kml:value>
        </kml:Data>
        <kml:Data name="매칭여">
          <kml:value>Y</kml:value>
        </kml:Data>
        <kml:Data name="최신주">
          <kml:value>서울특별시 관악구 봉천동 1598-35</kml:value>
        </kml:Data>
        <kml:Data name="x">
          <kml:value>126.95335341</kml:value>
        </kml:Data>
        <kml:Data name="y">
          <kml:value>37.47820364</kml:value>
        </kml:Data>
      </kml:ExtendedData>
      <kml:Point>
        <kml:coordinates>126.95335340781975,37.478203643735874</kml:coordinates>
      </kml:Point>
    </kml:Placemark>
    <kml:Placemark id="fid-60e2cf02_19f3a43cf86_-5882">
      <kml:ExtendedData>
        <kml:Data name="fid">
          <kml:value>136</kml:value>
        </kml:Data>
        <kml:Data name="가맹사">
          <kml:value>GS25</kml:value>
        </kml:Data>
        <kml:Data name="지점명">
          <kml:value>GS25관악대원점</kml:value>
        </kml:Data>
        <kml:Data name="전화번">
          <kml:value>-</kml:value>
        </kml:Data>
        <kml:Data name="주소">
          <kml:value>서울특별시 관악구 인헌16길47, 지하1층 (봉천동 180-422, 새진아파트)</kml:value>
        </kml:Data>
        <kml:Data name="매칭여">
          <kml:value>Y</kml:value>
        </kml:Data>
        <kml:Data name="최신주">
          <kml:value>서울특별시 관악구 봉천동 180-422</kml:value>
        </kml:Data>
        <kml:Data name="x">
          <kml:value>126.96566573</kml:value>
        </kml:Data>
        <kml:Data name="y">
          <kml:value>37.46926206</kml:value>
        </kml:Data>
      </kml:ExtendedData>
      <kml:Point>
        <kml:coordinates>126.96566572769679,37.46926205716558</kml:coordinates>
      </kml:Point>
    </kml:Placemark>
    <kml:Placemark id="fid-60e2cf02_19f3a43cf86_-5881">
      <kml:ExtendedData>
        <kml:Data name="fid">
          <kml:value>137</kml:value>
        </kml:Data>
        <kml:Data name="가맹사">
          <kml:value>GS25</kml:value>
        </kml:Data>
        <kml:Data name="지점명">
          <kml:value>GS25관악대학점</kml:value>
        </kml:Data>
        <kml:Data name="전화번">
          <kml:value>-</kml:value>
        </kml:Data>
        <kml:Data name="주소">
          <kml:value>서울특별시 관악구 신림로7나길 3 (대학동 235-15)</kml:value>
        </kml:Data>
        <kml:Data name="매칭여">
          <kml:value>Y</kml:value>
        </kml:Data>
        <kml:Data name="최신주">
          <kml:value>서울특별시 관악구 신림동 235-15</kml:value>
        </kml:Data>
        <kml:Data name="x">
          <kml:value>126.9413101</kml:value>
        </kml:Data>
        <kml:Data name="y">
          <kml:value>37.46981463</kml:value>
        </kml:Data>
      </kml:ExtendedData>
      <kml:Point>
        <kml:coordinates>126.94131009522098,37.469814632594655</kml:coordinates>
      </kml:Point>
    </kml:Placemark>
    <kml:Placemark id="fid-60e2cf02_19f3a43cf86_-5880">
      <kml:ExtendedData>
        <kml:Data name="fid">
          <kml:value>138</kml:value>
        </kml:Data>
        <kml:Data name="가맹사">
          <kml:value>GS25</kml:value>
        </kml:Data>
        <kml:Data name="지점명">
          <kml:value>GS25관악로점</kml:value>
        </kml:Data>
        <kml:Data name="전화번">
          <kml:value>-</kml:value>
        </kml:Data>
        <kml:Data name="주소">
          <kml:value>서울특별시 관악구 관악로 204, 1층(행운동 851-3)</kml:value>
        </kml:Data>
        <kml:Data name="매칭여">
          <kml:value>Y</kml:value>
        </kml:Data>
        <kml:Data name="최신주">
          <kml:value>서울특별시 관악구 봉천동 851-3</kml:value>
        </kml:Data>
        <kml:Data name="x">
          <kml:value>126.9542844</kml:value>
        </kml:Data>
        <kml:Data name="y">
          <kml:value>37.48296341</kml:value>
        </kml:Data>
      </kml:ExtendedData>
      <kml:Point>
        <kml:coordinates>126.95428440444357,37.48296340485225</kml:coordinates>
      </kml:Point>
    </kml:Placemark>
    <kml:Placemark id="fid-60e2cf02_19f3a43cf86_-587f">
      <kml:ExtendedData>
        <kml:Data name="fid">
          <kml:value>139</kml:value>
        </kml:Data>
        <kml:Data name="가맹사">
          <kml:value>GS25</kml:value>
        </kml:Data>
        <kml:Data name="지점명">
          <kml:value>GS25관악미성점</kml:value>
        </kml:Data>
        <kml:Data name="전화번">
          <kml:value>-</kml:value>
        </kml:Data>
        <kml:Data name="주소">
          <kml:value>서울특별시 관악구 남부순환로144길 24, 101호 (신림동 1488-35)</kml:value>
        </kml:Data>
        <kml:Data name="매칭여">
          <kml:value>Y</kml:value>
        </kml:Data>
        <kml:Data name="최신주">
          <kml:value>서울특별시 관악구 신림동 1488-1</kml:value>
        </kml:Data>
        <kml:Data name="x">
          <kml:value>126.91262861</kml:value>
        </kml:Data>
        <kml:Data name="y">
          <kml:value>37.48017677</kml:value>
        </kml:Data>
      </kml:ExtendedData>
      <kml:Point>
        <kml:coordinates>126.91262860418288,37.48017677123351</kml:coordinates>
      </kml:Point>
    </kml:Placemark>
    <kml:Placemark id="fid-60e2cf02_19f3a43cf86_-587e">
      <kml:ExtendedData>
        <kml:Data name="fid">
          <kml:value>140</kml:value>
        </kml:Data>
        <kml:Data name="가맹사">
          <kml:value>GS25</kml:value>
        </kml:Data>
        <kml:Data name="지점명">
          <kml:value>GS25관악배수지점</kml:value>
        </kml:Data>
        <kml:Data name="전화번">
          <kml:value>-</kml:value>
        </kml:Data>
        <kml:Data name="주소">
          <kml:value>서울특별시 관악구 난곡로26길 89, 지하1층 (신림동 646-273)</kml:value>
        </kml:Data>
        <kml:Data name="매칭여">
          <kml:value>Y</kml:value>
        </kml:Data>
        <kml:Data name="최신주">
          <kml:value>서울특별시 관악구 신림동 646-273</kml:value>
        </kml:Data>
        <kml:Data name="x">
          <kml:value>126.92445246</kml:value>
        </kml:Data>
        <kml:Data name="y">
          <kml:value>37.46929193</kml:value>
        </kml:Data>
      </kml:ExtendedData>
      <kml:Point>
        <kml:coordinates>126.92445246035533,37.46929192825108</kml:coordinates>
      </kml:Point>
    </kml:Placemark>
    <kml:Placemark id="fid-60e2cf02_19f3a43cf86_-587d">
      <kml:ExtendedData>
        <kml:Data name="fid">
          <kml:value>141</kml:value>
        </kml:Data>
        <kml:Data name="가맹사">
          <kml:value>GS25</kml:value>
        </kml:Data>
        <kml:Data name="지점명">
          <kml:value>GS25관악법원단지점</kml:value>
        </kml:Data>
        <kml:Data name="전화번">
          <kml:value>-</kml:value>
        </kml:Data>
        <kml:Data name="주소">
          <kml:value>서울특별시 관악구 법원단지21길 2, 1층 B02호 (난곡동 610-140)</kml:value>
        </kml:Data>
        <kml:Data name="매칭여">
          <kml:value>Y</kml:value>
        </kml:Data>
        <kml:Data name="최신주">
          <kml:value>서울특별시 관악구 신림동 610-140</kml:value>
        </kml:Data>
        <kml:Data name="x">
          <kml:value>126.92282466</kml:value>
        </kml:Data>
        <kml:Data name="y">
          <kml:value>37.47508581</kml:value>
        </kml:Data>
      </kml:ExtendedData>
      <kml:Point>
        <kml:coordinates>126.92282465862894,37.475085812399165</kml:coordinates>
      </kml:Point>
    </kml:Placemark>
    <kml:Placemark id="fid-60e2cf02_19f3a43cf86_-587c">
      <kml:ExtendedData>
        <kml:Data name="fid">
          <kml:value>142</kml:value>
        </kml:Data>
        <kml:Data name="가맹사">
          <kml:value>GS25</kml:value>
        </kml:Data>
        <kml:Data name="지점명">
          <kml:value>GS25관악보라매점</kml:value>
        </kml:Data>
        <kml:Data name="전화번">
          <kml:value>-</kml:value>
        </kml:Data>
        <kml:Data name="주소">
          <kml:value>서울특별시 관악구 보라매로3길 17, 101~102호 (보라매동 702-108)</kml:value>
        </kml:Data>
        <kml:Data name="매칭여">
          <kml:value>Y</kml:value>
        </kml:Data>
        <kml:Data name="최신주">
          <kml:value>서울특별시 관악구 봉천동 702-108</kml:value>
        </kml:Data>
        <kml:Data name="x">
          <kml:value>126.92620603</kml:value>
        </kml:Data>
        <kml:Data name="y">
          <kml:value>37.49122644</kml:value>
        </kml:Data>
      </kml:ExtendedData>
      <kml:Point>
        <kml:coordinates>126.92620603272414,37.491226435933314</kml:coordinates>
      </kml:Point>
    </kml:Placemark>
    <kml:Placemark id="fid-60e2cf02_19f3a43cf86_-587b">
      <kml:ExtendedData>
        <kml:Data name="fid">
          <kml:value>143</kml:value>
        </kml:Data>
        <kml:Data name="가맹사">
          <kml:value>GS25</kml:value>
        </kml:Data>
        <kml:Data name="지점명">
          <kml:value>GS25관악봉림점</kml:value>
        </kml:Data>
        <kml:Data name="전화번">
          <kml:value>-</kml:value>
        </kml:Data>
        <kml:Data name="주소">
          <kml:value>서울특별시 관악구 장군봉7길 2, B동 01호 (봉천동 1533-1)</kml:value>
        </kml:Data>
        <kml:Data name="매칭여">
          <kml:value>Y</kml:value>
        </kml:Data>
        <kml:Data name="최신주">
          <kml:value>서울특별시 관악구 봉천동 1533-1</kml:value>
        </kml:Data>
        <kml:Data name="x">
          <kml:value>126.93944703</kml:value>
        </kml:Data>
        <kml:Data name="y">
          <kml:value>37.4805721</kml:value>
        </kml:Data>
      </kml:ExtendedData>
      <kml:Point>
        <kml:coordinates>126.93944703428899,37.48057210352218</kml:coordinates>
      </kml:Point>
    </kml:Placemark>
    <kml:Placemark id="fid-60e2cf02_19f3a43cf86_-587a">
      <kml:ExtendedData>
        <kml:Data name="fid">
          <kml:value>144</kml:value>
        </kml:Data>
        <kml:Data name="가맹사">
          <kml:value>GS25</kml:value>
        </kml:Data>
        <kml:Data name="지점명">
          <kml:value>GS25관악봉천점</kml:value>
        </kml:Data>
        <kml:Data name="전화번">
          <kml:value>-</kml:value>
        </kml:Data>
        <kml:Data name="주소">
          <kml:value>서울특별시 관악구 관악로17길 25 (청룡동 876-1)</kml:value>
        </kml:Data>
        <kml:Data name="매칭여">
          <kml:value>Y</kml:value>
        </kml:Data>
        <kml:Data name="최신주">
          <kml:value>서울특별시 관악구 봉천동 876-1</kml:value>
        </kml:Data>
        <kml:Data name="x">
          <kml:value>126.95027215</kml:value>
        </kml:Data>
        <kml:Data name="y">
          <kml:value>37.48072446</kml:value>
        </kml:Data>
      </kml:ExtendedData>
      <kml:Point>
        <kml:coordinates>126.95027214481738,37.480724462274</kml:coordinates>
      </kml:Point>
    </kml:Placemark>
    <kml:Placemark id="fid-60e2cf02_19f3a43cf86_-5879">
      <kml:ExtendedData>
        <kml:Data name="fid">
          <kml:value>145</kml:value>
        </kml:Data>
        <kml:Data name="가맹사">
          <kml:value>GS25</kml:value>
        </kml:Data>
        <kml:Data name="지점명">
          <kml:value>GS25관악블루밍</kml:value>
        </kml:Data>
        <kml:Data name="전화번">
          <kml:value>-</kml:value>
        </kml:Data>
        <kml:Data name="주소">
          <kml:value>서울특별시 관악구 은천로 93, 502동 110호 단지내상가 (봉천동 1718, 벽산아파트)</kml:value>
        </kml:Data>
        <kml:Data name="매칭여">
          <kml:value>Y</kml:value>
        </kml:Data>
        <kml:Data name="최신주">
          <kml:value>서울특별시 관악구 봉천동 1718</kml:value>
        </kml:Data>
        <kml:Data name="x">
          <kml:value>126.94451469</kml:value>
        </kml:Data>
        <kml:Data name="y">
          <kml:value>37.48941783</kml:value>
        </kml:Data>
      </kml:ExtendedData>
      <kml:Point>
        <kml:coordinates>126.94451469322269,37.489417829956864</kml:coordinates>
      </kml:Point>
    </kml:Placemark>
    <kml:Placemark id="fid-60e2cf02_19f3a43cf86_-5878">
      <kml:ExtendedData>
        <kml:Data name="fid">
          <kml:value>146</kml:value>
        </kml:Data>
        <kml:Data name="가맹사">
          <kml:value>GS25</kml:value>
        </kml:Data>
        <kml:Data name="지점명">
          <kml:value>GS25관악서림점</kml:value>
        </kml:Data>
        <kml:Data name="전화번">
          <kml:value>-</kml:value>
        </kml:Data>
        <kml:Data name="주소">
          <kml:value>서울특별시 관악구 신림로22길 14, 1층 (서림동 110-7)</kml:value>
        </kml:Data>
        <kml:Data name="매칭여">
          <kml:value>Y</kml:value>
        </kml:Data>
        <kml:Data name="최신주">
          <kml:value>서울특별시 관악구 신림동 110-7</kml:value>
        </kml:Data>
        <kml:Data name="x">
          <kml:value>126.93559916</kml:value>
        </kml:Data>
        <kml:Data name="y">
          <kml:value>37.47195651</kml:value>
        </kml:Data>
      </kml:ExtendedData>
      <kml:Point>
        <kml:coordinates>126.93559916022474,37.471956511637444</kml:coordinates>
      </kml:Point>
    </kml:Placemark>
    <kml:Placemark id="fid-60e2cf02_19f3a43cf86_-5877">
      <kml:ExtendedData>
        <kml:Data name="fid">
          <kml:value>147</kml:value>
        </kml:Data>
        <kml:Data name="가맹사">
          <kml:value>GS25</kml:value>
        </kml:Data>
        <kml:Data name="지점명">
          <kml:value>GS25관악서원점</kml:value>
        </kml:Data>
        <kml:Data name="전화번">
          <kml:value>-</kml:value>
        </kml:Data>
        <kml:Data name="주소">
          <kml:value>서울특별시 관악구 남부순환로 1626-1 (서원동 11-18)</kml:value>
        </kml:Data>
        <kml:Data name="매칭여">
          <kml:value>Y</kml:value>
        </kml:Data>
        <kml:Data name="최신주">
          <kml:value>서울특별시 관악구 신림동 11-18</kml:value>
        </kml:Data>
        <kml:Data name="x">
          <kml:value>126.93134223</kml:value>
        </kml:Data>
        <kml:Data name="y">
          <kml:value>37.48421</kml:value>
        </kml:Data>
      </kml:ExtendedData>
      <kml:Point>
        <kml:coordinates>126.93134222616719,37.484209999361184</kml:coordinates>
      </kml:Point>
    </kml:Placemark>
    <kml:Placemark id="fid-60e2cf02_19f3a43cf86_-5876">
      <kml:ExtendedData>
        <kml:Data name="fid">
          <kml:value>148</kml:value>
        </kml:Data>
        <kml:Data name="가맹사">
          <kml:value>GS25</kml:value>
        </kml:Data>
        <kml:Data name="지점명">
          <kml:value>GS25관악세봉점</kml:value>
        </kml:Data>
        <kml:Data name="전화번">
          <kml:value>-</kml:value>
        </kml:Data>
        <kml:Data name="주소">
          <kml:value>서울특별시 관악구 관악로125, 상가 101호 (청룡동 1591-2, 삼우아파트)</kml:value>
        </kml:Data>
        <kml:Data name="매칭여">
          <kml:value>Y</kml:value>
        </kml:Data>
        <kml:Data name="최신주">
          <kml:value>서울특별시 관악구 봉천동 1591-2</kml:value>
        </kml:Data>
        <kml:Data name="x">
          <kml:value>126.95207513</kml:value>
        </kml:Data>
        <kml:Data name="y">
          <kml:value>37.47616028</kml:value>
        </kml:Data>
      </kml:ExtendedData>
      <kml:Point>
        <kml:coordinates>126.95207512841719,37.47616027866868</kml:coordinates>
      </kml:Point>
    </kml:Placemark>
    <kml:Placemark id="fid-60e2cf02_19f3a43cf86_-5875">
      <kml:ExtendedData>
        <kml:Data name="fid">
          <kml:value>149</kml:value>
        </kml:Data>
        <kml:Data name="가맹사">
          <kml:value>GS25</kml:value>
        </kml:Data>
        <kml:Data name="지점명">
          <kml:value>GS25관악스마일점</kml:value>
        </kml:Data>
        <kml:Data name="전화번">
          <kml:value>-</kml:value>
        </kml:Data>
        <kml:Data name="주소">
          <kml:value>서울특별시 관악구 난곡로34나길 17 (신림동 1678-20)</kml:value>
        </kml:Data>
        <kml:Data name="매칭여">
          <kml:value>Y</kml:value>
        </kml:Data>
        <kml:Data name="최신주">
          <kml:value>서울특별시 관악구 신림동 1678-20</kml:value>
        </kml:Data>
        <kml:Data name="x">
          <kml:value>126.92149425</kml:value>
        </kml:Data>
        <kml:Data name="y">
          <kml:value>37.47279317</kml:value>
        </kml:Data>
      </kml:ExtendedData>
      <kml:Point>
        <kml:coordinates>126.92149424767692,37.4727931740614</kml:coordinates>
      </kml:Point>
    </kml:Placemark>
    <kml:Placemark id="fid-60e2cf02_19f3a43cf86_-5874">
      <kml:ExtendedData>
        <kml:Data name="fid">
          <kml:value>150</kml:value>
        </kml:Data>
        <kml:Data name="가맹사">
          <kml:value>GS25</kml:value>
        </kml:Data>
        <kml:Data name="지점명">
          <kml:value>GS25관악스카이점</kml:value>
        </kml:Data>
        <kml:Data name="전화번">
          <kml:value>-</kml:value>
        </kml:Data>
        <kml:Data name="주소">
          <kml:value>서울특별시 관악구 서원6길 1, 지층 (신림동 409-33)</kml:value>
        </kml:Data>
        <kml:Data name="매칭여">
          <kml:value>Y</kml:value>
        </kml:Data>
        <kml:Data name="최신주">
          <kml:value>서울특별시 관악구 신림동 409-33</kml:value>
        </kml:Data>
        <kml:Data name="x">
          <kml:value>126.93243195</kml:value>
        </kml:Data>
        <kml:Data name="y">
          <kml:value>37.47664944</kml:value>
        </kml:Data>
      </kml:ExtendedData>
      <kml:Point>
        <kml:coordinates>126.93243195023915,37.476649442434</kml:coordinates>
      </kml:Point>
    </kml:Placemark>
    <kml:Placemark id="fid-60e2cf02_19f3a43cf86_-5873">
      <kml:ExtendedData>
        <kml:Data name="fid">
          <kml:value>151</kml:value>
        </kml:Data>
        <kml:Data name="가맹사">
          <kml:value>GS25</kml:value>
        </kml:Data>
        <kml:Data name="지점명">
          <kml:value>GS25관악스타힐스점</kml:value>
        </kml:Data>
        <kml:Data name="전화번">
          <kml:value>-</kml:value>
        </kml:Data>
        <kml:Data name="주소">
          <kml:value>서울특별시 관악구 청림3길 10, 1층 1-5호 (봉천동 10-4, 서희스타힐스아파트)</kml:value>
        </kml:Data>
        <kml:Data name="매칭여">
          <kml:value>Y</kml:value>
        </kml:Data>
        <kml:Data name="최신주">
          <kml:value>서울특별시 관악구 봉천동 1729</kml:value>
        </kml:Data>
        <kml:Data name="x">
          <kml:value>126.95944876</kml:value>
        </kml:Data>
        <kml:Data name="y">
          <kml:value>37.48860951</kml:value>
        </kml:Data>
      </kml:ExtendedData>
      <kml:Point>
        <kml:coordinates>126.95944875657574,37.48860951125331</kml:coordinates>
      </kml:Point>
    </kml:Placemark>
    <kml:Placemark id="fid-60e2cf02_19f3a43cf86_-5872">
      <kml:ExtendedData>
        <kml:Data name="fid">
          <kml:value>152</kml:value>
        </kml:Data>
        <kml:Data name="가맹사">
          <kml:value>GS25</kml:value>
        </kml:Data>
        <kml:Data name="지점명">
          <kml:value>GS25관악신림로점</kml:value>
        </kml:Data>
        <kml:Data name="전화번">
          <kml:value>-</kml:value>
        </kml:Data>
        <kml:Data name="주소">
          <kml:value>서울특별시 관악구 신림로66길 25, 1층 (신림동 1420-30)</kml:value>
        </kml:Data>
        <kml:Data name="매칭여">
          <kml:value>Y</kml:value>
        </kml:Data>
        <kml:Data name="최신주">
          <kml:value>서울특별시 관악구 신림동 1420-30</kml:value>
        </kml:Data>
        <kml:Data name="x">
          <kml:value>126.93108468</kml:value>
        </kml:Data>
        <kml:Data name="y">
          <kml:value>37.48565614</kml:value>
        </kml:Data>
      </kml:ExtendedData>
      <kml:Point>
        <kml:coordinates>126.93108467491653,37.48565614246665</kml:coordinates>
      </kml:Point>
    </kml:Placemark>
    <kml:Placemark id="fid-60e2cf02_19f3a43cf86_-5871">
      <kml:ExtendedData>
        <kml:Data name="fid">
          <kml:value>153</kml:value>
        </kml:Data>
        <kml:Data name="가맹사">
          <kml:value>GS25</kml:value>
        </kml:Data>
        <kml:Data name="지점명">
          <kml:value>GS25관악신림점</kml:value>
        </kml:Data>
        <kml:Data name="전화번">
          <kml:value>-</kml:value>
        </kml:Data>
        <kml:Data name="주소">
          <kml:value>서울특별시 관악구 시흥대로160길 39, 1층 (신림동 1663-21)</kml:value>
        </kml:Data>
        <kml:Data name="매칭여">
          <kml:value>Y</kml:value>
        </kml:Data>
        <kml:Data name="최신주">
          <kml:value>서울특별시 관악구 신림동 1663-21</kml:value>
        </kml:Data>
        <kml:Data name="x">
          <kml:value>126.9020961</kml:value>
        </kml:Data>
        <kml:Data name="y">
          <kml:value>37.48053554</kml:value>
        </kml:Data>
      </kml:ExtendedData>
      <kml:Point>
        <kml:coordinates>126.90209609809119,37.480535536562535</kml:coordinates>
      </kml:Point>
    </kml:Placemark>
    <kml:Placemark id="fid-60e2cf02_19f3a43cf86_-5870">
      <kml:ExtendedData>
        <kml:Data name="fid">
          <kml:value>154</kml:value>
        </kml:Data>
        <kml:Data name="가맹사">
          <kml:value>GS25</kml:value>
        </kml:Data>
        <kml:Data name="지점명">
          <kml:value>GS25관악쑥고개점</kml:value>
        </kml:Data>
        <kml:Data name="전화번">
          <kml:value>-</kml:value>
        </kml:Data>
        <kml:Data name="주소">
          <kml:value>서울특별시 관악구 쑥고개로 129, 1층 (청룡동 1568-8)</kml:value>
        </kml:Data>
        <kml:Data name="매칭여">
          <kml:value>Y</kml:value>
        </kml:Data>
        <kml:Data name="최신주">
          <kml:value>서울특별시 관악구 봉천동 1568-8</kml:value>
        </kml:Data>
        <kml:Data name="x">
          <kml:value>126.95110733</kml:value>
        </kml:Data>
        <kml:Data name="y">
          <kml:value>37.47903123</kml:value>
        </kml:Data>
      </kml:ExtendedData>
      <kml:Point>
        <kml:coordinates>126.95110732854774,37.479031229043564</kml:coordinates>
      </kml:Point>
    </kml:Placemark>
    <kml:Placemark id="fid-60e2cf02_19f3a43cf86_-586f">
      <kml:ExtendedData>
        <kml:Data name="fid">
          <kml:value>155</kml:value>
        </kml:Data>
        <kml:Data name="가맹사">
          <kml:value>GS25</kml:value>
        </kml:Data>
        <kml:Data name="지점명">
          <kml:value>GS25관악아미움점</kml:value>
        </kml:Data>
        <kml:Data name="전화번">
          <kml:value>-</kml:value>
        </kml:Data>
        <kml:Data name="주소">
          <kml:value>서울특별시 관악구 장군봉1길 16, 상가동 101호 (봉천동 1522-30, 청룡동금강아미움아파트)</kml:value>
        </kml:Data>
        <kml:Data name="매칭여">
          <kml:value>Y</kml:value>
        </kml:Data>
        <kml:Data name="최신주">
          <kml:value>서울특별시 관악구 봉천동 1522-30</kml:value>
        </kml:Data>
        <kml:Data name="x">
          <kml:value>126.94087307</kml:value>
        </kml:Data>
        <kml:Data name="y">
          <kml:value>37.4818286</kml:value>
        </kml:Data>
      </kml:ExtendedData>
      <kml:Point>
        <kml:coordinates>126.94087306782173,37.48182860416287</kml:coordinates>
      </kml:Point>
    </kml:Placemark>
    <kml:Placemark id="fid-60e2cf02_19f3a43cf86_-586e">
      <kml:ExtendedData>
        <kml:Data name="fid">
          <kml:value>156</kml:value>
        </kml:Data>
        <kml:Data name="가맹사">
          <kml:value>GS25</kml:value>
        </kml:Data>
        <kml:Data name="지점명">
          <kml:value>GS25관악영락점</kml:value>
        </kml:Data>
        <kml:Data name="전화번">
          <kml:value>-</kml:value>
        </kml:Data>
        <kml:Data name="주소">
          <kml:value>서울특별시 관악구 청룡8길 28, 1층 (봉천동 919-15)</kml:value>
        </kml:Data>
        <kml:Data name="매칭여">
          <kml:value>Y</kml:value>
        </kml:Data>
        <kml:Data name="최신주">
          <kml:value>서울특별시 관악구 봉천동 919-15</kml:value>
        </kml:Data>
        <kml:Data name="x">
          <kml:value>126.9444914</kml:value>
        </kml:Data>
        <kml:Data name="y">
          <kml:value>37.4801099</kml:value>
        </kml:Data>
      </kml:ExtendedData>
      <kml:Point>
        <kml:coordinates>126.94449139731287,37.4801099018533</kml:coordinates>
      </kml:Point>
    </kml:Placemark>
    <kml:Placemark id="fid-60e2cf02_19f3a43cf86_-586d">
      <kml:ExtendedData>
        <kml:Data name="fid">
          <kml:value>157</kml:value>
        </kml:Data>
        <kml:Data name="가맹사">
          <kml:value>GS25</kml:value>
        </kml:Data>
        <kml:Data name="지점명">
          <kml:value>GS25관악예은점</kml:value>
        </kml:Data>
        <kml:Data name="전화번">
          <kml:value>-</kml:value>
        </kml:Data>
        <kml:Data name="주소">
          <kml:value>서울특별시 관악구 남부순환로224길 21, 1층 (낙성대동 854-5)</kml:value>
        </kml:Data>
        <kml:Data name="매칭여">
          <kml:value>Y</kml:value>
        </kml:Data>
        <kml:Data name="최신주">
          <kml:value>서울특별시 관악구 봉천동 854-5</kml:value>
        </kml:Data>
        <kml:Data name="x">
          <kml:value>126.95335124</kml:value>
        </kml:Data>
        <kml:Data name="y">
          <kml:value>37.47992178</kml:value>
        </kml:Data>
      </kml:ExtendedData>
      <kml:Point>
        <kml:coordinates>126.95335123748758,37.479921781019456</kml:coordinates>
      </kml:Point>
    </kml:Placemark>
    <kml:Placemark id="fid-60e2cf02_19f3a43cf86_-586c">
      <kml:ExtendedData>
        <kml:Data name="fid">
          <kml:value>158</kml:value>
        </kml:Data>
        <kml:Data name="가맹사">
          <kml:value>GS25</kml:value>
        </kml:Data>
        <kml:Data name="지점명">
          <kml:value>GS25관악원당점</kml:value>
        </kml:Data>
        <kml:Data name="전화번">
          <kml:value>-</kml:value>
        </kml:Data>
        <kml:Data name="주소">
          <kml:value>서울특별시 관악구 행운1길 81 (봉천동 1668-18)</kml:value>
        </kml:Data>
        <kml:Data name="매칭여">
          <kml:value>Y</kml:value>
        </kml:Data>
        <kml:Data name="최신주">
          <kml:value>서울특별시 관악구 봉천동 1668-18</kml:value>
        </kml:Data>
        <kml:Data name="x">
          <kml:value>126.95604351</kml:value>
        </kml:Data>
        <kml:Data name="y">
          <kml:value>37.48220919</kml:value>
        </kml:Data>
      </kml:ExtendedData>
      <kml:Point>
        <kml:coordinates>126.95604351161201,37.48220919287674</kml:coordinates>
      </kml:Point>
    </kml:Placemark>
    <kml:Placemark id="fid-60e2cf02_19f3a43cf86_-586b">
      <kml:ExtendedData>
        <kml:Data name="fid">
          <kml:value>159</kml:value>
        </kml:Data>
        <kml:Data name="가맹사">
          <kml:value>GS25</kml:value>
        </kml:Data>
        <kml:Data name="지점명">
          <kml:value>GS25관악원앙점</kml:value>
        </kml:Data>
        <kml:Data name="전화번">
          <kml:value>-</kml:value>
        </kml:Data>
        <kml:Data name="주소">
          <kml:value>서울특별시 관악구 남부순환로218길 46, 지층 B1호(청룡동 878-1)</kml:value>
        </kml:Data>
        <kml:Data name="매칭여">
          <kml:value>Y</kml:value>
        </kml:Data>
        <kml:Data name="최신주">
          <kml:value>서울특별시 관악구 봉천동 878-1</kml:value>
        </kml:Data>
        <kml:Data name="x">
          <kml:value>126.95004016</kml:value>
        </kml:Data>
        <kml:Data name="y">
          <kml:value>37.47937113</kml:value>
        </kml:Data>
      </kml:ExtendedData>
      <kml:Point>
        <kml:coordinates>126.95004015692841,37.4793711262473</kml:coordinates>
      </kml:Point>
    </kml:Placemark>
    <kml:Placemark id="fid-60e2cf02_19f3a43cf86_-586a">
      <kml:ExtendedData>
        <kml:Data name="fid">
          <kml:value>160</kml:value>
        </kml:Data>
        <kml:Data name="가맹사">
          <kml:value>GS25</kml:value>
        </kml:Data>
        <kml:Data name="지점명">
          <kml:value>GS25관악은천로점</kml:value>
        </kml:Data>
        <kml:Data name="전화번">
          <kml:value>-</kml:value>
        </kml:Data>
        <kml:Data name="주소">
          <kml:value>서울특별시 관악구 은천로 24 (은천동 956-2)</kml:value>
        </kml:Data>
        <kml:Data name="매칭여">
          <kml:value>Y</kml:value>
        </kml:Data>
        <kml:Data name="최신주">
          <kml:value>서울특별시 관악구 봉천동 956-2</kml:value>
        </kml:Data>
        <kml:Data name="x">
          <kml:value>126.93789436</kml:value>
        </kml:Data>
        <kml:Data name="y">
          <kml:value>37.48608867</kml:value>
        </kml:Data>
      </kml:ExtendedData>
      <kml:Point>
        <kml:coordinates>126.93789436155849,37.486088669309204</kml:coordinates>
      </kml:Point>
    </kml:Placemark>
    <kml:Placemark id="fid-60e2cf02_19f3a43cf86_-5869">
      <kml:ExtendedData>
        <kml:Data name="fid">
          <kml:value>161</kml:value>
        </kml:Data>
        <kml:Data name="가맹사">
          <kml:value>GS25</kml:value>
        </kml:Data>
        <kml:Data name="지점명">
          <kml:value>GS25관악인헌점</kml:value>
        </kml:Data>
        <kml:Data name="전화번">
          <kml:value>-</kml:value>
        </kml:Data>
        <kml:Data name="주소">
          <kml:value>서울특별시 관악구 낙성대역길 31, 1층 (낙성대동 207-21)</kml:value>
        </kml:Data>
        <kml:Data name="매칭여">
          <kml:value>Y</kml:value>
        </kml:Data>
        <kml:Data name="최신주">
          <kml:value>서울특별시 관악구 봉천동 207-21</kml:value>
        </kml:Data>
        <kml:Data name="x">
          <kml:value>126.96154677</kml:value>
        </kml:Data>
        <kml:Data name="y">
          <kml:value>37.47609518</kml:value>
        </kml:Data>
      </kml:ExtendedData>
      <kml:Point>
        <kml:coordinates>126.961546771991,37.47609517837918</kml:coordinates>
      </kml:Point>
    </kml:Placemark>
    <kml:Placemark id="fid-60e2cf02_19f3a43cf86_-5868">
      <kml:ExtendedData>
        <kml:Data name="fid">
          <kml:value>162</kml:value>
        </kml:Data>
        <kml:Data name="가맹사">
          <kml:value>GS25</kml:value>
        </kml:Data>
        <kml:Data name="지점명">
          <kml:value>GS25관악장군점</kml:value>
        </kml:Data>
        <kml:Data name="전화번">
          <kml:value>-</kml:value>
        </kml:Data>
        <kml:Data name="주소">
          <kml:value>서울특별시 관악구 장군봉2길 45, 1층 (청룡동 1520-1)</kml:value>
        </kml:Data>
        <kml:Data name="매칭여">
          <kml:value>Y</kml:value>
        </kml:Data>
        <kml:Data name="최신주">
          <kml:value>서울특별시 관악구 봉천동 1520-1</kml:value>
        </kml:Data>
        <kml:Data name="x">
          <kml:value>126.93783964</kml:value>
        </kml:Data>
        <kml:Data name="y">
          <kml:value>37.48320502</kml:value>
        </kml:Data>
      </kml:ExtendedData>
      <kml:Point>
        <kml:coordinates>126.93783963860884,37.4832050165162</kml:coordinates>
      </kml:Point>
    </kml:Placemark>
    <kml:Placemark id="fid-60e2cf02_19f3a43cf86_-5867">
      <kml:ExtendedData>
        <kml:Data name="fid">
          <kml:value>163</kml:value>
        </kml:Data>
        <kml:Data name="가맹사">
          <kml:value>GS25</kml:value>
        </kml:Data>
        <kml:Data name="지점명">
          <kml:value>GS25관악장원점</kml:value>
        </kml:Data>
        <kml:Data name="전화번">
          <kml:value>-</kml:value>
        </kml:Data>
        <kml:Data name="주소">
          <kml:value>서울특별시 관악구 대학길 84, 1층,지층 (대학동 253-3)</kml:value>
        </kml:Data>
        <kml:Data name="매칭여">
          <kml:value>Y</kml:value>
        </kml:Data>
        <kml:Data name="최신주">
          <kml:value>서울특별시 관악구 신림동 253-3</kml:value>
        </kml:Data>
        <kml:Data name="x">
          <kml:value>126.93747563</kml:value>
        </kml:Data>
        <kml:Data name="y">
          <kml:value>37.46700474</kml:value>
        </kml:Data>
      </kml:ExtendedData>
      <kml:Point>
        <kml:coordinates>126.93747563120078,37.46700474138159</kml:coordinates>
      </kml:Point>
    </kml:Placemark>
    <kml:Placemark id="fid-60e2cf02_19f3a43cf86_-5866">
      <kml:ExtendedData>
        <kml:Data name="fid">
          <kml:value>164</kml:value>
        </kml:Data>
        <kml:Data name="가맹사">
          <kml:value>GS25</kml:value>
        </kml:Data>
        <kml:Data name="지점명">
          <kml:value>GS25관악점</kml:value>
        </kml:Data>
        <kml:Data name="전화번">
          <kml:value>-</kml:value>
        </kml:Data>
        <kml:Data name="주소">
          <kml:value>서울특별시 관악구 남부순환로 1599 (신림동 1433-60)</kml:value>
        </kml:Data>
        <kml:Data name="매칭여">
          <kml:value>Y</kml:value>
        </kml:Data>
        <kml:Data name="최신주">
          <kml:value>서울특별시 관악구 신림동 1433-60</kml:value>
        </kml:Data>
        <kml:Data name="x">
          <kml:value>126.92815344</kml:value>
        </kml:Data>
        <kml:Data name="y">
          <kml:value>37.4842973</kml:value>
        </kml:Data>
      </kml:ExtendedData>
      <kml:Point>
        <kml:coordinates>126.92815343615248,37.48429729501921</kml:coordinates>
      </kml:Point>
    </kml:Placemark>
    <kml:Placemark id="fid-60e2cf02_19f3a43cf86_-5865">
      <kml:ExtendedData>
        <kml:Data name="fid">
          <kml:value>165</kml:value>
        </kml:Data>
        <kml:Data name="가맹사">
          <kml:value>GS25</kml:value>
        </kml:Data>
        <kml:Data name="지점명">
          <kml:value>GS25관악청룡점</kml:value>
        </kml:Data>
        <kml:Data name="전화번">
          <kml:value>-</kml:value>
        </kml:Data>
        <kml:Data name="주소">
          <kml:value>서울특별시 관악구 쑥고개로 110, 1층 (청룡동 1574-4)</kml:value>
        </kml:Data>
        <kml:Data name="매칭여">
          <kml:value>Y</kml:value>
        </kml:Data>
        <kml:Data name="최신주">
          <kml:value>서울특별시 관악구 봉천동 1574-4</kml:value>
        </kml:Data>
        <kml:Data name="x">
          <kml:value>126.94858312</kml:value>
        </kml:Data>
        <kml:Data name="y">
          <kml:value>37.47890187</kml:value>
        </kml:Data>
      </kml:ExtendedData>
      <kml:Point>
        <kml:coordinates>126.9485831236742,37.47890186646555</kml:coordinates>
      </kml:Point>
    </kml:Placemark>
    <kml:Placemark id="fid-60e2cf02_19f3a43cf86_-5864">
      <kml:ExtendedData>
        <kml:Data name="fid">
          <kml:value>166</kml:value>
        </kml:Data>
        <kml:Data name="가맹사">
          <kml:value>GS25</kml:value>
        </kml:Data>
        <kml:Data name="지점명">
          <kml:value>GS25관악푸르지오점</kml:value>
        </kml:Data>
        <kml:Data name="전화번">
          <kml:value>-</kml:value>
        </kml:Data>
        <kml:Data name="주소">
          <kml:value>서울특별시 관악구 관악로30길 17, 1층 (청림동 16-6)</kml:value>
        </kml:Data>
        <kml:Data name="매칭여">
          <kml:value>Y</kml:value>
        </kml:Data>
        <kml:Data name="최신주">
          <kml:value>서울특별시 관악구 봉천동 16-6</kml:value>
        </kml:Data>
        <kml:Data name="x">
          <kml:value>126.95896782</kml:value>
        </kml:Data>
        <kml:Data name="y">
          <kml:value>37.48654125</kml:value>
        </kml:Data>
      </kml:ExtendedData>
      <kml:Point>
        <kml:coordinates>126.9589678181777,37.48654125350962</kml:coordinates>
      </kml:Point>
    </kml:Placemark>
    <kml:Placemark id="fid-60e2cf02_19f3a43cf86_-5863">
      <kml:ExtendedData>
        <kml:Data name="fid">
          <kml:value>167</kml:value>
        </kml:Data>
        <kml:Data name="가맹사">
          <kml:value>GS25</kml:value>
        </kml:Data>
        <kml:Data name="지점명">
          <kml:value>GS25관악플러스점</kml:value>
        </kml:Data>
        <kml:Data name="전화번">
          <kml:value>-</kml:value>
        </kml:Data>
        <kml:Data name="주소">
          <kml:value>서울특별시 관악구 봉천로 442-1 (봉천동 884-5)</kml:value>
        </kml:Data>
        <kml:Data name="매칭여">
          <kml:value>Y</kml:value>
        </kml:Data>
        <kml:Data name="최신주">
          <kml:value>서울특별시 관악구 봉천동 884-5</kml:value>
        </kml:Data>
        <kml:Data name="x">
          <kml:value>126.94902624</kml:value>
        </kml:Data>
        <kml:Data name="y">
          <kml:value>37.48222197</kml:value>
        </kml:Data>
      </kml:ExtendedData>
      <kml:Point>
        <kml:coordinates>126.94902624378958,37.48222196849934</kml:coordinates>
      </kml:Point>
    </kml:Placemark>
    <kml:Placemark id="fid-60e2cf02_19f3a43cf86_-5862">
      <kml:ExtendedData>
        <kml:Data name="fid">
          <kml:value>168</kml:value>
        </kml:Data>
        <kml:Data name="가맹사">
          <kml:value>GS25</kml:value>
        </kml:Data>
        <kml:Data name="지점명">
          <kml:value>GS25관악한가온점</kml:value>
        </kml:Data>
        <kml:Data name="전화번">
          <kml:value>-</kml:value>
        </kml:Data>
        <kml:Data name="주소">
          <kml:value>서울특별시 관악구 관악로25길 5-9 (봉천동 32-21)</kml:value>
        </kml:Data>
        <kml:Data name="매칭여">
          <kml:value>Y</kml:value>
        </kml:Data>
        <kml:Data name="최신주">
          <kml:value>서울특별시 관악구 봉천동 32-21</kml:value>
        </kml:Data>
        <kml:Data name="x">
          <kml:value>126.95479226</kml:value>
        </kml:Data>
        <kml:Data name="y">
          <kml:value>37.48455119</kml:value>
        </kml:Data>
      </kml:ExtendedData>
      <kml:Point>
        <kml:coordinates>126.95479226258625,37.4845511917194</kml:coordinates>
      </kml:Point>
    </kml:Placemark>
    <kml:Placemark id="fid-60e2cf02_19f3a43cf86_-5861">
      <kml:ExtendedData>
        <kml:Data name="fid">
          <kml:value>169</kml:value>
        </kml:Data>
        <kml:Data name="가맹사">
          <kml:value>GS25</kml:value>
        </kml:Data>
        <kml:Data name="지점명">
          <kml:value>GS25관악한빛점</kml:value>
        </kml:Data>
        <kml:Data name="전화번">
          <kml:value>-</kml:value>
        </kml:Data>
        <kml:Data name="주소">
          <kml:value>서울특별시 관악구 봉천로 455, 외1필지 (중앙동 873-43)</kml:value>
        </kml:Data>
        <kml:Data name="매칭여">
          <kml:value>Y</kml:value>
        </kml:Data>
        <kml:Data name="최신주">
          <kml:value>서울특별시 관악구 봉천동 873-43</kml:value>
        </kml:Data>
        <kml:Data name="x">
          <kml:value>126.95058343</kml:value>
        </kml:Data>
        <kml:Data name="y">
          <kml:value>37.48262742</kml:value>
        </kml:Data>
      </kml:ExtendedData>
      <kml:Point>
        <kml:coordinates>126.95058343280154,37.48262741902921</kml:coordinates>
      </kml:Point>
    </kml:Placemark>
    <kml:Placemark id="fid-60e2cf02_19f3a43cf86_-5860">
      <kml:ExtendedData>
        <kml:Data name="fid">
          <kml:value>170</kml:value>
        </kml:Data>
        <kml:Data name="가맹사">
          <kml:value>GS25</kml:value>
        </kml:Data>
        <kml:Data name="지점명">
          <kml:value>GS25관악한일점</kml:value>
        </kml:Data>
        <kml:Data name="전화번">
          <kml:value>-</kml:value>
        </kml:Data>
        <kml:Data name="주소">
          <kml:value>서울특별시 관악구 승방2길 2 (남현동 602-11, 한일빌딩)</kml:value>
        </kml:Data>
        <kml:Data name="매칭여">
          <kml:value>Y</kml:value>
        </kml:Data>
        <kml:Data name="최신주">
          <kml:value>서울특별시 관악구 남현동 602-11</kml:value>
        </kml:Data>
        <kml:Data name="x">
          <kml:value>126.98134463</kml:value>
        </kml:Data>
        <kml:Data name="y">
          <kml:value>37.47398299</kml:value>
        </kml:Data>
      </kml:ExtendedData>
      <kml:Point>
        <kml:coordinates>126.98134463067902,37.47398299034738</kml:coordinates>
      </kml:Point>
    </kml:Placemark>
    <kml:Placemark id="fid-60e2cf02_19f3a43cf86_-585f">
      <kml:ExtendedData>
        <kml:Data name="fid">
          <kml:value>171</kml:value>
        </kml:Data>
        <kml:Data name="가맹사">
          <kml:value>GS25</kml:value>
        </kml:Data>
        <kml:Data name="지점명">
          <kml:value>GS25관악해바라기점</kml:value>
        </kml:Data>
        <kml:Data name="전화번">
          <kml:value>-</kml:value>
        </kml:Data>
        <kml:Data name="주소">
          <kml:value>서울특별시 관악구 보라매로6길33, 2,3호 (봉천동 1500, 지하상가)</kml:value>
        </kml:Data>
        <kml:Data name="매칭여">
          <kml:value>Y</kml:value>
        </kml:Data>
        <kml:Data name="최신주">
          <kml:value>서울특별시 관악구 봉천동 1500</kml:value>
        </kml:Data>
        <kml:Data name="x">
          <kml:value>126.92879718</kml:value>
        </kml:Data>
        <kml:Data name="y">
          <kml:value>37.49316384</kml:value>
        </kml:Data>
      </kml:ExtendedData>
      <kml:Point>
        <kml:coordinates>126.92879717948883,37.493163835327174</kml:coordinates>
      </kml:Point>
    </kml:Placemark>
    <kml:Placemark id="fid-60e2cf02_19f3a43cf86_-585e">
      <kml:ExtendedData>
        <kml:Data name="fid">
          <kml:value>172</kml:value>
        </kml:Data>
        <kml:Data name="가맹사">
          <kml:value>GS25</kml:value>
        </kml:Data>
        <kml:Data name="지점명">
          <kml:value>GS25관악행운점</kml:value>
        </kml:Data>
        <kml:Data name="전화번">
          <kml:value>-</kml:value>
        </kml:Data>
        <kml:Data name="주소">
          <kml:value>서울특별시 관악구 남부순환로245길 9 (행운동 1687-28)</kml:value>
        </kml:Data>
        <kml:Data name="매칭여">
          <kml:value>Y</kml:value>
        </kml:Data>
        <kml:Data name="최신주">
          <kml:value>서울특별시 관악구 봉천동 1687-28</kml:value>
        </kml:Data>
        <kml:Data name="x">
          <kml:value>126.96503934</kml:value>
        </kml:Data>
        <kml:Data name="y">
          <kml:value>37.47721574</kml:value>
        </kml:Data>
      </kml:ExtendedData>
      <kml:Point>
        <kml:coordinates>126.96503933557042,37.47721574083096</kml:coordinates>
      </kml:Point>
    </kml:Placemark>
    <kml:Placemark id="fid-60e2cf02_19f3a43cf86_-585d">
      <kml:ExtendedData>
        <kml:Data name="fid">
          <kml:value>173</kml:value>
        </kml:Data>
        <kml:Data name="가맹사">
          <kml:value>GS25</kml:value>
        </kml:Data>
        <kml:Data name="지점명">
          <kml:value>GS25관악현대점</kml:value>
        </kml:Data>
        <kml:Data name="전화번">
          <kml:value>-</kml:value>
        </kml:Data>
        <kml:Data name="주소">
          <kml:value>서울특별시 관악구 청림5길 87, 2층 (청림동 1-783)</kml:value>
        </kml:Data>
        <kml:Data name="매칭여">
          <kml:value>Y</kml:value>
        </kml:Data>
        <kml:Data name="최신주">
          <kml:value>서울특별시 관악구 봉천동 1-783</kml:value>
        </kml:Data>
        <kml:Data name="x">
          <kml:value>126.95956757</kml:value>
        </kml:Data>
        <kml:Data name="y">
          <kml:value>37.49175156</kml:value>
        </kml:Data>
      </kml:ExtendedData>
      <kml:Point>
        <kml:coordinates>126.95956757450269,37.4917515545787</kml:coordinates>
      </kml:Point>
    </kml:Placemark>
    <kml:Placemark id="fid-60e2cf02_19f3a43cf86_-585c">
      <kml:ExtendedData>
        <kml:Data name="fid">
          <kml:value>174</kml:value>
        </kml:Data>
        <kml:Data name="가맹사">
          <kml:value>GS25</kml:value>
        </kml:Data>
        <kml:Data name="지점명">
          <kml:value>GS25관악휴먼시아점</kml:value>
        </kml:Data>
        <kml:Data name="전화번">
          <kml:value>-</kml:value>
        </kml:Data>
        <kml:Data name="주소">
          <kml:value>서울특별시 관악구 난곡로 53, 304호 (난향동 1735-3, 휴먼시아)</kml:value>
        </kml:Data>
        <kml:Data name="매칭여">
          <kml:value>Y</kml:value>
        </kml:Data>
        <kml:Data name="최신주">
          <kml:value>서울특별시 관악구 신림동 1735-3</kml:value>
        </kml:Data>
        <kml:Data name="x">
          <kml:value>126.91939517</kml:value>
        </kml:Data>
        <kml:Data name="y">
          <kml:value>37.4602156</kml:value>
        </kml:Data>
      </kml:ExtendedData>
      <kml:Point>
        <kml:coordinates>126.91939516484491,37.4602155995644</kml:coordinates>
      </kml:Point>
    </kml:Placemark>
    <kml:Placemark id="fid-60e2cf02_19f3a43cf86_-585b">
      <kml:ExtendedData>
        <kml:Data name="fid">
          <kml:value>175</kml:value>
        </kml:Data>
        <kml:Data name="가맹사">
          <kml:value>GS25</kml:value>
        </kml:Data>
        <kml:Data name="지점명">
          <kml:value>GS25낙성대동점</kml:value>
        </kml:Data>
        <kml:Data name="전화번">
          <kml:value>-</kml:value>
        </kml:Data>
        <kml:Data name="주소">
          <kml:value>서울특별시 관악구 남부순환로244길 14(인헌동 1631-5)</kml:value>
        </kml:Data>
        <kml:Data name="매칭여">
          <kml:value>Y</kml:value>
        </kml:Data>
        <kml:Data name="최신주">
          <kml:value>서울특별시 관악구 봉천동 1631-5</kml:value>
        </kml:Data>
        <kml:Data name="x">
          <kml:value>126.96302203</kml:value>
        </kml:Data>
        <kml:Data name="y">
          <kml:value>37.47638286</kml:value>
        </kml:Data>
      </kml:ExtendedData>
      <kml:Point>
        <kml:coordinates>126.96302202474699,37.476382860531814</kml:coordinates>
      </kml:Point>
    </kml:Placemark>
    <kml:Placemark id="fid-60e2cf02_19f3a43cf86_-585a">
      <kml:ExtendedData>
        <kml:Data name="fid">
          <kml:value>176</kml:value>
        </kml:Data>
        <kml:Data name="가맹사">
          <kml:value>GS25</kml:value>
        </kml:Data>
        <kml:Data name="지점명">
          <kml:value>GS25낙성대역점</kml:value>
        </kml:Data>
        <kml:Data name="전화번">
          <kml:value>-</kml:value>
        </kml:Data>
        <kml:Data name="주소">
          <kml:value>서울특별시 관악구 남부순환로1937, 1층 (행운동 1687-23, 우송빌딩)</kml:value>
        </kml:Data>
        <kml:Data name="매칭여">
          <kml:value>Y</kml:value>
        </kml:Data>
        <kml:Data name="최신주">
          <kml:value>서울특별시 관악구 봉천동 1687-23</kml:value>
        </kml:Data>
        <kml:Data name="x">
          <kml:value>126.96467489</kml:value>
        </kml:Data>
        <kml:Data name="y">
          <kml:value>37.47692859</kml:value>
        </kml:Data>
      </kml:ExtendedData>
      <kml:Point>
        <kml:coordinates>126.96467488782429,37.47692859240559</kml:coordinates>
      </kml:Point>
    </kml:Placemark>
    <kml:Placemark id="fid-60e2cf02_19f3a43cf86_-5859">
      <kml:ExtendedData>
        <kml:Data name="fid">
          <kml:value>177</kml:value>
        </kml:Data>
        <kml:Data name="가맹사">
          <kml:value>GS25</kml:value>
        </kml:Data>
        <kml:Data name="지점명">
          <kml:value>GS25낙성대점</kml:value>
        </kml:Data>
        <kml:Data name="전화번">
          <kml:value>-</kml:value>
        </kml:Data>
        <kml:Data name="주소">
          <kml:value>서울특별시 관악구 관악로12길105, 1층(낙성대동 1626-35)</kml:value>
        </kml:Data>
        <kml:Data name="매칭여">
          <kml:value>Y</kml:value>
        </kml:Data>
        <kml:Data name="최신주">
          <kml:value>서울특별시 관악구 봉천동 1626-35</kml:value>
        </kml:Data>
        <kml:Data name="x">
          <kml:value>126.95811441</kml:value>
        </kml:Data>
        <kml:Data name="y">
          <kml:value>37.47731353</kml:value>
        </kml:Data>
      </kml:ExtendedData>
      <kml:Point>
        <kml:coordinates>126.95811441041396,37.477313530740396</kml:coordinates>
      </kml:Point>
    </kml:Placemark>
    <kml:Placemark id="fid-60e2cf02_19f3a43cf86_-5858">
      <kml:ExtendedData>
        <kml:Data name="fid">
          <kml:value>178</kml:value>
        </kml:Data>
        <kml:Data name="가맹사">
          <kml:value>GS25</kml:value>
        </kml:Data>
        <kml:Data name="지점명">
          <kml:value>GS25난곡로점</kml:value>
        </kml:Data>
        <kml:Data name="전화번">
          <kml:value>-</kml:value>
        </kml:Data>
        <kml:Data name="주소">
          <kml:value>서울특별시 관악구 난곡로 288, (미성동 1567-1, 남진빌딩)</kml:value>
        </kml:Data>
        <kml:Data name="매칭여">
          <kml:value>Y</kml:value>
        </kml:Data>
        <kml:Data name="최신주">
          <kml:value>서울특별시 관악구 신림동 1567-1</kml:value>
        </kml:Data>
        <kml:Data name="x">
          <kml:value>126.91517243</kml:value>
        </kml:Data>
        <kml:Data name="y">
          <kml:value>37.47965856</kml:value>
        </kml:Data>
      </kml:ExtendedData>
      <kml:Point>
        <kml:coordinates>126.91517242850236,37.47965856346898</kml:coordinates>
      </kml:Point>
    </kml:Placemark>
    <kml:Placemark id="fid-60e2cf02_19f3a43cf86_-5857">
      <kml:ExtendedData>
        <kml:Data name="fid">
          <kml:value>179</kml:value>
        </kml:Data>
        <kml:Data name="가맹사">
          <kml:value>GS25</kml:value>
        </kml:Data>
        <kml:Data name="지점명">
          <kml:value>GS25난곡센터점</kml:value>
        </kml:Data>
        <kml:Data name="전화번">
          <kml:value>-</kml:value>
        </kml:Data>
        <kml:Data name="주소">
          <kml:value>서울특별시 관악구 난곡로30길 27, 101동 101호 (신림동 630-7, 아름채)</kml:value>
        </kml:Data>
        <kml:Data name="매칭여">
          <kml:value>Y</kml:value>
        </kml:Data>
        <kml:Data name="최신주">
          <kml:value>서울특별시 관악구 신림동 630-7</kml:value>
        </kml:Data>
        <kml:Data name="x">
          <kml:value>126.92191776</kml:value>
        </kml:Data>
        <kml:Data name="y">
          <kml:value>37.47162897</kml:value>
        </kml:Data>
      </kml:ExtendedData>
      <kml:Point>
        <kml:coordinates>126.92191775739641,37.47162897293497</kml:coordinates>
      </kml:Point>
    </kml:Placemark>
    <kml:Placemark id="fid-60e2cf02_19f3a43cf86_-5856">
      <kml:ExtendedData>
        <kml:Data name="fid">
          <kml:value>180</kml:value>
        </kml:Data>
        <kml:Data name="가맹사">
          <kml:value>GS25</kml:value>
        </kml:Data>
        <kml:Data name="지점명">
          <kml:value>GS25남강학사점</kml:value>
        </kml:Data>
        <kml:Data name="전화번">
          <kml:value>-</kml:value>
        </kml:Data>
        <kml:Data name="주소">
          <kml:value>서울특별시 관악구 난곡로 181, 1층 (신림동 704-13, 성수빌딩)</kml:value>
        </kml:Data>
        <kml:Data name="매칭여">
          <kml:value>Y</kml:value>
        </kml:Data>
        <kml:Data name="최신주">
          <kml:value>서울특별시 관악구 신림동 704-13</kml:value>
        </kml:Data>
        <kml:Data name="x">
          <kml:value>126.91944912</kml:value>
        </kml:Data>
        <kml:Data name="y">
          <kml:value>37.47129605</kml:value>
        </kml:Data>
      </kml:ExtendedData>
      <kml:Point>
        <kml:coordinates>126.91944912315623,37.47129605315489</kml:coordinates>
      </kml:Point>
    </kml:Placemark>
    <kml:Placemark id="fid-60e2cf02_19f3a43cf86_-5855">
      <kml:ExtendedData>
        <kml:Data name="fid">
          <kml:value>181</kml:value>
        </kml:Data>
        <kml:Data name="가맹사">
          <kml:value>GS25</kml:value>
        </kml:Data>
        <kml:Data name="지점명">
          <kml:value>GS25남현번영점</kml:value>
        </kml:Data>
        <kml:Data name="전화번">
          <kml:value>-</kml:value>
        </kml:Data>
        <kml:Data name="주소">
          <kml:value>서울특별시 관악구 승방4길 27, 1층 (남현동 602-38)</kml:value>
        </kml:Data>
        <kml:Data name="매칭여">
          <kml:value>Y</kml:value>
        </kml:Data>
        <kml:Data name="최신주">
          <kml:value>서울특별시 관악구 남현동 602-38</kml:value>
        </kml:Data>
        <kml:Data name="x">
          <kml:value>126.98043843</kml:value>
        </kml:Data>
        <kml:Data name="y">
          <kml:value>37.47489603</kml:value>
        </kml:Data>
      </kml:ExtendedData>
      <kml:Point>
        <kml:coordinates>126.98043842935897,37.474896032773316</kml:coordinates>
      </kml:Point>
    </kml:Placemark>
    <kml:Placemark id="fid-60e2cf02_19f3a43cf86_-5854">
      <kml:ExtendedData>
        <kml:Data name="fid">
          <kml:value>182</kml:value>
        </kml:Data>
        <kml:Data name="가맹사">
          <kml:value>GS25</kml:value>
        </kml:Data>
        <kml:Data name="지점명">
          <kml:value>GS25남현으뜸점</kml:value>
        </kml:Data>
        <kml:Data name="전화번">
          <kml:value>-</kml:value>
        </kml:Data>
        <kml:Data name="주소">
          <kml:value>서울특별시 관악구 승방길 71, 지하1층 (남현동 602-121, 한성파크)</kml:value>
        </kml:Data>
        <kml:Data name="매칭여">
          <kml:value>Y</kml:value>
        </kml:Data>
        <kml:Data name="최신주">
          <kml:value>서울특별시 관악구 남현동 602-121</kml:value>
        </kml:Data>
        <kml:Data name="x">
          <kml:value>126.97834302</kml:value>
        </kml:Data>
        <kml:Data name="y">
          <kml:value>37.47252011</kml:value>
        </kml:Data>
      </kml:ExtendedData>
      <kml:Point>
        <kml:coordinates>126.97834301502861,37.472520110842396</kml:coordinates>
      </kml:Point>
    </kml:Placemark>
    <kml:Placemark id="fid-60e2cf02_19f3a43cf86_-5853">
      <kml:ExtendedData>
        <kml:Data name="fid">
          <kml:value>183</kml:value>
        </kml:Data>
        <kml:Data name="가맹사">
          <kml:value>GS25</kml:value>
        </kml:Data>
        <kml:Data name="지점명">
          <kml:value>GS25남현태양점</kml:value>
        </kml:Data>
        <kml:Data name="전화번">
          <kml:value>-</kml:value>
        </kml:Data>
        <kml:Data name="주소">
          <kml:value>서울특별시 관악구 남부순환로260길 36(남현동 1054-37)</kml:value>
        </kml:Data>
        <kml:Data name="매칭여">
          <kml:value>Y</kml:value>
        </kml:Data>
        <kml:Data name="최신주">
          <kml:value>서울특별시 관악구 남현동 1054-37</kml:value>
        </kml:Data>
        <kml:Data name="x">
          <kml:value>126.97235204</kml:value>
        </kml:Data>
        <kml:Data name="y">
          <kml:value>37.47467242</kml:value>
        </kml:Data>
      </kml:ExtendedData>
      <kml:Point>
        <kml:coordinates>126.9723520443777,37.47467242292731</kml:coordinates>
      </kml:Point>
    </kml:Placemark>
    <kml:Placemark id="fid-60e2cf02_19f3a43cf86_-5852">
      <kml:ExtendedData>
        <kml:Data name="fid">
          <kml:value>184</kml:value>
        </kml:Data>
        <kml:Data name="가맹사">
          <kml:value>GS25</kml:value>
        </kml:Data>
        <kml:Data name="지점명">
          <kml:value>GS25뉴신림로데오점</kml:value>
        </kml:Data>
        <kml:Data name="전화번">
          <kml:value>-</kml:value>
        </kml:Data>
        <kml:Data name="주소">
          <kml:value>서울특별시 관악구 봉천로6길 30, 1층 (신림동 1454-1)</kml:value>
        </kml:Data>
        <kml:Data name="매칭여">
          <kml:value>Y</kml:value>
        </kml:Data>
        <kml:Data name="최신주">
          <kml:value>서울특별시 관악구 신림동 1454-1</kml:value>
        </kml:Data>
        <kml:Data name="x">
          <kml:value>126.92547232</kml:value>
        </kml:Data>
        <kml:Data name="y">
          <kml:value>37.48832335</kml:value>
        </kml:Data>
      </kml:ExtendedData>
      <kml:Point>
        <kml:coordinates>126.92547231837011,37.48832335000143</kml:coordinates>
      </kml:Point>
    </kml:Placemark>
    <kml:Placemark id="fid-60e2cf02_19f3a43cf86_-5851">
      <kml:ExtendedData>
        <kml:Data name="fid">
          <kml:value>185</kml:value>
        </kml:Data>
        <kml:Data name="가맹사">
          <kml:value>GS25</kml:value>
        </kml:Data>
        <kml:Data name="지점명">
          <kml:value>GS25뉴신림사랑점</kml:value>
        </kml:Data>
        <kml:Data name="전화번">
          <kml:value>-</kml:value>
        </kml:Data>
        <kml:Data name="주소">
          <kml:value>서울특별시 관악구 신림동1길 21, 1층 (신림동 1431-25)</kml:value>
        </kml:Data>
        <kml:Data name="매칭여">
          <kml:value>Y</kml:value>
        </kml:Data>
        <kml:Data name="최신주">
          <kml:value>서울특별시 관악구 신림동 1431-25</kml:value>
        </kml:Data>
        <kml:Data name="x">
          <kml:value>126.92856657</kml:value>
        </kml:Data>
        <kml:Data name="y">
          <kml:value>37.48652749</kml:value>
        </kml:Data>
      </kml:ExtendedData>
      <kml:Point>
        <kml:coordinates>126.9285665733897,37.48652748849345</kml:coordinates>
      </kml:Point>
    </kml:Placemark>
    <kml:Placemark id="fid-60e2cf02_19f3a43cf86_-5850">
      <kml:ExtendedData>
        <kml:Data name="fid">
          <kml:value>186</kml:value>
        </kml:Data>
        <kml:Data name="가맹사">
          <kml:value>GS25</kml:value>
        </kml:Data>
        <kml:Data name="지점명">
          <kml:value>GS25당곡사거리점</kml:value>
        </kml:Data>
        <kml:Data name="전화번">
          <kml:value>-</kml:value>
        </kml:Data>
        <kml:Data name="주소">
          <kml:value>서울특별시 관악구 신림로 391, 1층 (신림동 1429-1)</kml:value>
        </kml:Data>
        <kml:Data name="매칭여">
          <kml:value>Y</kml:value>
        </kml:Data>
        <kml:Data name="최신주">
          <kml:value>서울특별시 관악구 신림동 1429-1</kml:value>
        </kml:Data>
        <kml:Data name="x">
          <kml:value>126.92783565</kml:value>
        </kml:Data>
        <kml:Data name="y">
          <kml:value>37.48905198</kml:value>
        </kml:Data>
      </kml:ExtendedData>
      <kml:Point>
        <kml:coordinates>126.92783564524608,37.48905198352839</kml:coordinates>
      </kml:Point>
    </kml:Placemark>
    <kml:Placemark id="fid-60e2cf02_19f3a43cf86_-584f">
      <kml:ExtendedData>
        <kml:Data name="fid">
          <kml:value>187</kml:value>
        </kml:Data>
        <kml:Data name="가맹사">
          <kml:value>GS25</kml:value>
        </kml:Data>
        <kml:Data name="지점명">
          <kml:value>GS25보라매본점</kml:value>
        </kml:Data>
        <kml:Data name="전화번">
          <kml:value>-</kml:value>
        </kml:Data>
        <kml:Data name="주소">
          <kml:value>서울특별시 관악구 봉천로13나길 5, 1층,지하1층 (봉천동 670-87)</kml:value>
        </kml:Data>
        <kml:Data name="매칭여">
          <kml:value>Y</kml:value>
        </kml:Data>
        <kml:Data name="최신주">
          <kml:value>서울특별시 관악구 봉천동 670-87</kml:value>
        </kml:Data>
        <kml:Data name="x">
          <kml:value>126.93064361</kml:value>
        </kml:Data>
        <kml:Data name="y">
          <kml:value>37.4892638</kml:value>
        </kml:Data>
      </kml:ExtendedData>
      <kml:Point>
        <kml:coordinates>126.93064360495676,37.48926379559089</kml:coordinates>
      </kml:Point>
    </kml:Placemark>
    <kml:Placemark id="fid-60e2cf02_19f3a43cf86_-584e">
      <kml:ExtendedData>
        <kml:Data name="fid">
          <kml:value>188</kml:value>
        </kml:Data>
        <kml:Data name="가맹사">
          <kml:value>GS25</kml:value>
        </kml:Data>
        <kml:Data name="지점명">
          <kml:value>GS25보라매타운점</kml:value>
        </kml:Data>
        <kml:Data name="전화번">
          <kml:value>-</kml:value>
        </kml:Data>
        <kml:Data name="주소">
          <kml:value>서울특별시 관악구 보라매로5가길 7, 104호(보라매동 729-24, 우성캐릭터그린빌)</kml:value>
        </kml:Data>
        <kml:Data name="매칭여">
          <kml:value>Y</kml:value>
        </kml:Data>
        <kml:Data name="최신주">
          <kml:value>서울특별시 관악구 봉천동 729-24</kml:value>
        </kml:Data>
        <kml:Data name="x">
          <kml:value>126.92538471</kml:value>
        </kml:Data>
        <kml:Data name="y">
          <kml:value>37.49181371</kml:value>
        </kml:Data>
      </kml:ExtendedData>
      <kml:Point>
        <kml:coordinates>126.92538471312217,37.4918137083461</kml:coordinates>
      </kml:Point>
    </kml:Placemark>
    <kml:Placemark id="fid-60e2cf02_19f3a43cf86_-584d">
      <kml:ExtendedData>
        <kml:Data name="fid">
          <kml:value>189</kml:value>
        </kml:Data>
        <kml:Data name="가맹사">
          <kml:value>GS25</kml:value>
        </kml:Data>
        <kml:Data name="지점명">
          <kml:value>GS25봉천가람점</kml:value>
        </kml:Data>
        <kml:Data name="전화번">
          <kml:value>-</kml:value>
        </kml:Data>
        <kml:Data name="주소">
          <kml:value>서울특별시 관악구 국회단지길 110, 1층 (은천동 635-25)</kml:value>
        </kml:Data>
        <kml:Data name="매칭여">
          <kml:value>Y</kml:value>
        </kml:Data>
        <kml:Data name="최신주">
          <kml:value>서울특별시 관악구 봉천동 635-25</kml:value>
        </kml:Data>
        <kml:Data name="x">
          <kml:value>126.94232054</kml:value>
        </kml:Data>
        <kml:Data name="y">
          <kml:value>37.49040415</kml:value>
        </kml:Data>
      </kml:ExtendedData>
      <kml:Point>
        <kml:coordinates>126.94232053778379,37.49040414824144</kml:coordinates>
      </kml:Point>
    </kml:Placemark>
    <kml:Placemark id="fid-60e2cf02_19f3a43cf86_-584c">
      <kml:ExtendedData>
        <kml:Data name="fid">
          <kml:value>190</kml:value>
        </kml:Data>
        <kml:Data name="가맹사">
          <kml:value>GS25</kml:value>
        </kml:Data>
        <kml:Data name="지점명">
          <kml:value>GS25봉천가온점</kml:value>
        </kml:Data>
        <kml:Data name="전화번">
          <kml:value>-</kml:value>
        </kml:Data>
        <kml:Data name="주소">
          <kml:value>서울특별시 관악구 양녕로6길 12, 1층 (봉천동 890-13)</kml:value>
        </kml:Data>
        <kml:Data name="매칭여">
          <kml:value>Y</kml:value>
        </kml:Data>
        <kml:Data name="최신주">
          <kml:value>서울특별시 관악구 봉천동 890-13</kml:value>
        </kml:Data>
        <kml:Data name="x">
          <kml:value>126.94741519</kml:value>
        </kml:Data>
        <kml:Data name="y">
          <kml:value>37.4845628</kml:value>
        </kml:Data>
      </kml:ExtendedData>
      <kml:Point>
        <kml:coordinates>126.94741518809609,37.48456280082423</kml:coordinates>
      </kml:Point>
    </kml:Placemark>
    <kml:Placemark id="fid-60e2cf02_19f3a43cf86_-584b">
      <kml:ExtendedData>
        <kml:Data name="fid">
          <kml:value>191</kml:value>
        </kml:Data>
        <kml:Data name="가맹사">
          <kml:value>GS25</kml:value>
        </kml:Data>
        <kml:Data name="지점명">
          <kml:value>GS25봉천구암점</kml:value>
        </kml:Data>
        <kml:Data name="전화번">
          <kml:value>-</kml:value>
        </kml:Data>
        <kml:Data name="주소">
          <kml:value>서울특별시 관악구 구암5길 24 (성현동 484-7)</kml:value>
        </kml:Data>
        <kml:Data name="매칭여">
          <kml:value>Y</kml:value>
        </kml:Data>
        <kml:Data name="최신주">
          <kml:value>서울특별시 관악구 봉천동 484-7</kml:value>
        </kml:Data>
        <kml:Data name="x">
          <kml:value>126.94654098</kml:value>
        </kml:Data>
        <kml:Data name="y">
          <kml:value>37.49015443</kml:value>
        </kml:Data>
      </kml:ExtendedData>
      <kml:Point>
        <kml:coordinates>126.9465409807148,37.49015443419619</kml:coordinates>
      </kml:Point>
    </kml:Placemark>
    <kml:Placemark id="fid-60e2cf02_19f3a43cf86_-584a">
      <kml:ExtendedData>
        <kml:Data name="fid">
          <kml:value>192</kml:value>
        </kml:Data>
        <kml:Data name="가맹사">
          <kml:value>GS25</kml:value>
        </kml:Data>
        <kml:Data name="지점명">
          <kml:value>GS25봉천근화점</kml:value>
        </kml:Data>
        <kml:Data name="전화번">
          <kml:value>-</kml:value>
        </kml:Data>
        <kml:Data name="주소">
          <kml:value>서울특별시 관악구 낙성대역8길 1 (인헌동 196-129)</kml:value>
        </kml:Data>
        <kml:Data name="매칭여">
          <kml:value>Y</kml:value>
        </kml:Data>
        <kml:Data name="최신주">
          <kml:value>서울특별시 관악구 봉천동 196-129</kml:value>
        </kml:Data>
        <kml:Data name="x">
          <kml:value>126.96333616</kml:value>
        </kml:Data>
        <kml:Data name="y">
          <kml:value>37.47446045</kml:value>
        </kml:Data>
      </kml:ExtendedData>
      <kml:Point>
        <kml:coordinates>126.96333615854446,37.47446045391537</kml:coordinates>
      </kml:Point>
    </kml:Placemark>
    <kml:Placemark id="fid-60e2cf02_19f3a43cf86_-5849">
      <kml:ExtendedData>
        <kml:Data name="fid">
          <kml:value>193</kml:value>
        </kml:Data>
        <kml:Data name="가맹사">
          <kml:value>GS25</kml:value>
        </kml:Data>
        <kml:Data name="지점명">
          <kml:value>GS25봉천까치점</kml:value>
        </kml:Data>
        <kml:Data name="전화번">
          <kml:value>-</kml:value>
        </kml:Data>
        <kml:Data name="주소">
          <kml:value>서울특별시 관악구 남부순환로233길 31-1, 1층 (봉천동 99-6)</kml:value>
        </kml:Data>
        <kml:Data name="매칭여">
          <kml:value>Y</kml:value>
        </kml:Data>
        <kml:Data name="최신주">
          <kml:value>서울특별시 관악구 봉천동 99-6</kml:value>
        </kml:Data>
        <kml:Data name="x">
          <kml:value>126.95893084</kml:value>
        </kml:Data>
        <kml:Data name="y">
          <kml:value>37.48061681</kml:value>
        </kml:Data>
      </kml:ExtendedData>
      <kml:Point>
        <kml:coordinates>126.95893084238052,37.48061680743787</kml:coordinates>
      </kml:Point>
    </kml:Placemark>
    <kml:Placemark id="fid-60e2cf02_19f3a43cf86_-5848">
      <kml:ExtendedData>
        <kml:Data name="fid">
          <kml:value>194</kml:value>
        </kml:Data>
        <kml:Data name="가맹사">
          <kml:value>GS25</kml:value>
        </kml:Data>
        <kml:Data name="지점명">
          <kml:value>GS25봉천낙성점</kml:value>
        </kml:Data>
        <kml:Data name="전화번">
          <kml:value>-</kml:value>
        </kml:Data>
        <kml:Data name="주소">
          <kml:value>서울특별시 관악구 행운2길 52 (행운동 1685-1)</kml:value>
        </kml:Data>
        <kml:Data name="매칭여">
          <kml:value>Y</kml:value>
        </kml:Data>
        <kml:Data name="최신주">
          <kml:value>서울특별시 관악구 봉천동 1685-1</kml:value>
        </kml:Data>
        <kml:Data name="x">
          <kml:value>126.96161212</kml:value>
        </kml:Data>
        <kml:Data name="y">
          <kml:value>37.47853193</kml:value>
        </kml:Data>
      </kml:ExtendedData>
      <kml:Point>
        <kml:coordinates>126.96161211753224,37.47853193398012</kml:coordinates>
      </kml:Point>
    </kml:Placemark>
    <kml:Placemark id="fid-60e2cf02_19f3a43cf86_-5847">
      <kml:ExtendedData>
        <kml:Data name="fid">
          <kml:value>195</kml:value>
        </kml:Data>
        <kml:Data name="가맹사">
          <kml:value>GS25</kml:value>
        </kml:Data>
        <kml:Data name="지점명">
          <kml:value>GS25봉천동부점</kml:value>
        </kml:Data>
        <kml:Data name="전화번">
          <kml:value>-</kml:value>
        </kml:Data>
        <kml:Data name="주소">
          <kml:value>서울특별시 관악구 은천로 143, 105호(봉천동 1719-1, 동부상가)</kml:value>
        </kml:Data>
        <kml:Data name="매칭여">
          <kml:value>Y</kml:value>
        </kml:Data>
        <kml:Data name="최신주">
          <kml:value>서울특별시 관악구 봉천동 1719-1</kml:value>
        </kml:Data>
        <kml:Data name="x">
          <kml:value>126.95134522</kml:value>
        </kml:Data>
        <kml:Data name="y">
          <kml:value>37.48660785</kml:value>
        </kml:Data>
      </kml:ExtendedData>
      <kml:Point>
        <kml:coordinates>126.95134521686477,37.48660784785853</kml:coordinates>
      </kml:Point>
    </kml:Placemark>
    <kml:Placemark id="fid-60e2cf02_19f3a43cf86_-5846">
      <kml:ExtendedData>
        <kml:Data name="fid">
          <kml:value>196</kml:value>
        </kml:Data>
        <kml:Data name="가맹사">
          <kml:value>GS25</kml:value>
        </kml:Data>
        <kml:Data name="지점명">
          <kml:value>GS25봉천동신점</kml:value>
        </kml:Data>
        <kml:Data name="전화번">
          <kml:value>-</kml:value>
        </kml:Data>
        <kml:Data name="주소">
          <kml:value>서울특별시 관악구 봉천로21나길 35, 1층 101호 (보라매동 649-54, 전망좋은집)</kml:value>
        </kml:Data>
        <kml:Data name="매칭여">
          <kml:value>Y</kml:value>
        </kml:Data>
        <kml:Data name="최신주">
          <kml:value>서울특별시 관악구 봉천동 649-54</kml:value>
        </kml:Data>
        <kml:Data name="x">
          <kml:value>126.93619023</kml:value>
        </kml:Data>
        <kml:Data name="y">
          <kml:value>37.48886209</kml:value>
        </kml:Data>
      </kml:ExtendedData>
      <kml:Point>
        <kml:coordinates>126.93619022927071,37.48886209157482</kml:coordinates>
      </kml:Point>
    </kml:Placemark>
    <kml:Placemark id="fid-60e2cf02_19f3a43cf86_-5845">
      <kml:ExtendedData>
        <kml:Data name="fid">
          <kml:value>197</kml:value>
        </kml:Data>
        <kml:Data name="가맹사">
          <kml:value>GS25</kml:value>
        </kml:Data>
        <kml:Data name="지점명">
          <kml:value>GS25봉천래인</kml:value>
        </kml:Data>
        <kml:Data name="전화번">
          <kml:value>-</kml:value>
        </kml:Data>
        <kml:Data name="주소">
          <kml:value>서울특별시 관악구 은천로35나길 2 (봉천동 41-202)</kml:value>
        </kml:Data>
        <kml:Data name="매칭여">
          <kml:value>Y</kml:value>
        </kml:Data>
        <kml:Data name="최신주">
          <kml:value>서울특별시 관악구 봉천동 41-202</kml:value>
        </kml:Data>
        <kml:Data name="x">
          <kml:value>126.95391409</kml:value>
        </kml:Data>
        <kml:Data name="y">
          <kml:value>37.48692749</kml:value>
        </kml:Data>
      </kml:ExtendedData>
      <kml:Point>
        <kml:coordinates>126.95391408664517,37.48692749320391</kml:coordinates>
      </kml:Point>
    </kml:Placemark>
    <kml:Placemark id="fid-60e2cf02_19f3a43cf86_-5844">
      <kml:ExtendedData>
        <kml:Data name="fid">
          <kml:value>198</kml:value>
        </kml:Data>
        <kml:Data name="가맹사">
          <kml:value>CU</kml:value>
        </kml:Data>
        <kml:Data name="지점명">
          <kml:value>SK신봉천주유소점</kml:value>
        </kml:Data>
        <kml:Data name="전화번">
          <kml:value>02-885-5913</kml:value>
        </kml:Data>
        <kml:Data name="주소">
          <kml:value>서울특별시 관악구 남부순환로 1880, (봉천동)</kml:value>
        </kml:Data>
        <kml:Data name="매칭여">
          <kml:value>Y</kml:value>
        </kml:Data>
        <kml:Data name="최신주">
          <kml:value>서울특별시 관악구 봉천동 1663-11</kml:value>
        </kml:Data>
        <kml:Data name="x">
          <kml:value>126.95833907</kml:value>
        </kml:Data>
        <kml:Data name="y">
          <kml:value>37.47875739</kml:value>
        </kml:Data>
      </kml:ExtendedData>
      <kml:Point>
        <kml:coordinates>126.95833906512482,37.47875738676065</kml:coordinates>
      </kml:Point>
    </kml:Placemark>
    <kml:Placemark id="fid-60e2cf02_19f3a43cf86_-5843">
      <kml:ExtendedData>
        <kml:Data name="fid">
          <kml:value>199</kml:value>
        </kml:Data>
        <kml:Data name="가맹사">
          <kml:value>GS25</kml:value>
        </kml:Data>
        <kml:Data name="지점명">
          <kml:value>GS25봉천번영점</kml:value>
        </kml:Data>
        <kml:Data name="전화번">
          <kml:value>-</kml:value>
        </kml:Data>
        <kml:Data name="주소">
          <kml:value>서울특별시 관악구 관악로14가길 45(낙성대동 1617-1)</kml:value>
        </kml:Data>
        <kml:Data name="매칭여">
          <kml:value>Y</kml:value>
        </kml:Data>
        <kml:Data name="최신주">
          <kml:value>서울특별시 관악구 봉천동 1617-1</kml:value>
        </kml:Data>
        <kml:Data name="x">
          <kml:value>126.95555295</kml:value>
        </kml:Data>
        <kml:Data name="y">
          <kml:value>37.47643355</kml:value>
        </kml:Data>
      </kml:ExtendedData>
      <kml:Point>
        <kml:coordinates>126.95555294431759,37.47643354748221</kml:coordinates>
      </kml:Point>
    </kml:Placemark>
    <kml:Placemark id="fid-60e2cf02_19f3a43cf86_-5842">
      <kml:ExtendedData>
        <kml:Data name="fid">
          <kml:value>200</kml:value>
        </kml:Data>
        <kml:Data name="가맹사">
          <kml:value>GS25</kml:value>
        </kml:Data>
        <kml:Data name="지점명">
          <kml:value>GS25봉천사랑점</kml:value>
        </kml:Data>
        <kml:Data name="전화번">
          <kml:value>-</kml:value>
        </kml:Data>
        <kml:Data name="주소">
          <kml:value>서울특별시 관악구 관악로28길 58, 101호(행운동 23-19)</kml:value>
        </kml:Data>
        <kml:Data name="매칭여">
          <kml:value>Y</kml:value>
        </kml:Data>
        <kml:Data name="최신주">
          <kml:value>서울특별시 관악구 봉천동 23-19</kml:value>
        </kml:Data>
        <kml:Data name="x">
          <kml:value>126.95916622</kml:value>
        </kml:Data>
        <kml:Data name="y">
          <kml:value>37.48453616</kml:value>
        </kml:Data>
      </kml:ExtendedData>
      <kml:Point>
        <kml:coordinates>126.95916621772815,37.48453615805928</kml:coordinates>
      </kml:Point>
    </kml:Placemark>
    <kml:Placemark id="fid-60e2cf02_19f3a43cf86_-5841">
      <kml:ExtendedData>
        <kml:Data name="fid">
          <kml:value>201</kml:value>
        </kml:Data>
        <kml:Data name="가맹사">
          <kml:value>GS25</kml:value>
        </kml:Data>
        <kml:Data name="지점명">
          <kml:value>GS25봉천삼두점</kml:value>
        </kml:Data>
        <kml:Data name="전화번">
          <kml:value>-</kml:value>
        </kml:Data>
        <kml:Data name="주소">
          <kml:value>서울특별시 관악구 은천로 114(봉천동 464-8)</kml:value>
        </kml:Data>
        <kml:Data name="매칭여">
          <kml:value>Y</kml:value>
        </kml:Data>
        <kml:Data name="최신주">
          <kml:value>서울특별시 관악구 봉천동 464-8</kml:value>
        </kml:Data>
        <kml:Data name="x">
          <kml:value>126.9480263</kml:value>
        </kml:Data>
        <kml:Data name="y">
          <kml:value>37.48657725</kml:value>
        </kml:Data>
      </kml:ExtendedData>
      <kml:Point>
        <kml:coordinates>126.94802629782724,37.4865772481093</kml:coordinates>
      </kml:Point>
    </kml:Placemark>
    <kml:Placemark id="fid-60e2cf02_19f3a43cf86_-5840">
      <kml:ExtendedData>
        <kml:Data name="fid">
          <kml:value>202</kml:value>
        </kml:Data>
        <kml:Data name="가맹사">
          <kml:value>GS25</kml:value>
        </kml:Data>
        <kml:Data name="지점명">
          <kml:value>GS25봉천아이원점</kml:value>
        </kml:Data>
        <kml:Data name="전화번">
          <kml:value>-</kml:value>
        </kml:Data>
        <kml:Data name="주소">
          <kml:value>서울특별시 관악구 청룡9길 1, 1층 (청룡동 1575-3)</kml:value>
        </kml:Data>
        <kml:Data name="매칭여">
          <kml:value>Y</kml:value>
        </kml:Data>
        <kml:Data name="최신주">
          <kml:value>서울특별시 관악구 봉천동 1575-3</kml:value>
        </kml:Data>
        <kml:Data name="x">
          <kml:value>126.94593273</kml:value>
        </kml:Data>
        <kml:Data name="y">
          <kml:value>37.47889357</kml:value>
        </kml:Data>
      </kml:ExtendedData>
      <kml:Point>
        <kml:coordinates>126.94593273245283,37.47889356992333</kml:coordinates>
      </kml:Point>
    </kml:Placemark>
    <kml:Placemark id="fid-60e2cf02_19f3a43cf86_-583f">
      <kml:ExtendedData>
        <kml:Data name="fid">
          <kml:value>203</kml:value>
        </kml:Data>
        <kml:Data name="가맹사">
          <kml:value>GS25</kml:value>
        </kml:Data>
        <kml:Data name="지점명">
          <kml:value>GS25봉천역점</kml:value>
        </kml:Data>
        <kml:Data name="전화번">
          <kml:value>-</kml:value>
        </kml:Data>
        <kml:Data name="주소">
          <kml:value>서울특별시 관악구 남부순환로 1733, 1층 1호 (은천동 926-33, 정민빌딩)</kml:value>
        </kml:Data>
        <kml:Data name="매칭여">
          <kml:value>Y</kml:value>
        </kml:Data>
        <kml:Data name="최신주">
          <kml:value>서울특별시 관악구 봉천동 926-33</kml:value>
        </kml:Data>
        <kml:Data name="x">
          <kml:value>126.94275678</kml:value>
        </kml:Data>
        <kml:Data name="y">
          <kml:value>37.48259463</kml:value>
        </kml:Data>
      </kml:ExtendedData>
      <kml:Point>
        <kml:coordinates>126.94275677827929,37.48259462787527</kml:coordinates>
      </kml:Point>
    </kml:Placemark>
    <kml:Placemark id="fid-60e2cf02_19f3a43cf86_-583e">
      <kml:ExtendedData>
        <kml:Data name="fid">
          <kml:value>204</kml:value>
        </kml:Data>
        <kml:Data name="가맹사">
          <kml:value>GS25</kml:value>
        </kml:Data>
        <kml:Data name="지점명">
          <kml:value>GS25봉천우성점</kml:value>
        </kml:Data>
        <kml:Data name="전화번">
          <kml:value>-</kml:value>
        </kml:Data>
        <kml:Data name="주소">
          <kml:value>서울특별시 관악구 관악로28길 20 (봉천동 21-15)</kml:value>
        </kml:Data>
        <kml:Data name="매칭여">
          <kml:value>Y</kml:value>
        </kml:Data>
        <kml:Data name="최신주">
          <kml:value>서울특별시 관악구 봉천동 21-15</kml:value>
        </kml:Data>
        <kml:Data name="x">
          <kml:value>126.95719468</kml:value>
        </kml:Data>
        <kml:Data name="y">
          <kml:value>37.48506296</kml:value>
        </kml:Data>
      </kml:ExtendedData>
      <kml:Point>
        <kml:coordinates>126.95719468084553,37.485062955584425</kml:coordinates>
      </kml:Point>
    </kml:Placemark>
    <kml:Placemark id="fid-60e2cf02_19f3a43cf86_-583d">
      <kml:ExtendedData>
        <kml:Data name="fid">
          <kml:value>205</kml:value>
        </kml:Data>
        <kml:Data name="가맹사">
          <kml:value>GS25</kml:value>
        </kml:Data>
        <kml:Data name="지점명">
          <kml:value>GS25봉천은천점</kml:value>
        </kml:Data>
        <kml:Data name="전화번">
          <kml:value>-</kml:value>
        </kml:Data>
        <kml:Data name="주소">
          <kml:value>서울특별시 관악구 양녕로1길 19, 1층 103호 (은천동 911-1)</kml:value>
        </kml:Data>
        <kml:Data name="매칭여">
          <kml:value>Y</kml:value>
        </kml:Data>
        <kml:Data name="최신주">
          <kml:value>서울특별시 관악구 봉천동 911-1</kml:value>
        </kml:Data>
        <kml:Data name="x">
          <kml:value>126.94522666</kml:value>
        </kml:Data>
        <kml:Data name="y">
          <kml:value>37.4834736</kml:value>
        </kml:Data>
      </kml:ExtendedData>
      <kml:Point>
        <kml:coordinates>126.94522666282508,37.48347359912315</kml:coordinates>
      </kml:Point>
    </kml:Placemark>
    <kml:Placemark id="fid-60e2cf02_19f3a43cf86_-583c">
      <kml:ExtendedData>
        <kml:Data name="fid">
          <kml:value>206</kml:value>
        </kml:Data>
        <kml:Data name="가맹사">
          <kml:value>GS25</kml:value>
        </kml:Data>
        <kml:Data name="지점명">
          <kml:value>GS25봉천인헌점</kml:value>
        </kml:Data>
        <kml:Data name="전화번">
          <kml:value>-</kml:value>
        </kml:Data>
        <kml:Data name="주소">
          <kml:value>서울특별시 관악구 인헌9길 28 (인헌동 1646-28)</kml:value>
        </kml:Data>
        <kml:Data name="매칭여">
          <kml:value>Y</kml:value>
        </kml:Data>
        <kml:Data name="최신주">
          <kml:value>서울특별시 관악구 봉천동 1646-28</kml:value>
        </kml:Data>
        <kml:Data name="x">
          <kml:value>126.96818017</kml:value>
        </kml:Data>
        <kml:Data name="y">
          <kml:value>37.47270083</kml:value>
        </kml:Data>
      </kml:ExtendedData>
      <kml:Point>
        <kml:coordinates>126.96818016952176,37.47270082886176</kml:coordinates>
      </kml:Point>
    </kml:Placemark>
    <kml:Placemark id="fid-60e2cf02_19f3a43cf86_-583b">
      <kml:ExtendedData>
        <kml:Data name="fid">
          <kml:value>207</kml:value>
        </kml:Data>
        <kml:Data name="가맹사">
          <kml:value>GS25</kml:value>
        </kml:Data>
        <kml:Data name="지점명">
          <kml:value>GS25봉천제일점</kml:value>
        </kml:Data>
        <kml:Data name="전화번">
          <kml:value>-</kml:value>
        </kml:Data>
        <kml:Data name="주소">
          <kml:value>서울특별시 관악구 청룡3길 22(청룡동 896-10)</kml:value>
        </kml:Data>
        <kml:Data name="매칭여">
          <kml:value>Y</kml:value>
        </kml:Data>
        <kml:Data name="최신주">
          <kml:value>서울특별시 관악구 봉천동 896-10</kml:value>
        </kml:Data>
        <kml:Data name="x">
          <kml:value>126.94743211</kml:value>
        </kml:Data>
        <kml:Data name="y">
          <kml:value>37.48058054</kml:value>
        </kml:Data>
      </kml:ExtendedData>
      <kml:Point>
        <kml:coordinates>126.9474321102772,37.48058053734938</kml:coordinates>
      </kml:Point>
    </kml:Placemark>
    <kml:Placemark id="fid-60e2cf02_19f3a43cf86_-583a">
      <kml:ExtendedData>
        <kml:Data name="fid">
          <kml:value>208</kml:value>
        </kml:Data>
        <kml:Data name="가맹사">
          <kml:value>GS25</kml:value>
        </kml:Data>
        <kml:Data name="지점명">
          <kml:value>GS25봉천탑골점</kml:value>
        </kml:Data>
        <kml:Data name="전화번">
          <kml:value>-</kml:value>
        </kml:Data>
        <kml:Data name="주소">
          <kml:value>서울특별시 관악구 낙성대로3길 23, 1층 101호(봉천동 738-10)</kml:value>
        </kml:Data>
        <kml:Data name="매칭여">
          <kml:value>Y</kml:value>
        </kml:Data>
        <kml:Data name="최신주">
          <kml:value>서울특별시 관악구 봉천동 738-10</kml:value>
        </kml:Data>
        <kml:Data name="x">
          <kml:value>126.9603165</kml:value>
        </kml:Data>
        <kml:Data name="y">
          <kml:value>37.47418853</kml:value>
        </kml:Data>
      </kml:ExtendedData>
      <kml:Point>
        <kml:coordinates>126.96031649883633,37.47418852844339</kml:coordinates>
      </kml:Point>
    </kml:Placemark>
    <kml:Placemark id="fid-60e2cf02_19f3a43cf86_-5839">
      <kml:ExtendedData>
        <kml:Data name="fid">
          <kml:value>209</kml:value>
        </kml:Data>
        <kml:Data name="가맹사">
          <kml:value>GS25</kml:value>
        </kml:Data>
        <kml:Data name="지점명">
          <kml:value>GS25봉천한가온점</kml:value>
        </kml:Data>
        <kml:Data name="전화번">
          <kml:value>-</kml:value>
        </kml:Data>
        <kml:Data name="주소">
          <kml:value>서울특별시 관악구 중앙길 38(봉천동 41-538)</kml:value>
        </kml:Data>
        <kml:Data name="매칭여">
          <kml:value>Y</kml:value>
        </kml:Data>
        <kml:Data name="최신주">
          <kml:value>서울특별시 관악구 봉천동 41-538</kml:value>
        </kml:Data>
        <kml:Data name="x">
          <kml:value>126.95269182</kml:value>
        </kml:Data>
        <kml:Data name="y">
          <kml:value>37.48447896</kml:value>
        </kml:Data>
      </kml:ExtendedData>
      <kml:Point>
        <kml:coordinates>126.95269181627691,37.484478963534826</kml:coordinates>
      </kml:Point>
    </kml:Placemark>
    <kml:Placemark id="fid-60e2cf02_19f3a43cf86_-5838">
      <kml:ExtendedData>
        <kml:Data name="fid">
          <kml:value>210</kml:value>
        </kml:Data>
        <kml:Data name="가맹사">
          <kml:value>GS25</kml:value>
        </kml:Data>
        <kml:Data name="지점명">
          <kml:value>GS25봉천한아름점</kml:value>
        </kml:Data>
        <kml:Data name="전화번">
          <kml:value>-</kml:value>
        </kml:Data>
        <kml:Data name="주소">
          <kml:value>서울특별시 관악구 봉천로31길 9(은천동 933-1)</kml:value>
        </kml:Data>
        <kml:Data name="매칭여">
          <kml:value>Y</kml:value>
        </kml:Data>
        <kml:Data name="최신주">
          <kml:value>서울특별시 관악구 봉천동 933-1</kml:value>
        </kml:Data>
        <kml:Data name="x">
          <kml:value>126.94135391</kml:value>
        </kml:Data>
        <kml:Data name="y">
          <kml:value>37.48413632</kml:value>
        </kml:Data>
      </kml:ExtendedData>
      <kml:Point>
        <kml:coordinates>126.94135390521589,37.484136323240094</kml:coordinates>
      </kml:Point>
    </kml:Placemark>
    <kml:Placemark id="fid-60e2cf02_19f3a43cf86_-5837">
      <kml:ExtendedData>
        <kml:Data name="fid">
          <kml:value>211</kml:value>
        </kml:Data>
        <kml:Data name="가맹사">
          <kml:value>GS25</kml:value>
        </kml:Data>
        <kml:Data name="지점명">
          <kml:value>GS25봉천해오름점</kml:value>
        </kml:Data>
        <kml:Data name="전화번">
          <kml:value>-</kml:value>
        </kml:Data>
        <kml:Data name="주소">
          <kml:value>서울특별시 관악구 남부순환로 1979, B동 101호 (봉천동 1722, 제창그로힐아파트지하1층)</kml:value>
        </kml:Data>
        <kml:Data name="매칭여">
          <kml:value>Y</kml:value>
        </kml:Data>
        <kml:Data name="최신주">
          <kml:value>서울특별시 관악구 봉천동 1722</kml:value>
        </kml:Data>
        <kml:Data name="x">
          <kml:value>126.96873267</kml:value>
        </kml:Data>
        <kml:Data name="y">
          <kml:value>37.47587354</kml:value>
        </kml:Data>
      </kml:ExtendedData>
      <kml:Point>
        <kml:coordinates>126.96873266553068,37.475873538055986</kml:coordinates>
      </kml:Point>
    </kml:Placemark>
    <kml:Placemark id="fid-60e2cf02_19f3a43cf86_-5836">
      <kml:ExtendedData>
        <kml:Data name="fid">
          <kml:value>212</kml:value>
        </kml:Data>
        <kml:Data name="가맹사">
          <kml:value>GS25</kml:value>
        </kml:Data>
        <kml:Data name="지점명">
          <kml:value>GS25봉천행운점</kml:value>
        </kml:Data>
        <kml:Data name="전화번">
          <kml:value>-</kml:value>
        </kml:Data>
        <kml:Data name="주소">
          <kml:value>서울특별시 관악구 행운1라길 62, 1층 (봉천동 98-1, 루세빌)</kml:value>
        </kml:Data>
        <kml:Data name="매칭여">
          <kml:value>Y</kml:value>
        </kml:Data>
        <kml:Data name="최신주">
          <kml:value>서울특별시 관악구 봉천동 98-1</kml:value>
        </kml:Data>
        <kml:Data name="x">
          <kml:value>126.95853178</kml:value>
        </kml:Data>
        <kml:Data name="y">
          <kml:value>37.48143466</kml:value>
        </kml:Data>
      </kml:ExtendedData>
      <kml:Point>
        <kml:coordinates>126.95853178129096,37.481434658954285</kml:coordinates>
      </kml:Point>
    </kml:Placemark>
    <kml:Placemark id="fid-60e2cf02_19f3a43cf86_-5835">
      <kml:ExtendedData>
        <kml:Data name="fid">
          <kml:value>213</kml:value>
        </kml:Data>
        <kml:Data name="가맹사">
          <kml:value>GS25</kml:value>
        </kml:Data>
        <kml:Data name="지점명">
          <kml:value>GS25봉천현대점</kml:value>
        </kml:Data>
        <kml:Data name="전화번">
          <kml:value>-</kml:value>
        </kml:Data>
        <kml:Data name="주소">
          <kml:value>서울특별시 관악구 솔밭로24, 1호 (행운동 148-129, 관악미래가아파트)</kml:value>
        </kml:Data>
        <kml:Data name="매칭여">
          <kml:value>Y</kml:value>
        </kml:Data>
        <kml:Data name="최신주">
          <kml:value>서울특별시 관악구 봉천동 148-129</kml:value>
        </kml:Data>
        <kml:Data name="x">
          <kml:value>126.96372368</kml:value>
        </kml:Data>
        <kml:Data name="y">
          <kml:value>37.47933689</kml:value>
        </kml:Data>
      </kml:ExtendedData>
      <kml:Point>
        <kml:coordinates>126.96372367638783,37.47933688528739</kml:coordinates>
      </kml:Point>
    </kml:Placemark>
    <kml:Placemark id="fid-60e2cf02_19f3a43cf86_-5834">
      <kml:ExtendedData>
        <kml:Data name="fid">
          <kml:value>214</kml:value>
        </kml:Data>
        <kml:Data name="가맹사">
          <kml:value>GS25</kml:value>
        </kml:Data>
        <kml:Data name="지점명">
          <kml:value>GS25사당고운점</kml:value>
        </kml:Data>
        <kml:Data name="전화번">
          <kml:value>-</kml:value>
        </kml:Data>
        <kml:Data name="주소">
          <kml:value>서울특별시 관악구 과천대로 951(남현동 1061-27)</kml:value>
        </kml:Data>
        <kml:Data name="매칭여">
          <kml:value>Y</kml:value>
        </kml:Data>
        <kml:Data name="최신주">
          <kml:value>서울특별시 관악구 남현동 1061-27</kml:value>
        </kml:Data>
        <kml:Data name="x">
          <kml:value>126.98128587</kml:value>
        </kml:Data>
        <kml:Data name="y">
          <kml:value>37.47547352</kml:value>
        </kml:Data>
      </kml:ExtendedData>
      <kml:Point>
        <kml:coordinates>126.98128586849967,37.47547351735532</kml:coordinates>
      </kml:Point>
    </kml:Placemark>
    <kml:Placemark id="fid-60e2cf02_19f3a43cf86_-5833">
      <kml:ExtendedData>
        <kml:Data name="fid">
          <kml:value>215</kml:value>
        </kml:Data>
        <kml:Data name="가맹사">
          <kml:value>GS25</kml:value>
        </kml:Data>
        <kml:Data name="지점명">
          <kml:value>GS25사당한얼점</kml:value>
        </kml:Data>
        <kml:Data name="전화번">
          <kml:value>-</kml:value>
        </kml:Data>
        <kml:Data name="주소">
          <kml:value>서울특별시 관악구 남부순환로2062, 103호(남현동 1058-1, 한얼메디컬빌딩)</kml:value>
        </kml:Data>
        <kml:Data name="매칭여">
          <kml:value>Y</kml:value>
        </kml:Data>
        <kml:Data name="최신주">
          <kml:value>서울특별시 관악구 남현동 1058-1</kml:value>
        </kml:Data>
        <kml:Data name="x">
          <kml:value>126.9777869</kml:value>
        </kml:Data>
        <kml:Data name="y">
          <kml:value>37.47639398</kml:value>
        </kml:Data>
      </kml:ExtendedData>
      <kml:Point>
        <kml:coordinates>126.97778689910615,37.476393977647604</kml:coordinates>
      </kml:Point>
    </kml:Placemark>
    <kml:Placemark id="fid-60e2cf02_19f3a43cf86_-5832">
      <kml:ExtendedData>
        <kml:Data name="fid">
          <kml:value>216</kml:value>
        </kml:Data>
        <kml:Data name="가맹사">
          <kml:value>GS25</kml:value>
        </kml:Data>
        <kml:Data name="지점명">
          <kml:value>GS25삼성산주공점</kml:value>
        </kml:Data>
        <kml:Data name="전화번">
          <kml:value>-</kml:value>
        </kml:Data>
        <kml:Data name="주소">
          <kml:value>서울특별시 관악구 호암로399, 상가 B105호 (신림동 1714, 삼성산주공아파트3단지)</kml:value>
        </kml:Data>
        <kml:Data name="매칭여">
          <kml:value>Y</kml:value>
        </kml:Data>
        <kml:Data name="최신주">
          <kml:value>서울특별시 관악구 신림동 1714</kml:value>
        </kml:Data>
        <kml:Data name="x">
          <kml:value>126.92617449</kml:value>
        </kml:Data>
        <kml:Data name="y">
          <kml:value>37.46258234</kml:value>
        </kml:Data>
      </kml:ExtendedData>
      <kml:Point>
        <kml:coordinates>126.92617449400383,37.46258234337159</kml:coordinates>
      </kml:Point>
    </kml:Placemark>
    <kml:Placemark id="fid-60e2cf02_19f3a43cf86_-5831">
      <kml:ExtendedData>
        <kml:Data name="fid">
          <kml:value>217</kml:value>
        </kml:Data>
        <kml:Data name="가맹사">
          <kml:value>GS25</kml:value>
        </kml:Data>
        <kml:Data name="지점명">
          <kml:value>GS25서울대관악사점</kml:value>
        </kml:Data>
        <kml:Data name="전화번">
          <kml:value>-</kml:value>
        </kml:Data>
        <kml:Data name="주소">
          <kml:value>서울특별시 관악구 관악로 1, 기숙사 (신림동 산56-1, 서울대학교)</kml:value>
        </kml:Data>
        <kml:Data name="매칭여">
          <kml:value>Y</kml:value>
        </kml:Data>
        <kml:Data name="최신주">
          <kml:value>서울특별시 관악구 신림동 산 56-1</kml:value>
        </kml:Data>
        <kml:Data name="x">
          <kml:value>126.95880253</kml:value>
        </kml:Data>
        <kml:Data name="y">
          <kml:value>37.45617591</kml:value>
        </kml:Data>
      </kml:ExtendedData>
      <kml:Point>
        <kml:coordinates>126.95880253246425,37.456175908756926</kml:coordinates>
      </kml:Point>
    </kml:Placemark>
    <kml:Placemark id="fid-60e2cf02_19f3a43cf86_-5830">
      <kml:ExtendedData>
        <kml:Data name="fid">
          <kml:value>218</kml:value>
        </kml:Data>
        <kml:Data name="가맹사">
          <kml:value>GS25</kml:value>
        </kml:Data>
        <kml:Data name="지점명">
          <kml:value>GS25서울대역점</kml:value>
        </kml:Data>
        <kml:Data name="전화번">
          <kml:value>-</kml:value>
        </kml:Data>
        <kml:Data name="주소">
          <kml:value>서울특별시 관악구 관악로 144 (낙성대동 1597-1, 우남네오폴리스)</kml:value>
        </kml:Data>
        <kml:Data name="매칭여">
          <kml:value>Y</kml:value>
        </kml:Data>
        <kml:Data name="최신주">
          <kml:value>서울특별시 관악구 봉천동 1597-1</kml:value>
        </kml:Data>
        <kml:Data name="x">
          <kml:value>126.95256916</kml:value>
        </kml:Data>
        <kml:Data name="y">
          <kml:value>37.4779544</kml:value>
        </kml:Data>
      </kml:ExtendedData>
      <kml:Point>
        <kml:coordinates>126.95256916173965,37.477954399746665</kml:coordinates>
      </kml:Point>
    </kml:Placemark>
    <kml:Placemark id="fid-60e2cf02_19f3a43cf86_-582f">
      <kml:ExtendedData>
        <kml:Data name="fid">
          <kml:value>219</kml:value>
        </kml:Data>
        <kml:Data name="가맹사">
          <kml:value>GS25</kml:value>
        </kml:Data>
        <kml:Data name="지점명">
          <kml:value>GS25서울대제일점</kml:value>
        </kml:Data>
        <kml:Data name="전화번">
          <kml:value>-</kml:value>
        </kml:Data>
        <kml:Data name="주소">
          <kml:value>서울특별시 관악구 관악로 104, 지층 (봉천동 1594-1)</kml:value>
        </kml:Data>
        <kml:Data name="매칭여">
          <kml:value>Y</kml:value>
        </kml:Data>
        <kml:Data name="최신주">
          <kml:value>서울특별시 관악구 봉천동 1594-1</kml:value>
        </kml:Data>
        <kml:Data name="x">
          <kml:value>126.95324677</kml:value>
        </kml:Data>
        <kml:Data name="y">
          <kml:value>37.47441648</kml:value>
        </kml:Data>
      </kml:ExtendedData>
      <kml:Point>
        <kml:coordinates>126.9532467679675,37.47441648405352</kml:coordinates>
      </kml:Point>
    </kml:Placemark>
    <kml:Placemark id="fid-60e2cf02_19f3a43cf86_-582e">
      <kml:ExtendedData>
        <kml:Data name="fid">
          <kml:value>220</kml:value>
        </kml:Data>
        <kml:Data name="가맹사">
          <kml:value>GS25</kml:value>
        </kml:Data>
        <kml:Data name="지점명">
          <kml:value>GS25서원쑥고개점</kml:value>
        </kml:Data>
        <kml:Data name="전화번">
          <kml:value>-</kml:value>
        </kml:Data>
        <kml:Data name="주소">
          <kml:value>서울특별시 관악구 쑥고개로 1, 1층 (신림동 94-140)</kml:value>
        </kml:Data>
        <kml:Data name="매칭여">
          <kml:value>Y</kml:value>
        </kml:Data>
        <kml:Data name="최신주">
          <kml:value>서울특별시 관악구 신림동 94-140</kml:value>
        </kml:Data>
        <kml:Data name="x">
          <kml:value>126.93747955</kml:value>
        </kml:Data>
        <kml:Data name="y">
          <kml:value>37.47737979</kml:value>
        </kml:Data>
      </kml:ExtendedData>
      <kml:Point>
        <kml:coordinates>126.93747954779884,37.477379791632636</kml:coordinates>
      </kml:Point>
    </kml:Placemark>
    <kml:Placemark id="fid-60e2cf02_19f3a43cf86_-582d">
      <kml:ExtendedData>
        <kml:Data name="fid">
          <kml:value>221</kml:value>
        </kml:Data>
        <kml:Data name="가맹사">
          <kml:value>GS25</kml:value>
        </kml:Data>
        <kml:Data name="지점명">
          <kml:value>GS25신대방역점</kml:value>
        </kml:Data>
        <kml:Data name="전화번">
          <kml:value>-</kml:value>
        </kml:Data>
        <kml:Data name="주소">
          <kml:value>서울특별시 관악구 신사로 86, 1층 102호 (신림동 518-18, 현빌딩)</kml:value>
        </kml:Data>
        <kml:Data name="매칭여">
          <kml:value>Y</kml:value>
        </kml:Data>
        <kml:Data name="최신주">
          <kml:value>서울특별시 관악구 신림동 518-18</kml:value>
        </kml:Data>
        <kml:Data name="x">
          <kml:value>126.91248549</kml:value>
        </kml:Data>
        <kml:Data name="y">
          <kml:value>37.48619076</kml:value>
        </kml:Data>
      </kml:ExtendedData>
      <kml:Point>
        <kml:coordinates>126.9124854909379,37.48619075777777</kml:coordinates>
      </kml:Point>
    </kml:Placemark>
    <kml:Placemark id="fid-60e2cf02_19f3a43cf86_-582c">
      <kml:ExtendedData>
        <kml:Data name="fid">
          <kml:value>222</kml:value>
        </kml:Data>
        <kml:Data name="가맹사">
          <kml:value>GS25</kml:value>
        </kml:Data>
        <kml:Data name="지점명">
          <kml:value>GS25신림고시촌점</kml:value>
        </kml:Data>
        <kml:Data name="전화번">
          <kml:value>-</kml:value>
        </kml:Data>
        <kml:Data name="주소">
          <kml:value>서울특별시 관악구 신림로19길 46-8 (대학동 1546-5)</kml:value>
        </kml:Data>
        <kml:Data name="매칭여">
          <kml:value>Y</kml:value>
        </kml:Data>
        <kml:Data name="최신주">
          <kml:value>서울특별시 관악구 신림동 1546-5</kml:value>
        </kml:Data>
        <kml:Data name="x">
          <kml:value>126.93525049</kml:value>
        </kml:Data>
        <kml:Data name="y">
          <kml:value>37.46851011</kml:value>
        </kml:Data>
      </kml:ExtendedData>
      <kml:Point>
        <kml:coordinates>126.93525048569636,37.46851011080292</kml:coordinates>
      </kml:Point>
    </kml:Placemark>
    <kml:Placemark id="fid-60e2cf02_19f3a43cf86_-582b">
      <kml:ExtendedData>
        <kml:Data name="fid">
          <kml:value>223</kml:value>
        </kml:Data>
        <kml:Data name="가맹사">
          <kml:value>GS25</kml:value>
        </kml:Data>
        <kml:Data name="지점명">
          <kml:value>GS25신림골드점</kml:value>
        </kml:Data>
        <kml:Data name="전화번">
          <kml:value>-</kml:value>
        </kml:Data>
        <kml:Data name="주소">
          <kml:value>서울특별시 관악구 조원로 34 (조원동 1651-11)</kml:value>
        </kml:Data>
        <kml:Data name="매칭여">
          <kml:value>Y</kml:value>
        </kml:Data>
        <kml:Data name="최신주">
          <kml:value>서울특별시 관악구 신림동 1651-11</kml:value>
        </kml:Data>
        <kml:Data name="x">
          <kml:value>126.90612574</kml:value>
        </kml:Data>
        <kml:Data name="y">
          <kml:value>37.48322889</kml:value>
        </kml:Data>
      </kml:ExtendedData>
      <kml:Point>
        <kml:coordinates>126.90612574106335,37.483228890510176</kml:coordinates>
      </kml:Point>
    </kml:Placemark>
    <kml:Placemark id="fid-60e2cf02_19f3a43cf86_-582a">
      <kml:ExtendedData>
        <kml:Data name="fid">
          <kml:value>224</kml:value>
        </kml:Data>
        <kml:Data name="가맹사">
          <kml:value>GS25</kml:value>
        </kml:Data>
        <kml:Data name="지점명">
          <kml:value>GS25신림관악점</kml:value>
        </kml:Data>
        <kml:Data name="전화번">
          <kml:value>-</kml:value>
        </kml:Data>
        <kml:Data name="주소">
          <kml:value>서울특별시 관악구 남부순환로181길 27 (신림동 1423-24)</kml:value>
        </kml:Data>
        <kml:Data name="매칭여">
          <kml:value>Y</kml:value>
        </kml:Data>
        <kml:Data name="최신주">
          <kml:value>서울특별시 관악구 신림동 1423-24</kml:value>
        </kml:Data>
        <kml:Data name="x">
          <kml:value>126.93062757</kml:value>
        </kml:Data>
        <kml:Data name="y">
          <kml:value>37.48590836</kml:value>
        </kml:Data>
      </kml:ExtendedData>
      <kml:Point>
        <kml:coordinates>126.93062757246082,37.48590835635533</kml:coordinates>
      </kml:Point>
    </kml:Placemark>
    <kml:Placemark id="fid-60e2cf02_19f3a43cf86_-5829">
      <kml:ExtendedData>
        <kml:Data name="fid">
          <kml:value>225</kml:value>
        </kml:Data>
        <kml:Data name="가맹사">
          <kml:value>GS25</kml:value>
        </kml:Data>
        <kml:Data name="지점명">
          <kml:value>GS25신림관천로점</kml:value>
        </kml:Data>
        <kml:Data name="전화번">
          <kml:value>-</kml:value>
        </kml:Data>
        <kml:Data name="주소">
          <kml:value>서울특별시 관악구 관천로107(신사동 459-4)</kml:value>
        </kml:Data>
        <kml:Data name="매칭여">
          <kml:value>Y</kml:value>
        </kml:Data>
        <kml:Data name="최신주">
          <kml:value>서울특별시 관악구 신림동 459-4</kml:value>
        </kml:Data>
        <kml:Data name="x">
          <kml:value>126.92176766</kml:value>
        </kml:Data>
        <kml:Data name="y">
          <kml:value>37.48780887</kml:value>
        </kml:Data>
      </kml:ExtendedData>
      <kml:Point>
        <kml:coordinates>126.92176766329662,37.48780887263716</kml:coordinates>
      </kml:Point>
    </kml:Placemark>
    <kml:Placemark id="fid-60e2cf02_19f3a43cf86_-5828">
      <kml:ExtendedData>
        <kml:Data name="fid">
          <kml:value>226</kml:value>
        </kml:Data>
        <kml:Data name="가맹사">
          <kml:value>GS25</kml:value>
        </kml:Data>
        <kml:Data name="지점명">
          <kml:value>GS25신림금성점</kml:value>
        </kml:Data>
        <kml:Data name="전화번">
          <kml:value>-</kml:value>
        </kml:Data>
        <kml:Data name="주소">
          <kml:value>서울특별시 관악구 남부순환로 1508, 1층 (미성동 1570-9)</kml:value>
        </kml:Data>
        <kml:Data name="매칭여">
          <kml:value>Y</kml:value>
        </kml:Data>
        <kml:Data name="최신주">
          <kml:value>서울특별시 관악구 신림동 1570-9</kml:value>
        </kml:Data>
        <kml:Data name="x">
          <kml:value>126.9183422</kml:value>
        </kml:Data>
        <kml:Data name="y">
          <kml:value>37.48223035</kml:value>
        </kml:Data>
      </kml:ExtendedData>
      <kml:Point>
        <kml:coordinates>126.918342200195,37.482230346694074</kml:coordinates>
      </kml:Point>
    </kml:Placemark>
    <kml:Placemark id="fid-60e2cf02_19f3a43cf86_-5827">
      <kml:ExtendedData>
        <kml:Data name="fid">
          <kml:value>227</kml:value>
        </kml:Data>
        <kml:Data name="가맹사">
          <kml:value>GS25</kml:value>
        </kml:Data>
        <kml:Data name="지점명">
          <kml:value>GS25신림난곡점</kml:value>
        </kml:Data>
        <kml:Data name="전화번">
          <kml:value>-</kml:value>
        </kml:Data>
        <kml:Data name="주소">
          <kml:value>서울특별시 관악구 조원로22길 36(조원동 531-11)</kml:value>
        </kml:Data>
        <kml:Data name="매칭여">
          <kml:value>Y</kml:value>
        </kml:Data>
        <kml:Data name="최신주">
          <kml:value>서울특별시 관악구 신림동 531-11</kml:value>
        </kml:Data>
        <kml:Data name="x">
          <kml:value>126.91349336</kml:value>
        </kml:Data>
        <kml:Data name="y">
          <kml:value>37.48310543</kml:value>
        </kml:Data>
      </kml:ExtendedData>
      <kml:Point>
        <kml:coordinates>126.91349335909864,37.48310542979792</kml:coordinates>
      </kml:Point>
    </kml:Placemark>
    <kml:Placemark id="fid-60e2cf02_19f3a43cf86_-5826">
      <kml:ExtendedData>
        <kml:Data name="fid">
          <kml:value>228</kml:value>
        </kml:Data>
        <kml:Data name="가맹사">
          <kml:value>GS25</kml:value>
        </kml:Data>
        <kml:Data name="지점명">
          <kml:value>GS25신림난향점</kml:value>
        </kml:Data>
        <kml:Data name="전화번">
          <kml:value>-</kml:value>
        </kml:Data>
        <kml:Data name="주소">
          <kml:value>서울특별시 관악구 난곡로 255, 1층 (신림동 763-19, 일양)</kml:value>
        </kml:Data>
        <kml:Data name="매칭여">
          <kml:value>Y</kml:value>
        </kml:Data>
        <kml:Data name="최신주">
          <kml:value>서울특별시 관악구 신림동 763-19</kml:value>
        </kml:Data>
        <kml:Data name="x">
          <kml:value>126.91543027</kml:value>
        </kml:Data>
        <kml:Data name="y">
          <kml:value>37.47671117</kml:value>
        </kml:Data>
      </kml:ExtendedData>
      <kml:Point>
        <kml:coordinates>126.91543027281288,37.476711166070466</kml:coordinates>
      </kml:Point>
    </kml:Placemark>
    <kml:Placemark id="fid-60e2cf02_19f3a43cf86_-5825">
      <kml:ExtendedData>
        <kml:Data name="fid">
          <kml:value>229</kml:value>
        </kml:Data>
        <kml:Data name="가맹사">
          <kml:value>GS25</kml:value>
        </kml:Data>
        <kml:Data name="지점명">
          <kml:value>GS25신림녹두점</kml:value>
        </kml:Data>
        <kml:Data name="전화번">
          <kml:value>-</kml:value>
        </kml:Data>
        <kml:Data name="주소">
          <kml:value>서울특별시 관악구 신림로 89, 1층 (대학동 238-10, 대일고시원)</kml:value>
        </kml:Data>
        <kml:Data name="매칭여">
          <kml:value>Y</kml:value>
        </kml:Data>
        <kml:Data name="최신주">
          <kml:value>서울특별시 관악구 신림동 238-10</kml:value>
        </kml:Data>
        <kml:Data name="x">
          <kml:value>126.93951221</kml:value>
        </kml:Data>
        <kml:Data name="y">
          <kml:value>37.47028739</kml:value>
        </kml:Data>
      </kml:ExtendedData>
      <kml:Point>
        <kml:coordinates>126.93951221223602,37.47028739171836</kml:coordinates>
      </kml:Point>
    </kml:Placemark>
    <kml:Placemark id="fid-60e2cf02_19f3a43cf86_-5824">
      <kml:ExtendedData>
        <kml:Data name="fid">
          <kml:value>230</kml:value>
        </kml:Data>
        <kml:Data name="가맹사">
          <kml:value>GS25</kml:value>
        </kml:Data>
        <kml:Data name="지점명">
          <kml:value>GS25신림누리점</kml:value>
        </kml:Data>
        <kml:Data name="전화번">
          <kml:value>-</kml:value>
        </kml:Data>
        <kml:Data name="주소">
          <kml:value>서울특별시 관악구 신림동5가길 16, 1층 (신림동 1438-12, 로데오오피스텔)</kml:value>
        </kml:Data>
        <kml:Data name="매칭여">
          <kml:value>Y</kml:value>
        </kml:Data>
        <kml:Data name="최신주">
          <kml:value>서울특별시 관악구 신림동 1438-12</kml:value>
        </kml:Data>
        <kml:Data name="x">
          <kml:value>126.92631206</kml:value>
        </kml:Data>
        <kml:Data name="y">
          <kml:value>37.48671578</kml:value>
        </kml:Data>
      </kml:ExtendedData>
      <kml:Point>
        <kml:coordinates>126.92631206051178,37.48671578137252</kml:coordinates>
      </kml:Point>
    </kml:Placemark>
    <kml:Placemark id="fid-60e2cf02_19f3a43cf86_-5823">
      <kml:ExtendedData>
        <kml:Data name="fid">
          <kml:value>231</kml:value>
        </kml:Data>
        <kml:Data name="가맹사">
          <kml:value>GS25</kml:value>
        </kml:Data>
        <kml:Data name="지점명">
          <kml:value>GS25신림대학점</kml:value>
        </kml:Data>
        <kml:Data name="전화번">
          <kml:value>-</kml:value>
        </kml:Data>
        <kml:Data name="주소">
          <kml:value>서울특별시 관악구 신림로23길 22 (대학동 1524-4)</kml:value>
        </kml:Data>
        <kml:Data name="매칭여">
          <kml:value>Y</kml:value>
        </kml:Data>
        <kml:Data name="최신주">
          <kml:value>서울특별시 관악구 신림동 1524-4</kml:value>
        </kml:Data>
        <kml:Data name="x">
          <kml:value>126.93467236</kml:value>
        </kml:Data>
        <kml:Data name="y">
          <kml:value>37.46999417</kml:value>
        </kml:Data>
      </kml:ExtendedData>
      <kml:Point>
        <kml:coordinates>126.93467236389972,37.46999416804724</kml:coordinates>
      </kml:Point>
    </kml:Placemark>
    <kml:Placemark id="fid-60e2cf02_19f3a43cf86_-5822">
      <kml:ExtendedData>
        <kml:Data name="fid">
          <kml:value>232</kml:value>
        </kml:Data>
        <kml:Data name="가맹사">
          <kml:value>GS25</kml:value>
        </kml:Data>
        <kml:Data name="지점명">
          <kml:value>GS25신림도림점</kml:value>
        </kml:Data>
        <kml:Data name="전화번">
          <kml:value>-</kml:value>
        </kml:Data>
        <kml:Data name="주소">
          <kml:value>서울특별시 관악구 신림로 160 (서림동 112-41)</kml:value>
        </kml:Data>
        <kml:Data name="매칭여">
          <kml:value>Y</kml:value>
        </kml:Data>
        <kml:Data name="최신주">
          <kml:value>서울특별시 관악구 신림동 112-41</kml:value>
        </kml:Data>
        <kml:Data name="x">
          <kml:value>126.93374951</kml:value>
        </kml:Data>
        <kml:Data name="y">
          <kml:value>37.47316242</kml:value>
        </kml:Data>
      </kml:ExtendedData>
      <kml:Point>
        <kml:coordinates>126.93374950736415,37.47316241651316</kml:coordinates>
      </kml:Point>
    </kml:Placemark>
    <kml:Placemark id="fid-60e2cf02_19f3a43cf86_-5821">
      <kml:ExtendedData>
        <kml:Data name="fid">
          <kml:value>233</kml:value>
        </kml:Data>
        <kml:Data name="가맹사">
          <kml:value>GS25</kml:value>
        </kml:Data>
        <kml:Data name="지점명">
          <kml:value>GS25신림동산점</kml:value>
        </kml:Data>
        <kml:Data name="전화번">
          <kml:value>-</kml:value>
        </kml:Data>
        <kml:Data name="주소">
          <kml:value>서울특별시 관악구 문성로32길 13, 1층 (신림동 1632-1)</kml:value>
        </kml:Data>
        <kml:Data name="매칭여">
          <kml:value>Y</kml:value>
        </kml:Data>
        <kml:Data name="최신주">
          <kml:value>서울특별시 관악구 신림동 1632-1</kml:value>
        </kml:Data>
        <kml:Data name="x">
          <kml:value>126.92890751</kml:value>
        </kml:Data>
        <kml:Data name="y">
          <kml:value>37.4786353</kml:value>
        </kml:Data>
      </kml:ExtendedData>
      <kml:Point>
        <kml:coordinates>126.92890750635605,37.478635298426255</kml:coordinates>
      </kml:Point>
    </kml:Placemark>
    <kml:Placemark id="fid-60e2cf02_19f3a43cf86_-5820">
      <kml:ExtendedData>
        <kml:Data name="fid">
          <kml:value>234</kml:value>
        </kml:Data>
        <kml:Data name="가맹사">
          <kml:value>GS25</kml:value>
        </kml:Data>
        <kml:Data name="지점명">
          <kml:value>GS25신림두림점</kml:value>
        </kml:Data>
        <kml:Data name="전화번">
          <kml:value>-</kml:value>
        </kml:Data>
        <kml:Data name="주소">
          <kml:value>서울특별시 관악구 남부순환로 1648 (서원동 1411-9)</kml:value>
        </kml:Data>
        <kml:Data name="매칭여">
          <kml:value>Y</kml:value>
        </kml:Data>
        <kml:Data name="최신주">
          <kml:value>서울특별시 관악구 신림동 1411-9</kml:value>
        </kml:Data>
        <kml:Data name="x">
          <kml:value>126.93396728</kml:value>
        </kml:Data>
        <kml:Data name="y">
          <kml:value>37.48449916</kml:value>
        </kml:Data>
      </kml:ExtendedData>
      <kml:Point>
        <kml:coordinates>126.93396728032877,37.48449916147685</kml:coordinates>
      </kml:Point>
    </kml:Placemark>
    <kml:Placemark id="fid-60e2cf02_19f3a43cf86_-581f">
      <kml:ExtendedData>
        <kml:Data name="fid">
          <kml:value>235</kml:value>
        </kml:Data>
        <kml:Data name="가맹사">
          <kml:value>GS25</kml:value>
        </kml:Data>
        <kml:Data name="지점명">
          <kml:value>GS25신림마음점</kml:value>
        </kml:Data>
        <kml:Data name="전화번">
          <kml:value>-</kml:value>
        </kml:Data>
        <kml:Data name="주소">
          <kml:value>서울특별시 관악구 신림로59길 10, 1층 (서원동 1640-40)</kml:value>
        </kml:Data>
        <kml:Data name="매칭여">
          <kml:value>Y</kml:value>
        </kml:Data>
        <kml:Data name="최신주">
          <kml:value>서울특별시 관악구 신림동 1640-40</kml:value>
        </kml:Data>
        <kml:Data name="x">
          <kml:value>126.92920057</kml:value>
        </kml:Data>
        <kml:Data name="y">
          <kml:value>37.4831534</kml:value>
        </kml:Data>
      </kml:ExtendedData>
      <kml:Point>
        <kml:coordinates>126.92920056532108,37.483153395943404</kml:coordinates>
      </kml:Point>
    </kml:Placemark>
    <kml:Placemark id="fid-60e2cf02_19f3a43cf86_-581e">
      <kml:ExtendedData>
        <kml:Data name="fid">
          <kml:value>236</kml:value>
        </kml:Data>
        <kml:Data name="가맹사">
          <kml:value>GS25</kml:value>
        </kml:Data>
        <kml:Data name="지점명">
          <kml:value>GS25신림문성점</kml:value>
        </kml:Data>
        <kml:Data name="전화번">
          <kml:value>-</kml:value>
        </kml:Data>
        <kml:Data name="주소">
          <kml:value>서울특별시 관악구 문성로 246 (신림동 1633-3)</kml:value>
        </kml:Data>
        <kml:Data name="매칭여">
          <kml:value>Y</kml:value>
        </kml:Data>
        <kml:Data name="최신주">
          <kml:value>서울특별시 관악구 신림동 1633-3</kml:value>
        </kml:Data>
        <kml:Data name="x">
          <kml:value>126.93068644</kml:value>
        </kml:Data>
        <kml:Data name="y">
          <kml:value>37.4784727</kml:value>
        </kml:Data>
      </kml:ExtendedData>
      <kml:Point>
        <kml:coordinates>126.93068643827948,37.478472702377594</kml:coordinates>
      </kml:Point>
    </kml:Placemark>
    <kml:Placemark id="fid-60e2cf02_19f3a43cf86_-581d">
      <kml:ExtendedData>
        <kml:Data name="fid">
          <kml:value>237</kml:value>
        </kml:Data>
        <kml:Data name="가맹사">
          <kml:value>GS25</kml:value>
        </kml:Data>
        <kml:Data name="지점명">
          <kml:value>GS25신림미림점</kml:value>
        </kml:Data>
        <kml:Data name="전화번">
          <kml:value>-</kml:value>
        </kml:Data>
        <kml:Data name="주소">
          <kml:value>서울특별시 관악구 호암로538, 1층 (신림동 305-26, 교연학원)</kml:value>
        </kml:Data>
        <kml:Data name="매칭여">
          <kml:value>Y</kml:value>
        </kml:Data>
        <kml:Data name="최신주">
          <kml:value>서울특별시 관악구 신림동 305-26</kml:value>
        </kml:Data>
        <kml:Data name="x">
          <kml:value>126.93168072</kml:value>
        </kml:Data>
        <kml:Data name="y">
          <kml:value>37.46571286</kml:value>
        </kml:Data>
      </kml:ExtendedData>
      <kml:Point>
        <kml:coordinates>126.93168072306432,37.46571286201942</kml:coordinates>
      </kml:Point>
    </kml:Placemark>
    <kml:Placemark id="fid-60e2cf02_19f3a43cf86_-581c">
      <kml:ExtendedData>
        <kml:Data name="fid">
          <kml:value>238</kml:value>
        </kml:Data>
        <kml:Data name="가맹사">
          <kml:value>GS25</kml:value>
        </kml:Data>
        <kml:Data name="지점명">
          <kml:value>GS25신림미성점</kml:value>
        </kml:Data>
        <kml:Data name="전화번">
          <kml:value>-</kml:value>
        </kml:Data>
        <kml:Data name="주소">
          <kml:value>서울특별시 관악구 시흥대로166길 14, 1층 (신림동 1661, 골드마인빌딩)</kml:value>
        </kml:Data>
        <kml:Data name="매칭여">
          <kml:value>Y</kml:value>
        </kml:Data>
        <kml:Data name="최신주">
          <kml:value>서울특별시 관악구 신림동 1661</kml:value>
        </kml:Data>
        <kml:Data name="x">
          <kml:value>126.9024825</kml:value>
        </kml:Data>
        <kml:Data name="y">
          <kml:value>37.48263714</kml:value>
        </kml:Data>
      </kml:ExtendedData>
      <kml:Point>
        <kml:coordinates>126.90248250211985,37.48263713610642</kml:coordinates>
      </kml:Point>
    </kml:Placemark>
    <kml:Placemark id="fid-60e2cf02_19f3a43cf86_-581b">
      <kml:ExtendedData>
        <kml:Data name="fid">
          <kml:value>239</kml:value>
        </kml:Data>
        <kml:Data name="가맹사">
          <kml:value>GS25</kml:value>
        </kml:Data>
        <kml:Data name="지점명">
          <kml:value>GS25신림법원단지점</kml:value>
        </kml:Data>
        <kml:Data name="전화번">
          <kml:value>-</kml:value>
        </kml:Data>
        <kml:Data name="주소">
          <kml:value>서울특별시 관악구 법원단지길 48, 1층 (난곡동 612-40, 유진빌딩)</kml:value>
        </kml:Data>
        <kml:Data name="매칭여">
          <kml:value>Y</kml:value>
        </kml:Data>
        <kml:Data name="최신주">
          <kml:value>서울특별시 관악구 신림동 612-40</kml:value>
        </kml:Data>
        <kml:Data name="x">
          <kml:value>126.92017921</kml:value>
        </kml:Data>
        <kml:Data name="y">
          <kml:value>37.47413271</kml:value>
        </kml:Data>
      </kml:ExtendedData>
      <kml:Point>
        <kml:coordinates>126.92017921438459,37.474132705737325</kml:coordinates>
      </kml:Point>
    </kml:Placemark>
    <kml:Placemark id="fid-60e2cf02_19f3a43cf86_-581a">
      <kml:ExtendedData>
        <kml:Data name="fid">
          <kml:value>240</kml:value>
        </kml:Data>
        <kml:Data name="가맹사">
          <kml:value>GS25</kml:value>
        </kml:Data>
        <kml:Data name="지점명">
          <kml:value>GS25신림복은점</kml:value>
        </kml:Data>
        <kml:Data name="전화번">
          <kml:value>-</kml:value>
        </kml:Data>
        <kml:Data name="주소">
          <kml:value>서울특별시 관악구 복은길 60, 1층 (서림동 99-29, 빛나놀이방)</kml:value>
        </kml:Data>
        <kml:Data name="매칭여">
          <kml:value>Y</kml:value>
        </kml:Data>
        <kml:Data name="최신주">
          <kml:value>서울특별시 관악구 신림동 99-29</kml:value>
        </kml:Data>
        <kml:Data name="x">
          <kml:value>126.93919211</kml:value>
        </kml:Data>
        <kml:Data name="y">
          <kml:value>37.47451353</kml:value>
        </kml:Data>
      </kml:ExtendedData>
      <kml:Point>
        <kml:coordinates>126.9391921049065,37.4745135329569</kml:coordinates>
      </kml:Point>
    </kml:Placemark>
    <kml:Placemark id="fid-60e2cf02_19f3a43cf86_-5819">
      <kml:ExtendedData>
        <kml:Data name="fid">
          <kml:value>241</kml:value>
        </kml:Data>
        <kml:Data name="가맹사">
          <kml:value>GS25</kml:value>
        </kml:Data>
        <kml:Data name="지점명">
          <kml:value>GS25신림본점</kml:value>
        </kml:Data>
        <kml:Data name="전화번">
          <kml:value>-</kml:value>
        </kml:Data>
        <kml:Data name="주소">
          <kml:value>서울특별시 관악구 남부순환로 1589 (신림동 1433-114)</kml:value>
        </kml:Data>
        <kml:Data name="매칭여">
          <kml:value>Y</kml:value>
        </kml:Data>
        <kml:Data name="최신주">
          <kml:value>서울특별시 관악구 신림동 1433-114</kml:value>
        </kml:Data>
        <kml:Data name="x">
          <kml:value>126.92719521</kml:value>
        </kml:Data>
        <kml:Data name="y">
          <kml:value>37.48423577</kml:value>
        </kml:Data>
      </kml:ExtendedData>
      <kml:Point>
        <kml:coordinates>126.92719521126101,37.48423576783996</kml:coordinates>
      </kml:Point>
    </kml:Placemark>
    <kml:Placemark id="fid-60e2cf02_19f3a43cf86_-5818">
      <kml:ExtendedData>
        <kml:Data name="fid">
          <kml:value>242</kml:value>
        </kml:Data>
        <kml:Data name="가맹사">
          <kml:value>GS25</kml:value>
        </kml:Data>
        <kml:Data name="지점명">
          <kml:value>GS25신림빌리지점</kml:value>
        </kml:Data>
        <kml:Data name="전화번">
          <kml:value>-</kml:value>
        </kml:Data>
        <kml:Data name="주소">
          <kml:value>서울특별시 관악구 관천로11길 41 (신림동 465-1)</kml:value>
        </kml:Data>
        <kml:Data name="매칭여">
          <kml:value>Y</kml:value>
        </kml:Data>
        <kml:Data name="최신주">
          <kml:value>서울특별시 관악구 신림동 465-1</kml:value>
        </kml:Data>
        <kml:Data name="x">
          <kml:value>126.92263729</kml:value>
        </kml:Data>
        <kml:Data name="y">
          <kml:value>37.48391524</kml:value>
        </kml:Data>
      </kml:ExtendedData>
      <kml:Point>
        <kml:coordinates>126.92263729392693,37.48391524333786</kml:coordinates>
      </kml:Point>
    </kml:Placemark>
    <kml:Placemark id="fid-60e2cf02_19f3a43cf86_-5817">
      <kml:ExtendedData>
        <kml:Data name="fid">
          <kml:value>243</kml:value>
        </kml:Data>
        <kml:Data name="가맹사">
          <kml:value>GS25</kml:value>
        </kml:Data>
        <kml:Data name="지점명">
          <kml:value>GS25신림서부점</kml:value>
        </kml:Data>
        <kml:Data name="전화번">
          <kml:value>-</kml:value>
        </kml:Data>
        <kml:Data name="주소">
          <kml:value>서울특별시 관악구 신원로 34 (서원동 1637-26)</kml:value>
        </kml:Data>
        <kml:Data name="매칭여">
          <kml:value>Y</kml:value>
        </kml:Data>
        <kml:Data name="최신주">
          <kml:value>서울특별시 관악구 신림동 1637-26</kml:value>
        </kml:Data>
        <kml:Data name="x">
          <kml:value>126.92922478</kml:value>
        </kml:Data>
        <kml:Data name="y">
          <kml:value>37.48180718</kml:value>
        </kml:Data>
      </kml:ExtendedData>
      <kml:Point>
        <kml:coordinates>126.92922478265686,37.48180717922862</kml:coordinates>
      </kml:Point>
    </kml:Placemark>
    <kml:Placemark id="fid-60e2cf02_19f3a43cf86_-5816">
      <kml:ExtendedData>
        <kml:Data name="fid">
          <kml:value>244</kml:value>
        </kml:Data>
        <kml:Data name="가맹사">
          <kml:value>GS25</kml:value>
        </kml:Data>
        <kml:Data name="지점명">
          <kml:value>GS25신림서원점</kml:value>
        </kml:Data>
        <kml:Data name="전화번">
          <kml:value>-</kml:value>
        </kml:Data>
        <kml:Data name="주소">
          <kml:value>서울특별시 관악구 신림로58길 36 (서원동 10-311)</kml:value>
        </kml:Data>
        <kml:Data name="매칭여">
          <kml:value>Y</kml:value>
        </kml:Data>
        <kml:Data name="최신주">
          <kml:value>서울특별시 관악구 신림동 10-311</kml:value>
        </kml:Data>
        <kml:Data name="x">
          <kml:value>126.93186639</kml:value>
        </kml:Data>
        <kml:Data name="y">
          <kml:value>37.48229848</kml:value>
        </kml:Data>
      </kml:ExtendedData>
      <kml:Point>
        <kml:coordinates>126.93186638700948,37.4822984789442</kml:coordinates>
      </kml:Point>
    </kml:Placemark>
    <kml:Placemark id="fid-60e2cf02_19f3a43cf86_-5815">
      <kml:ExtendedData>
        <kml:Data name="fid">
          <kml:value>245</kml:value>
        </kml:Data>
        <kml:Data name="가맹사">
          <kml:value>GS25</kml:value>
        </kml:Data>
        <kml:Data name="지점명">
          <kml:value>GS25신림석류점</kml:value>
        </kml:Data>
        <kml:Data name="전화번">
          <kml:value>-</kml:value>
        </kml:Data>
        <kml:Data name="주소">
          <kml:value>서울특별시 관악구 신사로22길 48, 1층 (신사동 477-8)</kml:value>
        </kml:Data>
        <kml:Data name="매칭여">
          <kml:value>Y</kml:value>
        </kml:Data>
        <kml:Data name="최신주">
          <kml:value>서울특별시 관악구 신림동 477-8</kml:value>
        </kml:Data>
        <kml:Data name="x">
          <kml:value>126.91808955</kml:value>
        </kml:Data>
        <kml:Data name="y">
          <kml:value>37.48714505</kml:value>
        </kml:Data>
      </kml:ExtendedData>
      <kml:Point>
        <kml:coordinates>126.91808955175625,37.4871450509493</kml:coordinates>
      </kml:Point>
    </kml:Placemark>
    <kml:Placemark id="fid-60e2cf02_19f3a43cf86_-5814">
      <kml:ExtendedData>
        <kml:Data name="fid">
          <kml:value>246</kml:value>
        </kml:Data>
        <kml:Data name="가맹사">
          <kml:value>GS25</kml:value>
        </kml:Data>
        <kml:Data name="지점명">
          <kml:value>GS25신림성화점</kml:value>
        </kml:Data>
        <kml:Data name="전화번">
          <kml:value>-</kml:value>
        </kml:Data>
        <kml:Data name="주소">
          <kml:value>서울특별시 관악구 남부순환로 1578 (신원동 1587-2)</kml:value>
        </kml:Data>
        <kml:Data name="매칭여">
          <kml:value>Y</kml:value>
        </kml:Data>
        <kml:Data name="최신주">
          <kml:value>서울특별시 관악구 신림동 1587-2</kml:value>
        </kml:Data>
        <kml:Data name="x">
          <kml:value>126.92590286</kml:value>
        </kml:Data>
        <kml:Data name="y">
          <kml:value>37.48350863</kml:value>
        </kml:Data>
      </kml:ExtendedData>
      <kml:Point>
        <kml:coordinates>126.9259028587687,37.48350862460776</kml:coordinates>
      </kml:Point>
    </kml:Placemark>
    <kml:Placemark id="fid-60e2cf02_19f3a43cf86_-5813">
      <kml:ExtendedData>
        <kml:Data name="fid">
          <kml:value>247</kml:value>
        </kml:Data>
        <kml:Data name="가맹사">
          <kml:value>GS25</kml:value>
        </kml:Data>
        <kml:Data name="지점명">
          <kml:value>GS25신림수성점</kml:value>
        </kml:Data>
        <kml:Data name="전화번">
          <kml:value>-</kml:value>
        </kml:Data>
        <kml:Data name="주소">
          <kml:value>서울특별시 관악구 남부순환로 1507 (신사동 507-31)</kml:value>
        </kml:Data>
        <kml:Data name="매칭여">
          <kml:value>Y</kml:value>
        </kml:Data>
        <kml:Data name="최신주">
          <kml:value>서울특별시 관악구 신림동 507-31</kml:value>
        </kml:Data>
        <kml:Data name="x">
          <kml:value>126.91796845</kml:value>
        </kml:Data>
        <kml:Data name="y">
          <kml:value>37.48274716</kml:value>
        </kml:Data>
      </kml:ExtendedData>
      <kml:Point>
        <kml:coordinates>126.91796844765605,37.48274716038865</kml:coordinates>
      </kml:Point>
    </kml:Placemark>
    <kml:Placemark id="fid-60e2cf02_19f3a43cf86_-5812">
      <kml:ExtendedData>
        <kml:Data name="fid">
          <kml:value>248</kml:value>
        </kml:Data>
        <kml:Data name="가맹사">
          <kml:value>GS25</kml:value>
        </kml:Data>
        <kml:Data name="지점명">
          <kml:value>GS25신림신사점</kml:value>
        </kml:Data>
        <kml:Data name="전화번">
          <kml:value>-</kml:value>
        </kml:Data>
        <kml:Data name="주소">
          <kml:value>서울특별시 관악구 난곡로74길 22 (신사동 515-1)</kml:value>
        </kml:Data>
        <kml:Data name="매칭여">
          <kml:value>Y</kml:value>
        </kml:Data>
        <kml:Data name="최신주">
          <kml:value>서울특별시 관악구 신림동 515-1</kml:value>
        </kml:Data>
        <kml:Data name="x">
          <kml:value>126.91498956</kml:value>
        </kml:Data>
        <kml:Data name="y">
          <kml:value>37.48592331</kml:value>
        </kml:Data>
      </kml:ExtendedData>
      <kml:Point>
        <kml:coordinates>126.91498956053253,37.48592330990636</kml:coordinates>
      </kml:Point>
    </kml:Placemark>
    <kml:Placemark id="fid-60e2cf02_19f3a43cf86_-5811">
      <kml:ExtendedData>
        <kml:Data name="fid">
          <kml:value>249</kml:value>
        </kml:Data>
        <kml:Data name="가맹사">
          <kml:value>GS25</kml:value>
        </kml:Data>
        <kml:Data name="지점명">
          <kml:value>GS25신림신성점</kml:value>
        </kml:Data>
        <kml:Data name="전화번">
          <kml:value>-</kml:value>
        </kml:Data>
        <kml:Data name="주소">
          <kml:value>서울특별시 관악구 서림길 96(서림동 103-109)</kml:value>
        </kml:Data>
        <kml:Data name="매칭여">
          <kml:value>Y</kml:value>
        </kml:Data>
        <kml:Data name="최신주">
          <kml:value>서울특별시 관악구 신림동 103-109</kml:value>
        </kml:Data>
        <kml:Data name="x">
          <kml:value>126.93927926</kml:value>
        </kml:Data>
        <kml:Data name="y">
          <kml:value>37.47198105</kml:value>
        </kml:Data>
      </kml:ExtendedData>
      <kml:Point>
        <kml:coordinates>126.9392792552076,37.47198104566234</kml:coordinates>
      </kml:Point>
    </kml:Placemark>
    <kml:Placemark id="fid-60e2cf02_19f3a43cf86_-5810">
      <kml:ExtendedData>
        <kml:Data name="fid">
          <kml:value>250</kml:value>
        </kml:Data>
        <kml:Data name="가맹사">
          <kml:value>GS25</kml:value>
        </kml:Data>
        <kml:Data name="지점명">
          <kml:value>GS25신림신원점</kml:value>
        </kml:Data>
        <kml:Data name="전화번">
          <kml:value>-</kml:value>
        </kml:Data>
        <kml:Data name="주소">
          <kml:value>서울특별시 관악구 남부순환로168길 49, 1층 (신림동 1614-29, 도레미피아노)</kml:value>
        </kml:Data>
        <kml:Data name="매칭여">
          <kml:value>Y</kml:value>
        </kml:Data>
        <kml:Data name="최신주">
          <kml:value>서울특별시 관악구 신림동 1614-29</kml:value>
        </kml:Data>
        <kml:Data name="x">
          <kml:value>126.92455919</kml:value>
        </kml:Data>
        <kml:Data name="y">
          <kml:value>37.48066843</kml:value>
        </kml:Data>
      </kml:ExtendedData>
      <kml:Point>
        <kml:coordinates>126.92455919254249,37.480668427512114</kml:coordinates>
      </kml:Point>
    </kml:Placemark>
    <kml:Placemark id="fid-60e2cf02_19f3a43cf86_-580f">
      <kml:ExtendedData>
        <kml:Data name="fid">
          <kml:value>251</kml:value>
        </kml:Data>
        <kml:Data name="가맹사">
          <kml:value>GS25</kml:value>
        </kml:Data>
        <kml:Data name="지점명">
          <kml:value>GS25신림신일점</kml:value>
        </kml:Data>
        <kml:Data name="전화번">
          <kml:value>-</kml:value>
        </kml:Data>
        <kml:Data name="주소">
          <kml:value>서울특별시 관악구 난우길 29 (신림동 606-1)</kml:value>
        </kml:Data>
        <kml:Data name="매칭여">
          <kml:value>Y</kml:value>
        </kml:Data>
        <kml:Data name="최신주">
          <kml:value>서울특별시 관악구 신림동 606-1</kml:value>
        </kml:Data>
        <kml:Data name="x">
          <kml:value>126.91783306</kml:value>
        </kml:Data>
        <kml:Data name="y">
          <kml:value>37.47548766</kml:value>
        </kml:Data>
      </kml:ExtendedData>
      <kml:Point>
        <kml:coordinates>126.91783306374997,37.4754876623214</kml:coordinates>
      </kml:Point>
    </kml:Placemark>
    <kml:Placemark id="fid-60e2cf02_19f3a43cf86_-580e">
      <kml:ExtendedData>
        <kml:Data name="fid">
          <kml:value>252</kml:value>
        </kml:Data>
        <kml:Data name="가맹사">
          <kml:value>GS25</kml:value>
        </kml:Data>
        <kml:Data name="지점명">
          <kml:value>GS25신림신화점</kml:value>
        </kml:Data>
        <kml:Data name="전화번">
          <kml:value>-</kml:value>
        </kml:Data>
        <kml:Data name="주소">
          <kml:value>서울특별시 관악구 신림로 195, 1층 (서림동 407-11)</kml:value>
        </kml:Data>
        <kml:Data name="매칭여">
          <kml:value>Y</kml:value>
        </kml:Data>
        <kml:Data name="최신주">
          <kml:value>서울특별시 관악구 신림동 407-11</kml:value>
        </kml:Data>
        <kml:Data name="x">
          <kml:value>126.936013</kml:value>
        </kml:Data>
        <kml:Data name="y">
          <kml:value>37.4751998</kml:value>
        </kml:Data>
      </kml:ExtendedData>
      <kml:Point>
        <kml:coordinates>126.93601299968597,37.47519980218698</kml:coordinates>
      </kml:Point>
    </kml:Placemark>
    <kml:Placemark id="fid-60e2cf02_19f3a43cf86_-580d">
      <kml:ExtendedData>
        <kml:Data name="fid">
          <kml:value>253</kml:value>
        </kml:Data>
        <kml:Data name="가맹사">
          <kml:value>GS25</kml:value>
        </kml:Data>
        <kml:Data name="지점명">
          <kml:value>GS25신림역점</kml:value>
        </kml:Data>
        <kml:Data name="전화번">
          <kml:value>-</kml:value>
        </kml:Data>
        <kml:Data name="주소">
          <kml:value>서울특별시 관악구 남부순환로 1617 (신림동 1422-38)</kml:value>
        </kml:Data>
        <kml:Data name="매칭여">
          <kml:value>Y</kml:value>
        </kml:Data>
        <kml:Data name="최신주">
          <kml:value>서울특별시 관악구 신림동 1422-38</kml:value>
        </kml:Data>
        <kml:Data name="x">
          <kml:value>126.93028901</kml:value>
        </kml:Data>
        <kml:Data name="y">
          <kml:value>37.4845677</kml:value>
        </kml:Data>
      </kml:ExtendedData>
      <kml:Point>
        <kml:coordinates>126.93028901382453,37.484567699237935</kml:coordinates>
      </kml:Point>
    </kml:Placemark>
    <kml:Placemark id="fid-60e2cf02_19f3a43cf86_-580c">
      <kml:ExtendedData>
        <kml:Data name="fid">
          <kml:value>254</kml:value>
        </kml:Data>
        <kml:Data name="가맹사">
          <kml:value>GS25</kml:value>
        </kml:Data>
        <kml:Data name="지점명">
          <kml:value>GS25신림영락점</kml:value>
        </kml:Data>
        <kml:Data name="전화번">
          <kml:value>-</kml:value>
        </kml:Data>
        <kml:Data name="주소">
          <kml:value>서울특별시 관악구 복은길 128, 101호 (신림동 98-427, 금성하이츠빌라)</kml:value>
        </kml:Data>
        <kml:Data name="매칭여">
          <kml:value>Y</kml:value>
        </kml:Data>
        <kml:Data name="최신주">
          <kml:value>서울특별시 관악구 신림동 98-427</kml:value>
        </kml:Data>
        <kml:Data name="x">
          <kml:value>126.94296291</kml:value>
        </kml:Data>
        <kml:Data name="y">
          <kml:value>37.47499041</kml:value>
        </kml:Data>
      </kml:ExtendedData>
      <kml:Point>
        <kml:coordinates>126.94296291324464,37.474990406806036</kml:coordinates>
      </kml:Point>
    </kml:Placemark>
    <kml:Placemark id="fid-60e2cf02_19f3a43cf86_-580b">
      <kml:ExtendedData>
        <kml:Data name="fid">
          <kml:value>255</kml:value>
        </kml:Data>
        <kml:Data name="가맹사">
          <kml:value>GS25</kml:value>
        </kml:Data>
        <kml:Data name="지점명">
          <kml:value>GS25신림왕성점</kml:value>
        </kml:Data>
        <kml:Data name="전화번">
          <kml:value>-</kml:value>
        </kml:Data>
        <kml:Data name="주소">
          <kml:value>서울특별시 관악구 신림로 304 (서원동 1641-38)</kml:value>
        </kml:Data>
        <kml:Data name="매칭여">
          <kml:value>Y</kml:value>
        </kml:Data>
        <kml:Data name="최신주">
          <kml:value>서울특별시 관악구 신림동 1641-38</kml:value>
        </kml:Data>
        <kml:Data name="x">
          <kml:value>126.93023338</kml:value>
        </kml:Data>
        <kml:Data name="y">
          <kml:value>37.48135887</kml:value>
        </kml:Data>
      </kml:ExtendedData>
      <kml:Point>
        <kml:coordinates>126.9302333760205,37.48135887129072</kml:coordinates>
      </kml:Point>
    </kml:Placemark>
    <kml:Placemark id="fid-60e2cf02_19f3a43cf86_-580a">
      <kml:ExtendedData>
        <kml:Data name="fid">
          <kml:value>256</kml:value>
        </kml:Data>
        <kml:Data name="가맹사">
          <kml:value>GS25</kml:value>
        </kml:Data>
        <kml:Data name="지점명">
          <kml:value>GS25신림우남점</kml:value>
        </kml:Data>
        <kml:Data name="전화번">
          <kml:value>-</kml:value>
        </kml:Data>
        <kml:Data name="주소">
          <kml:value>서울특별시 관악구 신림로 250 (신림동 92-37)</kml:value>
        </kml:Data>
        <kml:Data name="매칭여">
          <kml:value>Y</kml:value>
        </kml:Data>
        <kml:Data name="최신주">
          <kml:value>서울특별시 관악구 신림동 92-37</kml:value>
        </kml:Data>
        <kml:Data name="x">
          <kml:value>126.93383474</kml:value>
        </kml:Data>
        <kml:Data name="y">
          <kml:value>37.47817539</kml:value>
        </kml:Data>
      </kml:ExtendedData>
      <kml:Point>
        <kml:coordinates>126.93383474288896,37.47817538754706</kml:coordinates>
      </kml:Point>
    </kml:Placemark>
    <kml:Placemark id="fid-60e2cf02_19f3a43cf86_-5809">
      <kml:ExtendedData>
        <kml:Data name="fid">
          <kml:value>257</kml:value>
        </kml:Data>
        <kml:Data name="가맹사">
          <kml:value>GS25</kml:value>
        </kml:Data>
        <kml:Data name="지점명">
          <kml:value>GS25신림으뜸점</kml:value>
        </kml:Data>
        <kml:Data name="전화번">
          <kml:value>-</kml:value>
        </kml:Data>
        <kml:Data name="주소">
          <kml:value>서울특별시 관악구 복은4길 56, 1층,2층 (서림동 108-80)</kml:value>
        </kml:Data>
        <kml:Data name="매칭여">
          <kml:value>Y</kml:value>
        </kml:Data>
        <kml:Data name="최신주">
          <kml:value>서울특별시 관악구 신림동 108-80</kml:value>
        </kml:Data>
        <kml:Data name="x">
          <kml:value>126.93690124</kml:value>
        </kml:Data>
        <kml:Data name="y">
          <kml:value>37.47290744</kml:value>
        </kml:Data>
      </kml:ExtendedData>
      <kml:Point>
        <kml:coordinates>126.93690123934307,37.47290743839129</kml:coordinates>
      </kml:Point>
    </kml:Placemark>
    <kml:Placemark id="fid-60e2cf02_19f3a43cf86_-5808">
      <kml:ExtendedData>
        <kml:Data name="fid">
          <kml:value>258</kml:value>
        </kml:Data>
        <kml:Data name="가맹사">
          <kml:value>GS25</kml:value>
        </kml:Data>
        <kml:Data name="지점명">
          <kml:value>GS25신림장원점</kml:value>
        </kml:Data>
        <kml:Data name="전화번">
          <kml:value>-</kml:value>
        </kml:Data>
        <kml:Data name="주소">
          <kml:value>서울특별시 관악구 신림로11길 87 (대학동 251-420)</kml:value>
        </kml:Data>
        <kml:Data name="매칭여">
          <kml:value>Y</kml:value>
        </kml:Data>
        <kml:Data name="최신주">
          <kml:value>서울특별시 관악구 신림동 251-420</kml:value>
        </kml:Data>
        <kml:Data name="x">
          <kml:value>126.93877146</kml:value>
        </kml:Data>
        <kml:Data name="y">
          <kml:value>37.46653485</kml:value>
        </kml:Data>
      </kml:ExtendedData>
      <kml:Point>
        <kml:coordinates>126.93877146279134,37.466534845258366</kml:coordinates>
      </kml:Point>
    </kml:Placemark>
    <kml:Placemark id="fid-60e2cf02_19f3a43cf86_-5807">
      <kml:ExtendedData>
        <kml:Data name="fid">
          <kml:value>259</kml:value>
        </kml:Data>
        <kml:Data name="가맹사">
          <kml:value>GS25</kml:value>
        </kml:Data>
        <kml:Data name="지점명">
          <kml:value>GS25신림정문점</kml:value>
        </kml:Data>
        <kml:Data name="전화번">
          <kml:value>-</kml:value>
        </kml:Data>
        <kml:Data name="주소">
          <kml:value>서울특별시 관악구 난향길 18 (난향동 676-41)</kml:value>
        </kml:Data>
        <kml:Data name="매칭여">
          <kml:value>Y</kml:value>
        </kml:Data>
        <kml:Data name="최신주">
          <kml:value>서울특별시 관악구 신림동 676-41</kml:value>
        </kml:Data>
        <kml:Data name="x">
          <kml:value>126.91790861</kml:value>
        </kml:Data>
        <kml:Data name="y">
          <kml:value>37.46288012</kml:value>
        </kml:Data>
      </kml:ExtendedData>
      <kml:Point>
        <kml:coordinates>126.91790861121245,37.46288011775872</kml:coordinates>
      </kml:Point>
    </kml:Placemark>
    <kml:Placemark id="fid-60e2cf02_19f3a43cf86_-5806">
      <kml:ExtendedData>
        <kml:Data name="fid">
          <kml:value>260</kml:value>
        </kml:Data>
        <kml:Data name="가맹사">
          <kml:value>GS25</kml:value>
        </kml:Data>
        <kml:Data name="지점명">
          <kml:value>GS25신림제일점</kml:value>
        </kml:Data>
        <kml:Data name="전화번">
          <kml:value>-</kml:value>
        </kml:Data>
        <kml:Data name="주소">
          <kml:value>서울특별시 관악구 관천로22길 79(신림동 1442-4)</kml:value>
        </kml:Data>
        <kml:Data name="매칭여">
          <kml:value>Y</kml:value>
        </kml:Data>
        <kml:Data name="최신주">
          <kml:value>서울특별시 관악구 신림동 1442-4</kml:value>
        </kml:Data>
        <kml:Data name="x">
          <kml:value>126.92682078</kml:value>
        </kml:Data>
        <kml:Data name="y">
          <kml:value>37.48865551</kml:value>
        </kml:Data>
      </kml:ExtendedData>
      <kml:Point>
        <kml:coordinates>126.9268207837828,37.48865550788012</kml:coordinates>
      </kml:Point>
    </kml:Placemark>
    <kml:Placemark id="fid-60e2cf02_19f3a43cf86_-5805">
      <kml:ExtendedData>
        <kml:Data name="fid">
          <kml:value>261</kml:value>
        </kml:Data>
        <kml:Data name="가맹사">
          <kml:value>GS25</kml:value>
        </kml:Data>
        <kml:Data name="지점명">
          <kml:value>GS25신림조원점</kml:value>
        </kml:Data>
        <kml:Data name="전화번">
          <kml:value>-</kml:value>
        </kml:Data>
        <kml:Data name="주소">
          <kml:value>서울특별시 관악구 남부순환로141길 29, 1층 (조원동 563-59)</kml:value>
        </kml:Data>
        <kml:Data name="매칭여">
          <kml:value>Y</kml:value>
        </kml:Data>
        <kml:Data name="최신주">
          <kml:value>서울특별시 관악구 신림동 563-59</kml:value>
        </kml:Data>
        <kml:Data name="x">
          <kml:value>126.90921442</kml:value>
        </kml:Data>
        <kml:Data name="y">
          <kml:value>37.4823791</kml:value>
        </kml:Data>
      </kml:ExtendedData>
      <kml:Point>
        <kml:coordinates>126.90921442189433,37.48237909884536</kml:coordinates>
      </kml:Point>
    </kml:Placemark>
    <kml:Placemark id="fid-60e2cf02_19f3a43cf86_-5804">
      <kml:ExtendedData>
        <kml:Data name="fid">
          <kml:value>262</kml:value>
        </kml:Data>
        <kml:Data name="가맹사">
          <kml:value>GS25</kml:value>
        </kml:Data>
        <kml:Data name="지점명">
          <kml:value>GS25신림타운점</kml:value>
        </kml:Data>
        <kml:Data name="전화번">
          <kml:value>-</kml:value>
        </kml:Data>
        <kml:Data name="주소">
          <kml:value>서울특별시 관악구 신림로64길 23 (신림동 1421-35)</kml:value>
        </kml:Data>
        <kml:Data name="매칭여">
          <kml:value>Y</kml:value>
        </kml:Data>
        <kml:Data name="최신주">
          <kml:value>서울특별시 관악구 신림동 1421-35</kml:value>
        </kml:Data>
        <kml:Data name="x">
          <kml:value>126.931031</kml:value>
        </kml:Data>
        <kml:Data name="y">
          <kml:value>37.48519678</kml:value>
        </kml:Data>
      </kml:ExtendedData>
      <kml:Point>
        <kml:coordinates>126.93103099756145,37.48519678167804</kml:coordinates>
      </kml:Point>
    </kml:Placemark>
    <kml:Placemark id="fid-60e2cf02_19f3a43cf86_-5803">
      <kml:ExtendedData>
        <kml:Data name="fid">
          <kml:value>263</kml:value>
        </kml:Data>
        <kml:Data name="가맹사">
          <kml:value>GS25</kml:value>
        </kml:Data>
        <kml:Data name="지점명">
          <kml:value>GS25신림터널점</kml:value>
        </kml:Data>
        <kml:Data name="전화번">
          <kml:value>-</kml:value>
        </kml:Data>
        <kml:Data name="주소">
          <kml:value>서울특별시 관악구 문성로 214 (신원동 1629-1)</kml:value>
        </kml:Data>
        <kml:Data name="매칭여">
          <kml:value>Y</kml:value>
        </kml:Data>
        <kml:Data name="최신주">
          <kml:value>서울특별시 관악구 신림동 1629-1</kml:value>
        </kml:Data>
        <kml:Data name="x">
          <kml:value>126.92759768</kml:value>
        </kml:Data>
        <kml:Data name="y">
          <kml:value>37.47916029</kml:value>
        </kml:Data>
      </kml:ExtendedData>
      <kml:Point>
        <kml:coordinates>126.92759767764113,37.479160286962205</kml:coordinates>
      </kml:Point>
    </kml:Placemark>
    <kml:Placemark id="fid-60e2cf02_19f3a43cf86_-5802">
      <kml:ExtendedData>
        <kml:Data name="fid">
          <kml:value>264</kml:value>
        </kml:Data>
        <kml:Data name="가맹사">
          <kml:value>GS25</kml:value>
        </kml:Data>
        <kml:Data name="지점명">
          <kml:value>GS25신림트라움점</kml:value>
        </kml:Data>
        <kml:Data name="전화번">
          <kml:value>-</kml:value>
        </kml:Data>
        <kml:Data name="주소">
          <kml:value>서울특별시 관악구 신림로65길 27 (신림동 1433-55, 프라비다트라움)</kml:value>
        </kml:Data>
        <kml:Data name="매칭여">
          <kml:value>Y</kml:value>
        </kml:Data>
        <kml:Data name="최신주">
          <kml:value>서울특별시 관악구 신림동 1433-55</kml:value>
        </kml:Data>
        <kml:Data name="x">
          <kml:value>126.92810333</kml:value>
        </kml:Data>
        <kml:Data name="y">
          <kml:value>37.48477375</kml:value>
        </kml:Data>
      </kml:ExtendedData>
      <kml:Point>
        <kml:coordinates>126.92810332668658,37.48477374656085</kml:coordinates>
      </kml:Point>
    </kml:Placemark>
    <kml:Placemark id="fid-60e2cf02_19f3a43cf86_-5801">
      <kml:ExtendedData>
        <kml:Data name="fid">
          <kml:value>265</kml:value>
        </kml:Data>
        <kml:Data name="가맹사">
          <kml:value>GS25</kml:value>
        </kml:Data>
        <kml:Data name="지점명">
          <kml:value>GS25인헌마루점</kml:value>
        </kml:Data>
        <kml:Data name="전화번">
          <kml:value>-</kml:value>
        </kml:Data>
        <kml:Data name="주소">
          <kml:value>서울특별시 관악구 인헌길 141 (인헌동 180-205)</kml:value>
        </kml:Data>
        <kml:Data name="매칭여">
          <kml:value>Y</kml:value>
        </kml:Data>
        <kml:Data name="최신주">
          <kml:value>서울특별시 관악구 봉천동 180-205</kml:value>
        </kml:Data>
        <kml:Data name="x">
          <kml:value>126.96862045</kml:value>
        </kml:Data>
        <kml:Data name="y">
          <kml:value>37.4695804</kml:value>
        </kml:Data>
      </kml:ExtendedData>
      <kml:Point>
        <kml:coordinates>126.96862044800159,37.46958039944281</kml:coordinates>
      </kml:Point>
    </kml:Placemark>
    <kml:Placemark id="fid-60e2cf02_19f3a43cf86_-5800">
      <kml:ExtendedData>
        <kml:Data name="fid">
          <kml:value>266</kml:value>
        </kml:Data>
        <kml:Data name="가맹사">
          <kml:value>GS25</kml:value>
        </kml:Data>
        <kml:Data name="지점명">
          <kml:value>GS25인헌중앙점</kml:value>
        </kml:Data>
        <kml:Data name="전화번">
          <kml:value>-</kml:value>
        </kml:Data>
        <kml:Data name="주소">
          <kml:value>서울특별시 관악구 인헌길 100(인헌동 180-112)</kml:value>
        </kml:Data>
        <kml:Data name="매칭여">
          <kml:value>Y</kml:value>
        </kml:Data>
        <kml:Data name="최신주">
          <kml:value>서울특별시 관악구 봉천동 180-112</kml:value>
        </kml:Data>
        <kml:Data name="x">
          <kml:value>126.96726346</kml:value>
        </kml:Data>
        <kml:Data name="y">
          <kml:value>37.47112916</kml:value>
        </kml:Data>
      </kml:ExtendedData>
      <kml:Point>
        <kml:coordinates>126.96726345643302,37.47112916408233</kml:coordinates>
      </kml:Point>
    </kml:Placemark>
    <kml:Placemark id="fid-60e2cf02_19f3a43cf86_-57ff">
      <kml:ExtendedData>
        <kml:Data name="fid">
          <kml:value>267</kml:value>
        </kml:Data>
        <kml:Data name="가맹사">
          <kml:value>GS25</kml:value>
        </kml:Data>
        <kml:Data name="지점명">
          <kml:value>GS25중앙한가온점</kml:value>
        </kml:Data>
        <kml:Data name="전화번">
          <kml:value>-</kml:value>
        </kml:Data>
        <kml:Data name="주소">
          <kml:value>서울특별시 관악구 중앙길 78 (봉천동 50-176)</kml:value>
        </kml:Data>
        <kml:Data name="매칭여">
          <kml:value>Y</kml:value>
        </kml:Data>
        <kml:Data name="최신주">
          <kml:value>서울특별시 관악구 봉천동 50-176</kml:value>
        </kml:Data>
        <kml:Data name="x">
          <kml:value>126.95078084</kml:value>
        </kml:Data>
        <kml:Data name="y">
          <kml:value>37.48542202</kml:value>
        </kml:Data>
      </kml:ExtendedData>
      <kml:Point>
        <kml:coordinates>126.95078083768102,37.48542202428337</kml:coordinates>
      </kml:Point>
    </kml:Placemark>
    <kml:Placemark id="fid-60e2cf02_19f3a43cf86_-57fe">
      <kml:ExtendedData>
        <kml:Data name="fid">
          <kml:value>268</kml:value>
        </kml:Data>
        <kml:Data name="가맹사">
          <kml:value>GS25</kml:value>
        </kml:Data>
        <kml:Data name="지점명">
          <kml:value>GS25행운중앙점</kml:value>
        </kml:Data>
        <kml:Data name="전화번">
          <kml:value>-</kml:value>
        </kml:Data>
        <kml:Data name="주소">
          <kml:value>서울특별시 관악구 솔밭로2길 24, 1층 101호 (봉천동 1687-1)</kml:value>
        </kml:Data>
        <kml:Data name="매칭여">
          <kml:value>Y</kml:value>
        </kml:Data>
        <kml:Data name="최신주">
          <kml:value>서울특별시 관악구 봉천동 1687-1</kml:value>
        </kml:Data>
        <kml:Data name="x">
          <kml:value>126.96400806</kml:value>
        </kml:Data>
        <kml:Data name="y">
          <kml:value>37.47761315</kml:value>
        </kml:Data>
      </kml:ExtendedData>
      <kml:Point>
        <kml:coordinates>126.96400805940763,37.47761314581276</kml:coordinates>
      </kml:Point>
    </kml:Placemark>
    <kml:Placemark id="fid-60e2cf02_19f3a43cf86_-57fd">
      <kml:ExtendedData>
        <kml:Data name="fid">
          <kml:value>269</kml:value>
        </kml:Data>
        <kml:Data name="가맹사">
          <kml:value>GS25</kml:value>
        </kml:Data>
        <kml:Data name="지점명">
          <kml:value>GS25행운푸르지오점</kml:value>
        </kml:Data>
        <kml:Data name="전화번">
          <kml:value>-</kml:value>
        </kml:Data>
        <kml:Data name="주소">
          <kml:value>서울특별시 관악구 행운10길 15, 상가동 비01,02호 (봉천동 1728)</kml:value>
        </kml:Data>
        <kml:Data name="매칭여">
          <kml:value>Y</kml:value>
        </kml:Data>
        <kml:Data name="최신주">
          <kml:value>서울특별시 관악구 봉천동 1728</kml:value>
        </kml:Data>
        <kml:Data name="x">
          <kml:value>126.96144559</kml:value>
        </kml:Data>
        <kml:Data name="y">
          <kml:value>37.48273505</kml:value>
        </kml:Data>
      </kml:ExtendedData>
      <kml:Point>
        <kml:coordinates>126.96144558637639,37.482735049957775</kml:coordinates>
      </kml:Point>
    </kml:Placemark>
    <kml:Placemark id="fid-60e2cf02_19f3a43cf86_-57fc">
      <kml:ExtendedData>
        <kml:Data name="fid">
          <kml:value>270</kml:value>
        </kml:Data>
        <kml:Data name="가맹사">
          <kml:value>7-ELEVEN</kml:value>
        </kml:Data>
        <kml:Data name="지점명">
          <kml:value>관악과천대로점</kml:value>
        </kml:Data>
        <kml:Data name="전화번">
          <kml:value>02-584-2522</kml:value>
        </kml:Data>
        <kml:Data name="주소">
          <kml:value>서울특별시 관악구 과천대로 921</kml:value>
        </kml:Data>
        <kml:Data name="매칭여">
          <kml:value>Y</kml:value>
        </kml:Data>
        <kml:Data name="최신주">
          <kml:value>서울특별시 관악구 남현동 602-306</kml:value>
        </kml:Data>
        <kml:Data name="x">
          <kml:value>126.9821844</kml:value>
        </kml:Data>
        <kml:Data name="y">
          <kml:value>37.47292966</kml:value>
        </kml:Data>
      </kml:ExtendedData>
      <kml:Point>
        <kml:coordinates>126.982184397546,37.472929663357384</kml:coordinates>
      </kml:Point>
    </kml:Placemark>
    <kml:Placemark id="fid-60e2cf02_19f3a43cf86_-57fb">
      <kml:ExtendedData>
        <kml:Data name="fid">
          <kml:value>271</kml:value>
        </kml:Data>
        <kml:Data name="가맹사">
          <kml:value>7-ELEVEN</kml:value>
        </kml:Data>
        <kml:Data name="지점명">
          <kml:value>관악구청점B</kml:value>
        </kml:Data>
        <kml:Data name="전화번">
          <kml:value>-</kml:value>
        </kml:Data>
        <kml:Data name="주소">
          <kml:value>서울특별시 관악구 관악로154(봉천동)</kml:value>
        </kml:Data>
        <kml:Data name="매칭여">
          <kml:value>Y</kml:value>
        </kml:Data>
        <kml:Data name="최신주">
          <kml:value>서울특별시 관악구 봉천동 1598-1</kml:value>
        </kml:Data>
        <kml:Data name="x">
          <kml:value>126.95263971</kml:value>
        </kml:Data>
        <kml:Data name="y">
          <kml:value>37.47893648</kml:value>
        </kml:Data>
      </kml:ExtendedData>
      <kml:Point>
        <kml:coordinates>126.95263970869216,37.478936475066526</kml:coordinates>
      </kml:Point>
    </kml:Placemark>
    <kml:Placemark id="fid-60e2cf02_19f3a43cf86_-57fa">
      <kml:ExtendedData>
        <kml:Data name="fid">
          <kml:value>272</kml:value>
        </kml:Data>
        <kml:Data name="가맹사">
          <kml:value>7-ELEVEN</kml:value>
        </kml:Data>
        <kml:Data name="지점명">
          <kml:value>관악국화점</kml:value>
        </kml:Data>
        <kml:Data name="전화번">
          <kml:value>02-6015-9036</kml:value>
        </kml:Data>
        <kml:Data name="주소">
          <kml:value>서울특별시 관악구 난곡로31길 301층</kml:value>
        </kml:Data>
        <kml:Data name="매칭여">
          <kml:value>Y</kml:value>
        </kml:Data>
        <kml:Data name="최신주">
          <kml:value>서울특별시 관악구 신림동 711-91</kml:value>
        </kml:Data>
        <kml:Data name="x">
          <kml:value>126.91846961</kml:value>
        </kml:Data>
        <kml:Data name="y">
          <kml:value>37.47071491</kml:value>
        </kml:Data>
      </kml:ExtendedData>
      <kml:Point>
        <kml:coordinates>126.91846960873224,37.470714914485264</kml:coordinates>
      </kml:Point>
    </kml:Placemark>
    <kml:Placemark id="fid-60e2cf02_19f3a43cf86_-57f9">
      <kml:ExtendedData>
        <kml:Data name="fid">
          <kml:value>273</kml:value>
        </kml:Data>
        <kml:Data name="가맹사">
          <kml:value>7-ELEVEN</kml:value>
        </kml:Data>
        <kml:Data name="지점명">
          <kml:value>관악금강점</kml:value>
        </kml:Data>
        <kml:Data name="전화번">
          <kml:value>010-2554-6788</kml:value>
        </kml:Data>
        <kml:Data name="주소">
          <kml:value>서울특별시 관악구 신림동조원중앙로 8</kml:value>
        </kml:Data>
        <kml:Data name="매칭여">
          <kml:value>Y</kml:value>
        </kml:Data>
        <kml:Data name="최신주">
          <kml:value>서울특별시 관악구 신림동 1669</kml:value>
        </kml:Data>
        <kml:Data name="x">
          <kml:value>126.90470412</kml:value>
        </kml:Data>
        <kml:Data name="y">
          <kml:value>37.48051218</kml:value>
        </kml:Data>
      </kml:ExtendedData>
      <kml:Point>
        <kml:coordinates>126.90470412557382,37.48051218379085</kml:coordinates>
      </kml:Point>
    </kml:Placemark>
    <kml:Placemark id="fid-60e2cf02_19f3a43cf86_-57f8">
      <kml:ExtendedData>
        <kml:Data name="fid">
          <kml:value>274</kml:value>
        </kml:Data>
        <kml:Data name="가맹사">
          <kml:value>7-ELEVEN</kml:value>
        </kml:Data>
        <kml:Data name="지점명">
          <kml:value>관악까치점</kml:value>
        </kml:Data>
        <kml:Data name="전화번">
          <kml:value>02-871-2181</kml:value>
        </kml:Data>
        <kml:Data name="주소">
          <kml:value>서울특별시 관악구 남부순환로 19741층(봉천동)</kml:value>
        </kml:Data>
        <kml:Data name="매칭여">
          <kml:value>Y</kml:value>
        </kml:Data>
        <kml:Data name="최신주">
          <kml:value>서울특별시 관악구 봉천동 1655-15</kml:value>
        </kml:Data>
        <kml:Data name="x">
          <kml:value>126.96792291</kml:value>
        </kml:Data>
        <kml:Data name="y">
          <kml:value>37.47521205</kml:value>
        </kml:Data>
      </kml:ExtendedData>
      <kml:Point>
        <kml:coordinates>126.9679229081281,37.475212050067896</kml:coordinates>
      </kml:Point>
    </kml:Placemark>
    <kml:Placemark id="fid-60e2cf02_19f3a43cf86_-57f7">
      <kml:ExtendedData>
        <kml:Data name="fid">
          <kml:value>275</kml:value>
        </kml:Data>
        <kml:Data name="가맹사">
          <kml:value>7-ELEVEN</kml:value>
        </kml:Data>
        <kml:Data name="지점명">
          <kml:value>관악꿈보람점</kml:value>
        </kml:Data>
        <kml:Data name="전화번">
          <kml:value>02-871-6350</kml:value>
        </kml:Data>
        <kml:Data name="주소">
          <kml:value>서울특별시 관악구 봉천로 12길 69신림동, 1층</kml:value>
        </kml:Data>
        <kml:Data name="매칭여">
          <kml:value>Y</kml:value>
        </kml:Data>
        <kml:Data name="최신주">
          <kml:value>서울특별시 관악구 신림동 1423-28</kml:value>
        </kml:Data>
        <kml:Data name="x">
          <kml:value>126.93031432</kml:value>
        </kml:Data>
        <kml:Data name="y">
          <kml:value>37.48572586</kml:value>
        </kml:Data>
      </kml:ExtendedData>
      <kml:Point>
        <kml:coordinates>126.93031432101021,37.485725863828904</kml:coordinates>
      </kml:Point>
    </kml:Placemark>
    <kml:Placemark id="fid-60e2cf02_19f3a43cf86_-57f6">
      <kml:ExtendedData>
        <kml:Data name="fid">
          <kml:value>276</kml:value>
        </kml:Data>
        <kml:Data name="가맹사">
          <kml:value>7-ELEVEN</kml:value>
        </kml:Data>
        <kml:Data name="지점명">
          <kml:value>관악낙성점</kml:value>
        </kml:Data>
        <kml:Data name="전화번">
          <kml:value>02-883-8025</kml:value>
        </kml:Data>
        <kml:Data name="주소">
          <kml:value>서울특별시 관악구 봉천동 남부순환로 237길3(봉천동)</kml:value>
        </kml:Data>
        <kml:Data name="매칭여">
          <kml:value>Y</kml:value>
        </kml:Data>
        <kml:Data name="최신주">
          <kml:value>서울특별시 관악구 봉천동 1679-10</kml:value>
        </kml:Data>
        <kml:Data name="x">
          <kml:value>126.95997257</kml:value>
        </kml:Data>
        <kml:Data name="y">
          <kml:value>37.47886932</kml:value>
        </kml:Data>
      </kml:ExtendedData>
      <kml:Point>
        <kml:coordinates>126.95997256668299,37.47886931527908</kml:coordinates>
      </kml:Point>
    </kml:Placemark>
    <kml:Placemark id="fid-60e2cf02_19f3a43cf86_-57f5">
      <kml:ExtendedData>
        <kml:Data name="fid">
          <kml:value>277</kml:value>
        </kml:Data>
        <kml:Data name="가맹사">
          <kml:value>7-ELEVEN</kml:value>
        </kml:Data>
        <kml:Data name="지점명">
          <kml:value>관악남현길점</kml:value>
        </kml:Data>
        <kml:Data name="전화번">
          <kml:value>02-521-2320</kml:value>
        </kml:Data>
        <kml:Data name="주소">
          <kml:value>서울특별시 관악구 남현길 58(남현동)</kml:value>
        </kml:Data>
        <kml:Data name="매칭여">
          <kml:value>Y</kml:value>
        </kml:Data>
        <kml:Data name="최신주">
          <kml:value>서울특별시 관악구 남현동 1082-37</kml:value>
        </kml:Data>
        <kml:Data name="x">
          <kml:value>126.97600671</kml:value>
        </kml:Data>
        <kml:Data name="y">
          <kml:value>37.47429773</kml:value>
        </kml:Data>
      </kml:ExtendedData>
      <kml:Point>
        <kml:coordinates>126.97600670585925,37.47429773193698</kml:coordinates>
      </kml:Point>
    </kml:Placemark>
    <kml:Placemark id="fid-60e2cf02_19f3a43cf86_-57f4">
      <kml:ExtendedData>
        <kml:Data name="fid">
          <kml:value>278</kml:value>
        </kml:Data>
        <kml:Data name="가맹사">
          <kml:value>7-ELEVEN</kml:value>
        </kml:Data>
        <kml:Data name="지점명">
          <kml:value>관악남현점</kml:value>
        </kml:Data>
        <kml:Data name="전화번">
          <kml:value>02-588-7754</kml:value>
        </kml:Data>
        <kml:Data name="주소">
          <kml:value>서울특별시 관악구 남부순환로 262길11(남현동)</kml:value>
        </kml:Data>
        <kml:Data name="매칭여">
          <kml:value>Y</kml:value>
        </kml:Data>
        <kml:Data name="최신주">
          <kml:value>서울특별시 관악구 남현동 1056-6</kml:value>
        </kml:Data>
        <kml:Data name="x">
          <kml:value>126.97509092</kml:value>
        </kml:Data>
        <kml:Data name="y">
          <kml:value>37.47570598</kml:value>
        </kml:Data>
      </kml:ExtendedData>
      <kml:Point>
        <kml:coordinates>126.97509091525376,37.47570597681951</kml:coordinates>
      </kml:Point>
    </kml:Placemark>
    <kml:Placemark id="fid-60e2cf02_19f3a43cf86_-57f3">
      <kml:ExtendedData>
        <kml:Data name="fid">
          <kml:value>279</kml:value>
        </kml:Data>
        <kml:Data name="가맹사">
          <kml:value>7-ELEVEN</kml:value>
        </kml:Data>
        <kml:Data name="지점명">
          <kml:value>관악대학점</kml:value>
        </kml:Data>
        <kml:Data name="전화번">
          <kml:value>02-871-7920</kml:value>
        </kml:Data>
        <kml:Data name="주소">
          <kml:value>서울특별시 관악구 호암로24길 561층(신림동)</kml:value>
        </kml:Data>
        <kml:Data name="매칭여">
          <kml:value>Y</kml:value>
        </kml:Data>
        <kml:Data name="최신주">
          <kml:value>서울특별시 관악구 신림동 1536-1</kml:value>
        </kml:Data>
        <kml:Data name="x">
          <kml:value>126.93617176</kml:value>
        </kml:Data>
        <kml:Data name="y">
          <kml:value>37.46932583</kml:value>
        </kml:Data>
      </kml:ExtendedData>
      <kml:Point>
        <kml:coordinates>126.93617176164216,37.46932583121541</kml:coordinates>
      </kml:Point>
    </kml:Placemark>
    <kml:Placemark id="fid-60e2cf02_19f3a43cf86_-57f2">
      <kml:ExtendedData>
        <kml:Data name="fid">
          <kml:value>280</kml:value>
        </kml:Data>
        <kml:Data name="가맹사">
          <kml:value>7-ELEVEN</kml:value>
        </kml:Data>
        <kml:Data name="지점명">
          <kml:value>관악대학촌점</kml:value>
        </kml:Data>
        <kml:Data name="전화번">
          <kml:value>관악드림점</kml:value>
        </kml:Data>
        <kml:Data name="주소">
          <kml:value>서울특별시 관악구 서림3길 70</kml:value>
        </kml:Data>
        <kml:Data name="매칭여">
          <kml:value>Y</kml:value>
        </kml:Data>
        <kml:Data name="최신주">
          <kml:value>서울특별시 관악구 신림동 103-276</kml:value>
        </kml:Data>
        <kml:Data name="x">
          <kml:value>126.94133368</kml:value>
        </kml:Data>
        <kml:Data name="y">
          <kml:value>37.47148777</kml:value>
        </kml:Data>
      </kml:ExtendedData>
      <kml:Point>
        <kml:coordinates>126.94133368332967,37.47148777303228</kml:coordinates>
      </kml:Point>
    </kml:Placemark>
    <kml:Placemark id="fid-60e2cf02_19f3a43cf86_-57f1">
      <kml:ExtendedData>
        <kml:Data name="fid">
          <kml:value>281</kml:value>
        </kml:Data>
        <kml:Data name="가맹사">
          <kml:value>7-ELEVEN</kml:value>
        </kml:Data>
        <kml:Data name="지점명">
          <kml:value>관악드림점</kml:value>
        </kml:Data>
        <kml:Data name="전화번">
          <kml:value>02-889-7791</kml:value>
        </kml:Data>
        <kml:Data name="주소">
          <kml:value>서울특별시 관악구 봉천동 480-3 106호107호</kml:value>
        </kml:Data>
        <kml:Data name="매칭여">
          <kml:value>Y</kml:value>
        </kml:Data>
        <kml:Data name="최신주">
          <kml:value>서울특별시 관악구 봉천동 480-3</kml:value>
        </kml:Data>
        <kml:Data name="x">
          <kml:value>126.94837189</kml:value>
        </kml:Data>
        <kml:Data name="y">
          <kml:value>37.48900114</kml:value>
        </kml:Data>
      </kml:ExtendedData>
      <kml:Point>
        <kml:coordinates>126.94837189291677,37.48900113880735</kml:coordinates>
      </kml:Point>
    </kml:Placemark>
    <kml:Placemark id="fid-60e2cf02_19f3a43cf86_-57f0">
      <kml:ExtendedData>
        <kml:Data name="fid">
          <kml:value>282</kml:value>
        </kml:Data>
        <kml:Data name="가맹사">
          <kml:value>7-ELEVEN</kml:value>
        </kml:Data>
        <kml:Data name="지점명">
          <kml:value>관악무지개점</kml:value>
        </kml:Data>
        <kml:Data name="전화번">
          <kml:value>02-6465-4337</kml:value>
        </kml:Data>
        <kml:Data name="주소">
          <kml:value>서울특별시 관악구 관악로10길 36</kml:value>
        </kml:Data>
        <kml:Data name="매칭여">
          <kml:value>Y</kml:value>
        </kml:Data>
        <kml:Data name="최신주">
          <kml:value>서울특별시 관악구 봉천동 1608-4</kml:value>
        </kml:Data>
        <kml:Data name="x">
          <kml:value>126.95467765</kml:value>
        </kml:Data>
        <kml:Data name="y">
          <kml:value>37.47663756</kml:value>
        </kml:Data>
      </kml:ExtendedData>
      <kml:Point>
        <kml:coordinates>126.95467765017686,37.47663755496171</kml:coordinates>
      </kml:Point>
    </kml:Placemark>
    <kml:Placemark id="fid-60e2cf02_19f3a43cf86_-57ef">
      <kml:ExtendedData>
        <kml:Data name="fid">
          <kml:value>283</kml:value>
        </kml:Data>
        <kml:Data name="가맹사">
          <kml:value>7-ELEVEN</kml:value>
        </kml:Data>
        <kml:Data name="지점명">
          <kml:value>관악미림점</kml:value>
        </kml:Data>
        <kml:Data name="전화번">
          <kml:value>02-871-1379</kml:value>
        </kml:Data>
        <kml:Data name="주소">
          <kml:value>서울특별시 관악구 호암로20길 67(신림동)</kml:value>
        </kml:Data>
        <kml:Data name="매칭여">
          <kml:value>Y</kml:value>
        </kml:Data>
        <kml:Data name="최신주">
          <kml:value>서울특별시 관악구 신림동 254-254</kml:value>
        </kml:Data>
        <kml:Data name="x">
          <kml:value>126.93572918</kml:value>
        </kml:Data>
        <kml:Data name="y">
          <kml:value>37.4671044</kml:value>
        </kml:Data>
      </kml:ExtendedData>
      <kml:Point>
        <kml:coordinates>126.9357291825721,37.46710439598453</kml:coordinates>
      </kml:Point>
    </kml:Placemark>
    <kml:Placemark id="fid-60e2cf02_19f3a43cf86_-57ee">
      <kml:ExtendedData>
        <kml:Data name="fid">
          <kml:value>284</kml:value>
        </kml:Data>
        <kml:Data name="가맹사">
          <kml:value>7-ELEVEN</kml:value>
        </kml:Data>
        <kml:Data name="지점명">
          <kml:value>관악미성점</kml:value>
        </kml:Data>
        <kml:Data name="전화번">
          <kml:value>02-869-0711</kml:value>
        </kml:Data>
        <kml:Data name="주소">
          <kml:value>서울특별시 관악구 신림동1474-24</kml:value>
        </kml:Data>
        <kml:Data name="매칭여">
          <kml:value>Y</kml:value>
        </kml:Data>
        <kml:Data name="최신주">
          <kml:value>서울특별시 관악구 신림동 1474-24</kml:value>
        </kml:Data>
        <kml:Data name="x">
          <kml:value>126.91434682</kml:value>
        </kml:Data>
        <kml:Data name="y">
          <kml:value>37.48123707</kml:value>
        </kml:Data>
      </kml:ExtendedData>
      <kml:Point>
        <kml:coordinates>126.91434682174544,37.481237068757416</kml:coordinates>
      </kml:Point>
    </kml:Placemark>
    <kml:Placemark id="fid-60e2cf02_19f3a43cf86_-57ed">
      <kml:ExtendedData>
        <kml:Data name="fid">
          <kml:value>285</kml:value>
        </kml:Data>
        <kml:Data name="가맹사">
          <kml:value>7-ELEVEN</kml:value>
        </kml:Data>
        <kml:Data name="지점명">
          <kml:value>관악법원단지점</kml:value>
        </kml:Data>
        <kml:Data name="전화번">
          <kml:value>02-859-8025</kml:value>
        </kml:Data>
        <kml:Data name="주소">
          <kml:value>서울특별시 관악구 법원단지17길 2지하층 제비03호(신림동)</kml:value>
        </kml:Data>
        <kml:Data name="매칭여">
          <kml:value>Y</kml:value>
        </kml:Data>
        <kml:Data name="최신주">
          <kml:value>서울특별시 관악구 신림동 611-73</kml:value>
        </kml:Data>
        <kml:Data name="x">
          <kml:value>126.92212206</kml:value>
        </kml:Data>
        <kml:Data name="y">
          <kml:value>37.47469401</kml:value>
        </kml:Data>
      </kml:ExtendedData>
      <kml:Point>
        <kml:coordinates>126.92212205895808,37.47469400683899</kml:coordinates>
      </kml:Point>
    </kml:Placemark>
    <kml:Placemark id="fid-60e2cf02_19f3a43cf86_-57ec">
      <kml:ExtendedData>
        <kml:Data name="fid">
          <kml:value>286</kml:value>
        </kml:Data>
        <kml:Data name="가맹사">
          <kml:value>7-ELEVEN</kml:value>
        </kml:Data>
        <kml:Data name="지점명">
          <kml:value>관악봉천중앙점</kml:value>
        </kml:Data>
        <kml:Data name="전화번">
          <kml:value>02-872-1096</kml:value>
        </kml:Data>
        <kml:Data name="주소">
          <kml:value>서울특별시 관악구 봉천동 중앙2길 5 1층</kml:value>
        </kml:Data>
        <kml:Data name="매칭여">
          <kml:value>Y</kml:value>
        </kml:Data>
        <kml:Data name="최신주">
          <kml:value>서울특별시 관악구 봉천동 47-2</kml:value>
        </kml:Data>
        <kml:Data name="x">
          <kml:value>126.95359043</kml:value>
        </kml:Data>
        <kml:Data name="y">
          <kml:value>37.48418976</kml:value>
        </kml:Data>
      </kml:ExtendedData>
      <kml:Point>
        <kml:coordinates>126.95359042720659,37.48418975924163</kml:coordinates>
      </kml:Point>
    </kml:Placemark>
    <kml:Placemark id="fid-60e2cf02_19f3a43cf86_-57eb">
      <kml:ExtendedData>
        <kml:Data name="fid">
          <kml:value>287</kml:value>
        </kml:Data>
        <kml:Data name="가맹사">
          <kml:value>7-ELEVEN</kml:value>
        </kml:Data>
        <kml:Data name="지점명">
          <kml:value>관악새진점</kml:value>
        </kml:Data>
        <kml:Data name="전화번">
          <kml:value>02-883-0317</kml:value>
        </kml:Data>
        <kml:Data name="주소">
          <kml:value>서울특별시 관악구 남부순환로234길 43지층(봉천동)</kml:value>
        </kml:Data>
        <kml:Data name="매칭여">
          <kml:value>Y</kml:value>
        </kml:Data>
        <kml:Data name="최신주">
          <kml:value>서울특별시 관악구 봉천동 1621-36</kml:value>
        </kml:Data>
        <kml:Data name="x">
          <kml:value>126.95673778</kml:value>
        </kml:Data>
        <kml:Data name="y">
          <kml:value>37.47756953</kml:value>
        </kml:Data>
      </kml:ExtendedData>
      <kml:Point>
        <kml:coordinates>126.95673777920965,37.4775695277996</kml:coordinates>
      </kml:Point>
    </kml:Placemark>
    <kml:Placemark id="fid-60e2cf02_19f3a43cf86_-57ea">
      <kml:ExtendedData>
        <kml:Data name="fid">
          <kml:value>288</kml:value>
        </kml:Data>
        <kml:Data name="가맹사">
          <kml:value>7-ELEVEN</kml:value>
        </kml:Data>
        <kml:Data name="지점명">
          <kml:value>관악색동점</kml:value>
        </kml:Data>
        <kml:Data name="전화번">
          <kml:value>02-871-5132</kml:value>
        </kml:Data>
        <kml:Data name="주소">
          <kml:value>서울특별시 관악구 신림로70길 7</kml:value>
        </kml:Data>
        <kml:Data name="매칭여">
          <kml:value>Y</kml:value>
        </kml:Data>
        <kml:Data name="최신주">
          <kml:value>서울특별시 관악구 신림동 1428-20</kml:value>
        </kml:Data>
        <kml:Data name="x">
          <kml:value>126.92922469</kml:value>
        </kml:Data>
        <kml:Data name="y">
          <kml:value>37.48778412</kml:value>
        </kml:Data>
      </kml:ExtendedData>
      <kml:Point>
        <kml:coordinates>126.92922468471961,37.48778412024688</kml:coordinates>
      </kml:Point>
    </kml:Placemark>
    <kml:Placemark id="fid-60e2cf02_19f3a43cf86_-57e9">
      <kml:ExtendedData>
        <kml:Data name="fid">
          <kml:value>289</kml:value>
        </kml:Data>
        <kml:Data name="가맹사">
          <kml:value>7-ELEVEN</kml:value>
        </kml:Data>
        <kml:Data name="지점명">
          <kml:value>관악신사점</kml:value>
        </kml:Data>
        <kml:Data name="전화번">
          <kml:value>02-830-5266</kml:value>
        </kml:Data>
        <kml:Data name="주소">
          <kml:value>서울특별시 관악구 신림동난곡로 318</kml:value>
        </kml:Data>
        <kml:Data name="매칭여">
          <kml:value>Y</kml:value>
        </kml:Data>
        <kml:Data name="최신주">
          <kml:value>서울특별시 관악구 신림동 527-1</kml:value>
        </kml:Data>
        <kml:Data name="x">
          <kml:value>126.91467513</kml:value>
        </kml:Data>
        <kml:Data name="y">
          <kml:value>37.4824557</kml:value>
        </kml:Data>
      </kml:ExtendedData>
      <kml:Point>
        <kml:coordinates>126.91467512504015,37.48245570063811</kml:coordinates>
      </kml:Point>
    </kml:Placemark>
    <kml:Placemark id="fid-60e2cf02_19f3a43cf86_-57e8">
      <kml:ExtendedData>
        <kml:Data name="fid">
          <kml:value>290</kml:value>
        </kml:Data>
        <kml:Data name="가맹사">
          <kml:value>7-ELEVEN</kml:value>
        </kml:Data>
        <kml:Data name="지점명">
          <kml:value>관악신원점</kml:value>
        </kml:Data>
        <kml:Data name="전화번">
          <kml:value>02-863-9587</kml:value>
        </kml:Data>
        <kml:Data name="주소">
          <kml:value>서울특별시 관악구 남부순환로168가길 47</kml:value>
        </kml:Data>
        <kml:Data name="매칭여">
          <kml:value>Y</kml:value>
        </kml:Data>
        <kml:Data name="최신주">
          <kml:value>서울특별시 관악구 신림동 1604-23</kml:value>
        </kml:Data>
        <kml:Data name="x">
          <kml:value>126.9268981</kml:value>
        </kml:Data>
        <kml:Data name="y">
          <kml:value>37.48058985</kml:value>
        </kml:Data>
      </kml:ExtendedData>
      <kml:Point>
        <kml:coordinates>126.92689810438839,37.480589845811416</kml:coordinates>
      </kml:Point>
    </kml:Placemark>
    <kml:Placemark id="fid-60e2cf02_19f3a43cf86_-57e7">
      <kml:ExtendedData>
        <kml:Data name="fid">
          <kml:value>291</kml:value>
        </kml:Data>
        <kml:Data name="가맹사">
          <kml:value>7-ELEVEN</kml:value>
        </kml:Data>
        <kml:Data name="지점명">
          <kml:value>관악쑥고개점</kml:value>
        </kml:Data>
        <kml:Data name="전화번">
          <kml:value>02-873-6869</kml:value>
        </kml:Data>
        <kml:Data name="주소">
          <kml:value>서울특별시 관악구 쑥고개로99(봉천동)</kml:value>
        </kml:Data>
        <kml:Data name="매칭여">
          <kml:value>Y</kml:value>
        </kml:Data>
        <kml:Data name="최신주">
          <kml:value>서울특별시 관악구 봉천동 1566-24</kml:value>
        </kml:Data>
        <kml:Data name="x">
          <kml:value>126.94770124</kml:value>
        </kml:Data>
        <kml:Data name="y">
          <kml:value>37.47933946</kml:value>
        </kml:Data>
      </kml:ExtendedData>
      <kml:Point>
        <kml:coordinates>126.94770124480563,37.479339459996474</kml:coordinates>
      </kml:Point>
    </kml:Placemark>
    <kml:Placemark id="fid-60e2cf02_19f3a43cf86_-57e6">
      <kml:ExtendedData>
        <kml:Data name="fid">
          <kml:value>292</kml:value>
        </kml:Data>
        <kml:Data name="가맹사">
          <kml:value>7-ELEVEN</kml:value>
        </kml:Data>
        <kml:Data name="지점명">
          <kml:value>관악예술점</kml:value>
        </kml:Data>
        <kml:Data name="전화번">
          <kml:value>02-598-0711</kml:value>
        </kml:Data>
        <kml:Data name="주소">
          <kml:value>서울특별시 관악구 남부순환로 2046남현동, 2층</kml:value>
        </kml:Data>
        <kml:Data name="매칭여">
          <kml:value>Y</kml:value>
        </kml:Data>
        <kml:Data name="최신주">
          <kml:value>서울특별시 관악구 남현동 1056-29</kml:value>
        </kml:Data>
        <kml:Data name="x">
          <kml:value>126.97607995</kml:value>
        </kml:Data>
        <kml:Data name="y">
          <kml:value>37.47625467</kml:value>
        </kml:Data>
      </kml:ExtendedData>
      <kml:Point>
        <kml:coordinates>126.97607994849264,37.47625466637467</kml:coordinates>
      </kml:Point>
    </kml:Placemark>
    <kml:Placemark id="fid-60e2cf02_19f3a43cf86_-57e5">
      <kml:ExtendedData>
        <kml:Data name="fid">
          <kml:value>294</kml:value>
        </kml:Data>
        <kml:Data name="가맹사">
          <kml:value>7-ELEVEN</kml:value>
        </kml:Data>
        <kml:Data name="지점명">
          <kml:value>관악으뜸점</kml:value>
        </kml:Data>
        <kml:Data name="전화번">
          <kml:value>-</kml:value>
        </kml:Data>
        <kml:Data name="주소">
          <kml:value>서울특별시 관악구 호암로22길 561층 전부(신림동)</kml:value>
        </kml:Data>
        <kml:Data name="매칭여">
          <kml:value>Y</kml:value>
        </kml:Data>
        <kml:Data name="최신주">
          <kml:value>서울특별시 관악구 신림동 257-1</kml:value>
        </kml:Data>
        <kml:Data name="x">
          <kml:value>126.93579375</kml:value>
        </kml:Data>
        <kml:Data name="y">
          <kml:value>37.46857962</kml:value>
        </kml:Data>
      </kml:ExtendedData>
      <kml:Point>
        <kml:coordinates>126.93579374864137,37.46857961657563</kml:coordinates>
      </kml:Point>
    </kml:Placemark>
    <kml:Placemark id="fid-60e2cf02_19f3a43cf86_-57e4">
      <kml:ExtendedData>
        <kml:Data name="fid">
          <kml:value>295</kml:value>
        </kml:Data>
        <kml:Data name="가맹사">
          <kml:value>7-ELEVEN</kml:value>
        </kml:Data>
        <kml:Data name="지점명">
          <kml:value>관악은천점</kml:value>
        </kml:Data>
        <kml:Data name="전화번">
          <kml:value>02-876-7110</kml:value>
        </kml:Data>
        <kml:Data name="주소">
          <kml:value>서울특별시 관악구 은천로48 (봉천동)</kml:value>
        </kml:Data>
        <kml:Data name="매칭여">
          <kml:value>Y</kml:value>
        </kml:Data>
        <kml:Data name="최신주">
          <kml:value>서울특별시 관악구 봉천동 941-1</kml:value>
        </kml:Data>
        <kml:Data name="x">
          <kml:value>126.94050632</kml:value>
        </kml:Data>
        <kml:Data name="y">
          <kml:value>37.48596888</kml:value>
        </kml:Data>
      </kml:ExtendedData>
      <kml:Point>
        <kml:coordinates>126.94050632046051,37.48596887920251</kml:coordinates>
      </kml:Point>
    </kml:Placemark>
    <kml:Placemark id="fid-60e2cf02_19f3a43cf86_-57e3">
      <kml:ExtendedData>
        <kml:Data name="fid">
          <kml:value>296</kml:value>
        </kml:Data>
        <kml:Data name="가맹사">
          <kml:value>7-ELEVEN</kml:value>
        </kml:Data>
        <kml:Data name="지점명">
          <kml:value>관악점B</kml:value>
        </kml:Data>
        <kml:Data name="전화번">
          <kml:value>-</kml:value>
        </kml:Data>
        <kml:Data name="주소">
          <kml:value>서울특별시 관악구 관악로192 (봉천동)</kml:value>
        </kml:Data>
        <kml:Data name="매칭여">
          <kml:value>Y</kml:value>
        </kml:Data>
        <kml:Data name="최신주">
          <kml:value>서울특별시 관악구 봉천동 851-30</kml:value>
        </kml:Data>
        <kml:Data name="x">
          <kml:value>126.95363111</kml:value>
        </kml:Data>
        <kml:Data name="y">
          <kml:value>37.48218971</kml:value>
        </kml:Data>
      </kml:ExtendedData>
      <kml:Point>
        <kml:coordinates>126.95363111188578,37.482189706372665</kml:coordinates>
      </kml:Point>
    </kml:Placemark>
    <kml:Placemark id="fid-60e2cf02_19f3a43cf86_-57e2">
      <kml:ExtendedData>
        <kml:Data name="fid">
          <kml:value>297</kml:value>
        </kml:Data>
        <kml:Data name="가맹사">
          <kml:value>7-ELEVEN</kml:value>
        </kml:Data>
        <kml:Data name="지점명">
          <kml:value>관악조원점</kml:value>
        </kml:Data>
        <kml:Data name="전화번">
          <kml:value>02-857-3456</kml:value>
        </kml:Data>
        <kml:Data name="주소">
          <kml:value>서울특별시 관악구 조원로 921층</kml:value>
        </kml:Data>
        <kml:Data name="매칭여">
          <kml:value>Y</kml:value>
        </kml:Data>
        <kml:Data name="최신주">
          <kml:value>서울특별시 관악구 신림동 532-26</kml:value>
        </kml:Data>
        <kml:Data name="x">
          <kml:value>126.9125327</kml:value>
        </kml:Data>
        <kml:Data name="y">
          <kml:value>37.48445078</kml:value>
        </kml:Data>
      </kml:ExtendedData>
      <kml:Point>
        <kml:coordinates>126.91253270288377,37.484450782123886</kml:coordinates>
      </kml:Point>
    </kml:Placemark>
    <kml:Placemark id="fid-60e2cf02_19f3a43cf86_-57e1">
      <kml:ExtendedData>
        <kml:Data name="fid">
          <kml:value>298</kml:value>
        </kml:Data>
        <kml:Data name="가맹사">
          <kml:value>7-ELEVEN</kml:value>
        </kml:Data>
        <kml:Data name="지점명">
          <kml:value>관악중앙점</kml:value>
        </kml:Data>
        <kml:Data name="전화번">
          <kml:value>02-3285-7110</kml:value>
        </kml:Data>
        <kml:Data name="주소">
          <kml:value>서울특별시 관악구 관악로227 (봉천동)</kml:value>
        </kml:Data>
        <kml:Data name="매칭여">
          <kml:value>Y</kml:value>
        </kml:Data>
        <kml:Data name="최신주">
          <kml:value>서울특별시 관악구 봉천동 34-41</kml:value>
        </kml:Data>
        <kml:Data name="x">
          <kml:value>126.95523007</kml:value>
        </kml:Data>
        <kml:Data name="y">
          <kml:value>37.48492674</kml:value>
        </kml:Data>
      </kml:ExtendedData>
      <kml:Point>
        <kml:coordinates>126.95523007438311,37.48492674194895</kml:coordinates>
      </kml:Point>
    </kml:Placemark>
    <kml:Placemark id="fid-60e2cf02_19f3a43cf86_-57e0">
      <kml:ExtendedData>
        <kml:Data name="fid">
          <kml:value>299</kml:value>
        </kml:Data>
        <kml:Data name="가맹사">
          <kml:value>7-ELEVEN</kml:value>
        </kml:Data>
        <kml:Data name="지점명">
          <kml:value>관악중학교점</kml:value>
        </kml:Data>
        <kml:Data name="전화번">
          <kml:value>070-4232-8025</kml:value>
        </kml:Data>
        <kml:Data name="주소">
          <kml:value>서울특별시 관악구 행운6길 221층(봉천동)</kml:value>
        </kml:Data>
        <kml:Data name="매칭여">
          <kml:value>Y</kml:value>
        </kml:Data>
        <kml:Data name="최신주">
          <kml:value>서울특별시 관악구 봉천동 100-304</kml:value>
        </kml:Data>
        <kml:Data name="x">
          <kml:value>126.96096116</kml:value>
        </kml:Data>
        <kml:Data name="y">
          <kml:value>37.48064497</kml:value>
        </kml:Data>
      </kml:ExtendedData>
      <kml:Point>
        <kml:coordinates>126.96096116179092,37.48064496928015</kml:coordinates>
      </kml:Point>
    </kml:Placemark>
    <kml:Placemark id="fid-60e2cf02_19f3a43cf86_-57df">
      <kml:ExtendedData>
        <kml:Data name="fid">
          <kml:value>300</kml:value>
        </kml:Data>
        <kml:Data name="가맹사">
          <kml:value>7-ELEVEN</kml:value>
        </kml:Data>
        <kml:Data name="지점명">
          <kml:value>관악청룡점</kml:value>
        </kml:Data>
        <kml:Data name="전화번">
          <kml:value>02-871-6027</kml:value>
        </kml:Data>
        <kml:Data name="주소">
          <kml:value>서울특별시 관악구 청룡1길 19봉천동, 1층</kml:value>
        </kml:Data>
        <kml:Data name="매칭여">
          <kml:value>Y</kml:value>
        </kml:Data>
        <kml:Data name="최신주">
          <kml:value>서울특별시 관악구 봉천동 894-2</kml:value>
        </kml:Data>
        <kml:Data name="x">
          <kml:value>126.94745412</kml:value>
        </kml:Data>
        <kml:Data name="y">
          <kml:value>37.48126849</kml:value>
        </kml:Data>
      </kml:ExtendedData>
      <kml:Point>
        <kml:coordinates>126.94745411849529,37.481268492695285</kml:coordinates>
      </kml:Point>
    </kml:Placemark>
    <kml:Placemark id="fid-60e2cf02_19f3a43cf86_-57de">
      <kml:ExtendedData>
        <kml:Data name="fid">
          <kml:value>301</kml:value>
        </kml:Data>
        <kml:Data name="가맹사">
          <kml:value>7-ELEVEN</kml:value>
        </kml:Data>
        <kml:Data name="지점명">
          <kml:value>관악청솔점</kml:value>
        </kml:Data>
        <kml:Data name="전화번">
          <kml:value>-</kml:value>
        </kml:Data>
        <kml:Data name="주소">
          <kml:value>서울특별시 관악구 조원로 118</kml:value>
        </kml:Data>
        <kml:Data name="매칭여">
          <kml:value>Y</kml:value>
        </kml:Data>
        <kml:Data name="최신주">
          <kml:value>서울특별시 관악구 신림동 504-1</kml:value>
        </kml:Data>
        <kml:Data name="x">
          <kml:value>126.91553323</kml:value>
        </kml:Data>
        <kml:Data name="y">
          <kml:value>37.48500425</kml:value>
        </kml:Data>
      </kml:ExtendedData>
      <kml:Point>
        <kml:coordinates>126.91553323409421,37.48500424631233</kml:coordinates>
      </kml:Point>
    </kml:Placemark>
    <kml:Placemark id="fid-60e2cf02_19f3a43cf86_-57dd">
      <kml:ExtendedData>
        <kml:Data name="fid">
          <kml:value>302</kml:value>
        </kml:Data>
        <kml:Data name="가맹사">
          <kml:value>7-ELEVEN</kml:value>
        </kml:Data>
        <kml:Data name="지점명">
          <kml:value>관악타워점</kml:value>
        </kml:Data>
        <kml:Data name="전화번">
          <kml:value>-</kml:value>
        </kml:Data>
        <kml:Data name="주소">
          <kml:value>서울특별시 관악구 남부순환로 1802상가 101호, 102호(봉천동, 관악캠퍼스타워)</kml:value>
        </kml:Data>
        <kml:Data name="매칭여">
          <kml:value>Y</kml:value>
        </kml:Data>
        <kml:Data name="최신주">
          <kml:value>서울특별시 관악구 봉천동 875-1</kml:value>
        </kml:Data>
        <kml:Data name="x">
          <kml:value>126.95033333</kml:value>
        </kml:Data>
        <kml:Data name="y">
          <kml:value>37.48127904</kml:value>
        </kml:Data>
      </kml:ExtendedData>
      <kml:Point>
        <kml:coordinates>126.950333330178,37.48127903738895</kml:coordinates>
      </kml:Point>
    </kml:Placemark>
    <kml:Placemark id="fid-60e2cf02_19f3a43cf86_-57dc">
      <kml:ExtendedData>
        <kml:Data name="fid">
          <kml:value>303</kml:value>
        </kml:Data>
        <kml:Data name="가맹사">
          <kml:value>7-ELEVEN</kml:value>
        </kml:Data>
        <kml:Data name="지점명">
          <kml:value>관악현대점</kml:value>
        </kml:Data>
        <kml:Data name="전화번">
          <kml:value>-</kml:value>
        </kml:Data>
        <kml:Data name="주소">
          <kml:value>서울특별시 관악구 청림3마길 27</kml:value>
        </kml:Data>
        <kml:Data name="매칭여">
          <kml:value>Y</kml:value>
        </kml:Data>
        <kml:Data name="최신주">
          <kml:value>서울특별시 관악구 봉천동 1-996</kml:value>
        </kml:Data>
        <kml:Data name="x">
          <kml:value>126.95735591</kml:value>
        </kml:Data>
        <kml:Data name="y">
          <kml:value>37.49076763</kml:value>
        </kml:Data>
      </kml:ExtendedData>
      <kml:Point>
        <kml:coordinates>126.95735590896302,37.490767632832195</kml:coordinates>
      </kml:Point>
    </kml:Placemark>
    <kml:Placemark id="fid-60e2cf02_19f3a43cf86_-57db">
      <kml:ExtendedData>
        <kml:Data name="fid">
          <kml:value>304</kml:value>
        </kml:Data>
        <kml:Data name="가맹사">
          <kml:value>7-ELEVEN</kml:value>
        </kml:Data>
        <kml:Data name="지점명">
          <kml:value>관악호암로점</kml:value>
        </kml:Data>
        <kml:Data name="전화번">
          <kml:value>010-2211-9327</kml:value>
        </kml:Data>
        <kml:Data name="주소">
          <kml:value>서울특별시 관악구 호암로22길 21(신림동)</kml:value>
        </kml:Data>
        <kml:Data name="매칭여">
          <kml:value>Y</kml:value>
        </kml:Data>
        <kml:Data name="최신주">
          <kml:value>서울특별시 관악구 신림동 1532-20</kml:value>
        </kml:Data>
        <kml:Data name="x">
          <kml:value>126.93393268</kml:value>
        </kml:Data>
        <kml:Data name="y">
          <kml:value>37.46901709</kml:value>
        </kml:Data>
      </kml:ExtendedData>
      <kml:Point>
        <kml:coordinates>126.93393268363262,37.46901709371381</kml:coordinates>
      </kml:Point>
    </kml:Placemark>
    <kml:Placemark id="fid-60e2cf02_19f3a43cf86_-57da">
      <kml:ExtendedData>
        <kml:Data name="fid">
          <kml:value>305</kml:value>
        </kml:Data>
        <kml:Data name="가맹사">
          <kml:value>7-ELEVEN</kml:value>
        </kml:Data>
        <kml:Data name="지점명">
          <kml:value>낙성대점B</kml:value>
        </kml:Data>
        <kml:Data name="전화번">
          <kml:value>-</kml:value>
        </kml:Data>
        <kml:Data name="주소">
          <kml:value>서울특별시 관악구 봉천6동 1690-152</kml:value>
        </kml:Data>
        <kml:Data name="매칭여">
          <kml:value>Y</kml:value>
        </kml:Data>
        <kml:Data name="최신주">
          <kml:value>서울특별시 관악구 봉천동 1690-152</kml:value>
        </kml:Data>
        <kml:Data name="x">
          <kml:value>126.96605087</kml:value>
        </kml:Data>
        <kml:Data name="y">
          <kml:value>37.47639669</kml:value>
        </kml:Data>
      </kml:ExtendedData>
      <kml:Point>
        <kml:coordinates>126.96605087244293,37.47639669187646</kml:coordinates>
      </kml:Point>
    </kml:Placemark>
    <kml:Placemark id="fid-60e2cf02_19f3a43cf86_-57d9">
      <kml:ExtendedData>
        <kml:Data name="fid">
          <kml:value>306</kml:value>
        </kml:Data>
        <kml:Data name="가맹사">
          <kml:value>7-ELEVEN</kml:value>
        </kml:Data>
        <kml:Data name="지점명">
          <kml:value>난곡길점</kml:value>
        </kml:Data>
        <kml:Data name="전화번">
          <kml:value>02-856-2112</kml:value>
        </kml:Data>
        <kml:Data name="주소">
          <kml:value>서울특별시 관악구 난곡로 234신림동</kml:value>
        </kml:Data>
        <kml:Data name="매칭여">
          <kml:value>Y</kml:value>
        </kml:Data>
        <kml:Data name="최신주">
          <kml:value>서울특별시 관악구 신림동 607-30</kml:value>
        </kml:Data>
        <kml:Data name="x">
          <kml:value>126.9170623</kml:value>
        </kml:Data>
        <kml:Data name="y">
          <kml:value>37.47518991</kml:value>
        </kml:Data>
      </kml:ExtendedData>
      <kml:Point>
        <kml:coordinates>126.91706229913095,37.475189908673805</kml:coordinates>
      </kml:Point>
    </kml:Placemark>
    <kml:Placemark id="fid-60e2cf02_19f3a43cf86_-57d8">
      <kml:ExtendedData>
        <kml:Data name="fid">
          <kml:value>307</kml:value>
        </kml:Data>
        <kml:Data name="가맹사">
          <kml:value>7-ELEVEN</kml:value>
        </kml:Data>
        <kml:Data name="지점명">
          <kml:value>남강입구점</kml:value>
        </kml:Data>
        <kml:Data name="전화번">
          <kml:value>02-854-2473</kml:value>
        </kml:Data>
        <kml:Data name="주소">
          <kml:value>서울특별시 관악구 신림동 620-2</kml:value>
        </kml:Data>
        <kml:Data name="매칭여">
          <kml:value>Y</kml:value>
        </kml:Data>
        <kml:Data name="최신주">
          <kml:value>서울특별시 관악구 신림동 620-2</kml:value>
        </kml:Data>
        <kml:Data name="x">
          <kml:value>126.91952641</kml:value>
        </kml:Data>
        <kml:Data name="y">
          <kml:value>37.47241615</kml:value>
        </kml:Data>
      </kml:ExtendedData>
      <kml:Point>
        <kml:coordinates>126.9195264115277,37.47241614618396</kml:coordinates>
      </kml:Point>
    </kml:Placemark>
    <kml:Placemark id="fid-60e2cf02_19f3a43cf86_-57d7">
      <kml:ExtendedData>
        <kml:Data name="fid">
          <kml:value>308</kml:value>
        </kml:Data>
        <kml:Data name="가맹사">
          <kml:value>7-ELEVEN</kml:value>
        </kml:Data>
        <kml:Data name="지점명">
          <kml:value>남현르메이에르점</kml:value>
        </kml:Data>
        <kml:Data name="전화번">
          <kml:value>02-522-0755</kml:value>
        </kml:Data>
        <kml:Data name="주소">
          <kml:value>서울특별시 관악구 과천대로939 (남현동)</kml:value>
        </kml:Data>
        <kml:Data name="매칭여">
          <kml:value>Y</kml:value>
        </kml:Data>
        <kml:Data name="최신주">
          <kml:value>서울특별시 관악구 남현동 1061-18</kml:value>
        </kml:Data>
        <kml:Data name="x">
          <kml:value>126.98137139</kml:value>
        </kml:Data>
        <kml:Data name="y">
          <kml:value>37.47449749</kml:value>
        </kml:Data>
      </kml:ExtendedData>
      <kml:Point>
        <kml:coordinates>126.9813713942844,37.47449748572552</kml:coordinates>
      </kml:Point>
    </kml:Placemark>
    <kml:Placemark id="fid-60e2cf02_19f3a43cf86_-57d6">
      <kml:ExtendedData>
        <kml:Data name="fid">
          <kml:value>309</kml:value>
        </kml:Data>
        <kml:Data name="가맹사">
          <kml:value>7-ELEVEN</kml:value>
        </kml:Data>
        <kml:Data name="지점명">
          <kml:value>남현이즈빌점</kml:value>
        </kml:Data>
        <kml:Data name="전화번">
          <kml:value>02-521-6231</kml:value>
        </kml:Data>
        <kml:Data name="주소">
          <kml:value>서울특별시 관악구 남현1길 9,1층 102호 (남현동, 현대이즈빌아파트)</kml:value>
        </kml:Data>
        <kml:Data name="매칭여">
          <kml:value>Y</kml:value>
        </kml:Data>
        <kml:Data name="최신주">
          <kml:value>서울특별시 관악구 남현동 1058-7</kml:value>
        </kml:Data>
        <kml:Data name="x">
          <kml:value>126.9779668</kml:value>
        </kml:Data>
        <kml:Data name="y">
          <kml:value>37.47600556</kml:value>
        </kml:Data>
      </kml:ExtendedData>
      <kml:Point>
        <kml:coordinates>126.97796679619145,37.47600556079992</kml:coordinates>
      </kml:Point>
    </kml:Placemark>
    <kml:Placemark id="fid-60e2cf02_19f3a43cf86_-57d5">
      <kml:ExtendedData>
        <kml:Data name="fid">
          <kml:value>310</kml:value>
        </kml:Data>
        <kml:Data name="가맹사">
          <kml:value>7-ELEVEN</kml:value>
        </kml:Data>
        <kml:Data name="지점명">
          <kml:value>보라매샤르망점</kml:value>
        </kml:Data>
        <kml:Data name="전화번">
          <kml:value>02-887-7814</kml:value>
        </kml:Data>
        <kml:Data name="주소">
          <kml:value>서울특별시 관악구 봉천동972-5 보라매 샤르망 105</kml:value>
        </kml:Data>
        <kml:Data name="매칭여">
          <kml:value>Y</kml:value>
        </kml:Data>
        <kml:Data name="최신주">
          <kml:value>서울특별시 관악구 봉천동 972-5</kml:value>
        </kml:Data>
        <kml:Data name="x">
          <kml:value>126.92708181</kml:value>
        </kml:Data>
        <kml:Data name="y">
          <kml:value>37.49002817</kml:value>
        </kml:Data>
      </kml:ExtendedData>
      <kml:Point>
        <kml:coordinates>126.92708181273801,37.490028169591184</kml:coordinates>
      </kml:Point>
    </kml:Placemark>
    <kml:Placemark id="fid-60e2cf02_19f3a43cf86_-57d4">
      <kml:ExtendedData>
        <kml:Data name="fid">
          <kml:value>311</kml:value>
        </kml:Data>
        <kml:Data name="가맹사">
          <kml:value>7-ELEVEN</kml:value>
        </kml:Data>
        <kml:Data name="지점명">
          <kml:value>봉일시장점</kml:value>
        </kml:Data>
        <kml:Data name="전화번">
          <kml:value>-</kml:value>
        </kml:Data>
        <kml:Data name="주소">
          <kml:value>서울특별시 관악구 봉천로23나길 45</kml:value>
        </kml:Data>
        <kml:Data name="매칭여">
          <kml:value>Y</kml:value>
        </kml:Data>
        <kml:Data name="최신주">
          <kml:value>서울특별시 관악구 봉천동 954-1</kml:value>
        </kml:Data>
        <kml:Data name="x">
          <kml:value>126.93786453</kml:value>
        </kml:Data>
        <kml:Data name="y">
          <kml:value>37.48700253</kml:value>
        </kml:Data>
      </kml:ExtendedData>
      <kml:Point>
        <kml:coordinates>126.937864524562,37.48700252896143</kml:coordinates>
      </kml:Point>
    </kml:Placemark>
    <kml:Placemark id="fid-60e2cf02_19f3a43cf86_-57d3">
      <kml:ExtendedData>
        <kml:Data name="fid">
          <kml:value>312</kml:value>
        </kml:Data>
        <kml:Data name="가맹사">
          <kml:value>7-ELEVEN</kml:value>
        </kml:Data>
        <kml:Data name="지점명">
          <kml:value>봉천1호점</kml:value>
        </kml:Data>
        <kml:Data name="전화번">
          <kml:value>02-877-0450</kml:value>
        </kml:Data>
        <kml:Data name="주소">
          <kml:value>서울특별시 관악구 남부순환로1766</kml:value>
        </kml:Data>
        <kml:Data name="매칭여">
          <kml:value>Y</kml:value>
        </kml:Data>
        <kml:Data name="최신주">
          <kml:value>서울특별시 관악구 봉천동 913-1</kml:value>
        </kml:Data>
        <kml:Data name="x">
          <kml:value>126.94608779</kml:value>
        </kml:Data>
        <kml:Data name="y">
          <kml:value>37.48168066</kml:value>
        </kml:Data>
      </kml:ExtendedData>
      <kml:Point>
        <kml:coordinates>126.94608778999512,37.48168065633882</kml:coordinates>
      </kml:Point>
    </kml:Placemark>
    <kml:Placemark id="fid-60e2cf02_19f3a43cf86_-57d2">
      <kml:ExtendedData>
        <kml:Data name="fid">
          <kml:value>313</kml:value>
        </kml:Data>
        <kml:Data name="가맹사">
          <kml:value>7-ELEVEN</kml:value>
        </kml:Data>
        <kml:Data name="지점명">
          <kml:value>봉천2호점</kml:value>
        </kml:Data>
        <kml:Data name="전화번">
          <kml:value>02-882-8920</kml:value>
        </kml:Data>
        <kml:Data name="주소">
          <kml:value>서울특별시 관악구 남부순환로1913</kml:value>
        </kml:Data>
        <kml:Data name="매칭여">
          <kml:value>Y</kml:value>
        </kml:Data>
        <kml:Data name="최신주">
          <kml:value>서울특별시 관악구 봉천동 1685-20</kml:value>
        </kml:Data>
        <kml:Data name="x">
          <kml:value>126.96202285</kml:value>
        </kml:Data>
        <kml:Data name="y">
          <kml:value>37.47796609</kml:value>
        </kml:Data>
      </kml:ExtendedData>
      <kml:Point>
        <kml:coordinates>126.96202284694061,37.477966092248096</kml:coordinates>
      </kml:Point>
    </kml:Placemark>
    <kml:Placemark id="fid-60e2cf02_19f3a43cf86_-57d1">
      <kml:ExtendedData>
        <kml:Data name="fid">
          <kml:value>314</kml:value>
        </kml:Data>
        <kml:Data name="가맹사">
          <kml:value>7-ELEVEN</kml:value>
        </kml:Data>
        <kml:Data name="지점명">
          <kml:value>봉천3호점</kml:value>
        </kml:Data>
        <kml:Data name="전화번">
          <kml:value>02-889-6758</kml:value>
        </kml:Data>
        <kml:Data name="주소">
          <kml:value>서울특별시 관악구 남부순환로233길11</kml:value>
        </kml:Data>
        <kml:Data name="매칭여">
          <kml:value>Y</kml:value>
        </kml:Data>
        <kml:Data name="최신주">
          <kml:value>서울특별시 관악구 봉천동 1673-25</kml:value>
        </kml:Data>
        <kml:Data name="x">
          <kml:value>126.9578776</kml:value>
        </kml:Data>
        <kml:Data name="y">
          <kml:value>37.47997189</kml:value>
        </kml:Data>
      </kml:ExtendedData>
      <kml:Point>
        <kml:coordinates>126.95787760475231,37.479971888093644</kml:coordinates>
      </kml:Point>
    </kml:Placemark>
    <kml:Placemark id="fid-60e2cf02_19f3a43cf86_-57d0">
      <kml:ExtendedData>
        <kml:Data name="fid">
          <kml:value>315</kml:value>
        </kml:Data>
        <kml:Data name="가맹사">
          <kml:value>7-ELEVEN</kml:value>
        </kml:Data>
        <kml:Data name="지점명">
          <kml:value>봉천4호점</kml:value>
        </kml:Data>
        <kml:Data name="전화번">
          <kml:value>02-876-6875</kml:value>
        </kml:Data>
        <kml:Data name="주소">
          <kml:value>서울특별시 관악구 남부순환로246길30</kml:value>
        </kml:Data>
        <kml:Data name="매칭여">
          <kml:value>Y</kml:value>
        </kml:Data>
        <kml:Data name="최신주">
          <kml:value>서울특별시 관악구 봉천동 1633-21</kml:value>
        </kml:Data>
        <kml:Data name="x">
          <kml:value>126.96405919</kml:value>
        </kml:Data>
        <kml:Data name="y">
          <kml:value>37.47532486</kml:value>
        </kml:Data>
      </kml:ExtendedData>
      <kml:Point>
        <kml:coordinates>126.96405919379406,37.47532485809091</kml:coordinates>
      </kml:Point>
    </kml:Placemark>
    <kml:Placemark id="fid-60e2cf02_19f3a43cf86_-57cf">
      <kml:ExtendedData>
        <kml:Data name="fid">
          <kml:value>316</kml:value>
        </kml:Data>
        <kml:Data name="가맹사">
          <kml:value>7-ELEVEN</kml:value>
        </kml:Data>
        <kml:Data name="지점명">
          <kml:value>봉천5호점  체육관</kml:value>
        </kml:Data>
        <kml:Data name="전화번">
          <kml:value>02-874-6381</kml:value>
        </kml:Data>
        <kml:Data name="주소">
          <kml:value>서울특별시 관악구 남부순환로 1702</kml:value>
        </kml:Data>
        <kml:Data name="매칭여">
          <kml:value>Y</kml:value>
        </kml:Data>
        <kml:Data name="최신주">
          <kml:value>서울특별시 관악구 봉천동 945-1</kml:value>
        </kml:Data>
        <kml:Data name="x">
          <kml:value>126.93915359</kml:value>
        </kml:Data>
        <kml:Data name="y">
          <kml:value>37.48314844</kml:value>
        </kml:Data>
      </kml:ExtendedData>
      <kml:Point>
        <kml:coordinates>126.93915359098236,37.48314844319986</kml:coordinates>
      </kml:Point>
    </kml:Placemark>
    <kml:Placemark id="fid-60e2cf02_19f3a43cf86_-57ce">
      <kml:ExtendedData>
        <kml:Data name="fid">
          <kml:value>317</kml:value>
        </kml:Data>
        <kml:Data name="가맹사">
          <kml:value>7-ELEVEN</kml:value>
        </kml:Data>
        <kml:Data name="지점명">
          <kml:value>봉천낙성대점</kml:value>
        </kml:Data>
        <kml:Data name="전화번">
          <kml:value>02-883-8307</kml:value>
        </kml:Data>
        <kml:Data name="주소">
          <kml:value>서울특별시 관악구 남부순환로 1960</kml:value>
        </kml:Data>
        <kml:Data name="매칭여">
          <kml:value>Y</kml:value>
        </kml:Data>
        <kml:Data name="최신주">
          <kml:value>서울특별시 관악구 봉천동 1656-10</kml:value>
        </kml:Data>
        <kml:Data name="x">
          <kml:value>126.96629123</kml:value>
        </kml:Data>
        <kml:Data name="y">
          <kml:value>37.47568125</kml:value>
        </kml:Data>
      </kml:ExtendedData>
      <kml:Point>
        <kml:coordinates>126.96629123463944,37.475681251732084</kml:coordinates>
      </kml:Point>
    </kml:Placemark>
    <kml:Placemark id="fid-60e2cf02_19f3a43cf86_-57cd">
      <kml:ExtendedData>
        <kml:Data name="fid">
          <kml:value>318</kml:value>
        </kml:Data>
        <kml:Data name="가맹사">
          <kml:value>7-ELEVEN</kml:value>
        </kml:Data>
        <kml:Data name="지점명">
          <kml:value>봉천제일점</kml:value>
        </kml:Data>
        <kml:Data name="전화번">
          <kml:value>02-875-8410</kml:value>
        </kml:Data>
        <kml:Data name="주소">
          <kml:value>서울특별시 관악구 봉천동 남부순환로1932</kml:value>
        </kml:Data>
        <kml:Data name="매칭여">
          <kml:value>Y</kml:value>
        </kml:Data>
        <kml:Data name="최신주">
          <kml:value>서울특별시 관악구 봉천동 1658-1</kml:value>
        </kml:Data>
        <kml:Data name="x">
          <kml:value>126.96354221</kml:value>
        </kml:Data>
        <kml:Data name="y">
          <kml:value>37.47677709</kml:value>
        </kml:Data>
      </kml:ExtendedData>
      <kml:Point>
        <kml:coordinates>126.963542208447,37.476777091367694</kml:coordinates>
      </kml:Point>
    </kml:Placemark>
    <kml:Placemark id="fid-60e2cf02_19f3a43cf86_-57cc">
      <kml:ExtendedData>
        <kml:Data name="fid">
          <kml:value>319</kml:value>
        </kml:Data>
        <kml:Data name="가맹사">
          <kml:value>7-ELEVEN</kml:value>
        </kml:Data>
        <kml:Data name="지점명">
          <kml:value>봉천태영점B</kml:value>
        </kml:Data>
        <kml:Data name="전화번">
          <kml:value>02-877-8395</kml:value>
        </kml:Data>
        <kml:Data name="주소">
          <kml:value>서울특별시 관악구 보라매로 4봉천동</kml:value>
        </kml:Data>
        <kml:Data name="매칭여">
          <kml:value>Y</kml:value>
        </kml:Data>
        <kml:Data name="최신주">
          <kml:value>서울특별시 관악구 봉천동 971-1</kml:value>
        </kml:Data>
        <kml:Data name="x">
          <kml:value>126.92798245</kml:value>
        </kml:Data>
        <kml:Data name="y">
          <kml:value>37.48991002</kml:value>
        </kml:Data>
      </kml:ExtendedData>
      <kml:Point>
        <kml:coordinates>126.92798244633241,37.48991001879934</kml:coordinates>
      </kml:Point>
    </kml:Placemark>
    <kml:Placemark id="fid-60e2cf02_19f3a43cf86_-57cb">
      <kml:ExtendedData>
        <kml:Data name="fid">
          <kml:value>320</kml:value>
        </kml:Data>
        <kml:Data name="가맹사">
          <kml:value>7-ELEVEN</kml:value>
        </kml:Data>
        <kml:Data name="지점명">
          <kml:value>봉천해주점</kml:value>
        </kml:Data>
        <kml:Data name="전화번">
          <kml:value>02-877-7873</kml:value>
        </kml:Data>
        <kml:Data name="주소">
          <kml:value>서울특별시 관악구 봉천로466 (봉천동)</kml:value>
        </kml:Data>
        <kml:Data name="매칭여">
          <kml:value>Y</kml:value>
        </kml:Data>
        <kml:Data name="최신주">
          <kml:value>서울특별시 관악구 봉천동 870-1</kml:value>
        </kml:Data>
        <kml:Data name="x">
          <kml:value>126.95161395</kml:value>
        </kml:Data>
        <kml:Data name="y">
          <kml:value>37.48197094</kml:value>
        </kml:Data>
      </kml:ExtendedData>
      <kml:Point>
        <kml:coordinates>126.95161395322506,37.4819709425938</kml:coordinates>
      </kml:Point>
    </kml:Placemark>
    <kml:Placemark id="fid-60e2cf02_19f3a43cf86_-57ca">
      <kml:ExtendedData>
        <kml:Data name="fid">
          <kml:value>321</kml:value>
        </kml:Data>
        <kml:Data name="가맹사">
          <kml:value>7-ELEVEN</kml:value>
        </kml:Data>
        <kml:Data name="지점명">
          <kml:value>사당역점B</kml:value>
        </kml:Data>
        <kml:Data name="전화번">
          <kml:value>02-525-8781</kml:value>
        </kml:Data>
        <kml:Data name="주소">
          <kml:value>서울특별시 관악구 남현1길66 (남현동)</kml:value>
        </kml:Data>
        <kml:Data name="매칭여">
          <kml:value>Y</kml:value>
        </kml:Data>
        <kml:Data name="최신주">
          <kml:value>서울특별시 관악구 남현동 1061-2</kml:value>
        </kml:Data>
        <kml:Data name="x">
          <kml:value>126.9811199</kml:value>
        </kml:Data>
        <kml:Data name="y">
          <kml:value>37.4757166</kml:value>
        </kml:Data>
      </kml:ExtendedData>
      <kml:Point>
        <kml:coordinates>126.981119898061,37.47571659602247</kml:coordinates>
      </kml:Point>
    </kml:Placemark>
    <kml:Placemark id="fid-60e2cf02_19f3a43cf86_-57c9">
      <kml:ExtendedData>
        <kml:Data name="fid">
          <kml:value>322</kml:value>
        </kml:Data>
        <kml:Data name="가맹사">
          <kml:value>7-ELEVEN</kml:value>
        </kml:Data>
        <kml:Data name="지점명">
          <kml:value>서울대동아점</kml:value>
        </kml:Data>
        <kml:Data name="전화번">
          <kml:value>02-884-5108</kml:value>
        </kml:Data>
        <kml:Data name="주소">
          <kml:value>서울특별시 관악구 관악로 167 (봉천동)</kml:value>
        </kml:Data>
        <kml:Data name="매칭여">
          <kml:value>Y</kml:value>
        </kml:Data>
        <kml:Data name="최신주">
          <kml:value>서울특별시 관악구 봉천동 862-9</kml:value>
        </kml:Data>
        <kml:Data name="x">
          <kml:value>126.95223676</kml:value>
        </kml:Data>
        <kml:Data name="y">
          <kml:value>37.48029155</kml:value>
        </kml:Data>
      </kml:ExtendedData>
      <kml:Point>
        <kml:coordinates>126.95223676383733,37.480291551380255</kml:coordinates>
      </kml:Point>
    </kml:Placemark>
    <kml:Placemark id="fid-60e2cf02_19f3a43cf86_-57c8">
      <kml:ExtendedData>
        <kml:Data name="fid">
          <kml:value>323</kml:value>
        </kml:Data>
        <kml:Data name="가맹사">
          <kml:value>7-ELEVEN</kml:value>
        </kml:Data>
        <kml:Data name="지점명">
          <kml:value>서울대서진점</kml:value>
        </kml:Data>
        <kml:Data name="전화번">
          <kml:value>02-871-0297</kml:value>
        </kml:Data>
        <kml:Data name="주소">
          <kml:value>서울특별시 관악구 관악로 17길3 (봉천동)</kml:value>
        </kml:Data>
        <kml:Data name="매칭여">
          <kml:value>Y</kml:value>
        </kml:Data>
        <kml:Data name="최신주">
          <kml:value>서울특별시 관악구 봉천동 868-1</kml:value>
        </kml:Data>
        <kml:Data name="x">
          <kml:value>126.95152796</kml:value>
        </kml:Data>
        <kml:Data name="y">
          <kml:value>37.48064278</kml:value>
        </kml:Data>
      </kml:ExtendedData>
      <kml:Point>
        <kml:coordinates>126.951527960025,37.480642780584255</kml:coordinates>
      </kml:Point>
    </kml:Placemark>
    <kml:Placemark id="fid-60e2cf02_19f3a43cf86_-57c7">
      <kml:ExtendedData>
        <kml:Data name="fid">
          <kml:value>324</kml:value>
        </kml:Data>
        <kml:Data name="가맹사">
          <kml:value>7-ELEVEN</kml:value>
        </kml:Data>
        <kml:Data name="지점명">
          <kml:value>서울대연구공원점</kml:value>
        </kml:Data>
        <kml:Data name="전화번">
          <kml:value>02-871-8977</kml:value>
        </kml:Data>
        <kml:Data name="주소">
          <kml:value>서울특별시 관악구 관악로1, 지하1층 (봉천동, 서울대연구공원단지 내)</kml:value>
        </kml:Data>
        <kml:Data name="매칭여">
          <kml:value>Y</kml:value>
        </kml:Data>
        <kml:Data name="최신주">
          <kml:value>서울특별시 관악구 신림동 산 56-1</kml:value>
        </kml:Data>
        <kml:Data name="x">
          <kml:value>126.95880253</kml:value>
        </kml:Data>
        <kml:Data name="y">
          <kml:value>37.45617591</kml:value>
        </kml:Data>
      </kml:ExtendedData>
      <kml:Point>
        <kml:coordinates>126.95880253246425,37.456175908756926</kml:coordinates>
      </kml:Point>
    </kml:Placemark>
    <kml:Placemark id="fid-60e2cf02_19f3a43cf86_-57c6">
      <kml:ExtendedData>
        <kml:Data name="fid">
          <kml:value>325</kml:value>
        </kml:Data>
        <kml:Data name="가맹사">
          <kml:value>7-ELEVEN</kml:value>
        </kml:Data>
        <kml:Data name="지점명">
          <kml:value>서울대입구역점</kml:value>
        </kml:Data>
        <kml:Data name="전화번">
          <kml:value>02-6276-8777</kml:value>
        </kml:Data>
        <kml:Data name="주소">
          <kml:value>서울특별시 관악구 남부순환로 1820</kml:value>
        </kml:Data>
        <kml:Data name="매칭여">
          <kml:value>Y</kml:value>
        </kml:Data>
        <kml:Data name="최신주">
          <kml:value>서울특별시 관악구 봉천동 862-1</kml:value>
        </kml:Data>
        <kml:Data name="x">
          <kml:value>126.95223367</kml:value>
        </kml:Data>
        <kml:Data name="y">
          <kml:value>37.48105227</kml:value>
        </kml:Data>
      </kml:ExtendedData>
      <kml:Point>
        <kml:coordinates>126.95223367244002,37.48105226662227</kml:coordinates>
      </kml:Point>
    </kml:Placemark>
    <kml:Placemark id="fid-60e2cf02_19f3a43cf86_-57c5">
      <kml:ExtendedData>
        <kml:Data name="fid">
          <kml:value>326</kml:value>
        </kml:Data>
        <kml:Data name="가맹사">
          <kml:value>7-ELEVEN</kml:value>
        </kml:Data>
        <kml:Data name="지점명">
          <kml:value>서울대입구역중앙점</kml:value>
        </kml:Data>
        <kml:Data name="전화번">
          <kml:value>02-871-5818</kml:value>
        </kml:Data>
        <kml:Data name="주소">
          <kml:value>서울특별시 관악구 봉천로 471</kml:value>
        </kml:Data>
        <kml:Data name="매칭여">
          <kml:value>Y</kml:value>
        </kml:Data>
        <kml:Data name="최신주">
          <kml:value>서울특별시 관악구 봉천동 860-18</kml:value>
        </kml:Data>
        <kml:Data name="x">
          <kml:value>126.95240579</kml:value>
        </kml:Data>
        <kml:Data name="y">
          <kml:value>37.4824365</kml:value>
        </kml:Data>
      </kml:ExtendedData>
      <kml:Point>
        <kml:coordinates>126.95240579028706,37.48243650009112</kml:coordinates>
      </kml:Point>
    </kml:Placemark>
    <kml:Placemark id="fid-60e2cf02_19f3a43cf86_-57c4">
      <kml:ExtendedData>
        <kml:Data name="fid">
          <kml:value>327</kml:value>
        </kml:Data>
        <kml:Data name="가맹사">
          <kml:value>7-ELEVEN</kml:value>
        </kml:Data>
        <kml:Data name="지점명">
          <kml:value>서울대한울점</kml:value>
        </kml:Data>
        <kml:Data name="전화번">
          <kml:value>-</kml:value>
        </kml:Data>
        <kml:Data name="주소">
          <kml:value>서울특별시 관악구 관악로15길 23-16</kml:value>
        </kml:Data>
        <kml:Data name="매칭여">
          <kml:value>Y</kml:value>
        </kml:Data>
        <kml:Data name="최신주">
          <kml:value>서울특별시 관악구 봉천동 867-10</kml:value>
        </kml:Data>
        <kml:Data name="x">
          <kml:value>126.9507351</kml:value>
        </kml:Data>
        <kml:Data name="y">
          <kml:value>37.47965892</kml:value>
        </kml:Data>
      </kml:ExtendedData>
      <kml:Point>
        <kml:coordinates>126.95073510148993,37.479658916559515</kml:coordinates>
      </kml:Point>
    </kml:Placemark>
    <kml:Placemark id="fid-60e2cf02_19f3a43cf86_-57c3">
      <kml:ExtendedData>
        <kml:Data name="fid">
          <kml:value>328</kml:value>
        </kml:Data>
        <kml:Data name="가맹사">
          <kml:value>7-ELEVEN</kml:value>
        </kml:Data>
        <kml:Data name="지점명">
          <kml:value>신대방스타점B</kml:value>
        </kml:Data>
        <kml:Data name="전화번">
          <kml:value>02-866-6656</kml:value>
        </kml:Data>
        <kml:Data name="주소">
          <kml:value>서울특별시 관악구 신림동 518-1</kml:value>
        </kml:Data>
        <kml:Data name="매칭여">
          <kml:value>Y</kml:value>
        </kml:Data>
        <kml:Data name="최신주">
          <kml:value>서울특별시 관악구 신림동 518-1</kml:value>
        </kml:Data>
        <kml:Data name="x">
          <kml:value>126.91332335</kml:value>
        </kml:Data>
        <kml:Data name="y">
          <kml:value>37.48672059</kml:value>
        </kml:Data>
      </kml:ExtendedData>
      <kml:Point>
        <kml:coordinates>126.91332335382519,37.486720587840914</kml:coordinates>
      </kml:Point>
    </kml:Placemark>
    <kml:Placemark id="fid-60e2cf02_19f3a43cf86_-57c2">
      <kml:ExtendedData>
        <kml:Data name="fid">
          <kml:value>329</kml:value>
        </kml:Data>
        <kml:Data name="가맹사">
          <kml:value>7-ELEVEN</kml:value>
        </kml:Data>
        <kml:Data name="지점명">
          <kml:value>신대방행복점</kml:value>
        </kml:Data>
        <kml:Data name="전화번">
          <kml:value>02-851-1121</kml:value>
        </kml:Data>
        <kml:Data name="주소">
          <kml:value>서울특별시 관악구 신사로 116-1 한양빌딩1층</kml:value>
        </kml:Data>
        <kml:Data name="매칭여">
          <kml:value>Y</kml:value>
        </kml:Data>
        <kml:Data name="최신주">
          <kml:value>서울특별시 관악구 신림동 498-45</kml:value>
        </kml:Data>
        <kml:Data name="x">
          <kml:value>126.91518466</kml:value>
        </kml:Data>
        <kml:Data name="y">
          <kml:value>37.48787509</kml:value>
        </kml:Data>
      </kml:ExtendedData>
      <kml:Point>
        <kml:coordinates>126.91518466280912,37.487875089035796</kml:coordinates>
      </kml:Point>
    </kml:Placemark>
    <kml:Placemark id="fid-60e2cf02_19f3a43cf86_-57c1">
      <kml:ExtendedData>
        <kml:Data name="fid">
          <kml:value>330</kml:value>
        </kml:Data>
        <kml:Data name="가맹사">
          <kml:value>7-ELEVEN</kml:value>
        </kml:Data>
        <kml:Data name="지점명">
          <kml:value>신림2호점</kml:value>
        </kml:Data>
        <kml:Data name="전화번">
          <kml:value>02-872-7658</kml:value>
        </kml:Data>
        <kml:Data name="주소">
          <kml:value>서울특별시 관악구 신림동406-37</kml:value>
        </kml:Data>
        <kml:Data name="매칭여">
          <kml:value>Y</kml:value>
        </kml:Data>
        <kml:Data name="최신주">
          <kml:value>서울특별시 관악구 신림동 406-37</kml:value>
        </kml:Data>
        <kml:Data name="x">
          <kml:value>126.93482308</kml:value>
        </kml:Data>
        <kml:Data name="y">
          <kml:value>37.47470689</kml:value>
        </kml:Data>
      </kml:ExtendedData>
      <kml:Point>
        <kml:coordinates>126.93482307486909,37.47470689141817</kml:coordinates>
      </kml:Point>
    </kml:Placemark>
    <kml:Placemark id="fid-60e2cf02_19f3a43cf86_-57c0">
      <kml:ExtendedData>
        <kml:Data name="fid">
          <kml:value>331</kml:value>
        </kml:Data>
        <kml:Data name="가맹사">
          <kml:value>7-ELEVEN</kml:value>
        </kml:Data>
        <kml:Data name="지점명">
          <kml:value>신림가야점</kml:value>
        </kml:Data>
        <kml:Data name="전화번">
          <kml:value>02-877-5780</kml:value>
        </kml:Data>
        <kml:Data name="주소">
          <kml:value>서울특별시 관악구 신림동신림로66길 47 101</kml:value>
        </kml:Data>
        <kml:Data name="매칭여">
          <kml:value>Y</kml:value>
        </kml:Data>
        <kml:Data name="최신주">
          <kml:value>서울특별시 관악구 신림동 1414-32</kml:value>
        </kml:Data>
        <kml:Data name="x">
          <kml:value>126.9323364</kml:value>
        </kml:Data>
        <kml:Data name="y">
          <kml:value>37.48587623</kml:value>
        </kml:Data>
      </kml:ExtendedData>
      <kml:Point>
        <kml:coordinates>126.9323363989675,37.48587623080692</kml:coordinates>
      </kml:Point>
    </kml:Placemark>
    <kml:Placemark id="fid-60e2cf02_19f3a43cf86_-57bf">
      <kml:ExtendedData>
        <kml:Data name="fid">
          <kml:value>332</kml:value>
        </kml:Data>
        <kml:Data name="가맹사">
          <kml:value>7-ELEVEN</kml:value>
        </kml:Data>
        <kml:Data name="지점명">
          <kml:value>신림고시촌점</kml:value>
        </kml:Data>
        <kml:Data name="전화번">
          <kml:value>02-871-6917</kml:value>
        </kml:Data>
        <kml:Data name="주소">
          <kml:value>서울특별시 관악구 신림로23길 34(신림동)</kml:value>
        </kml:Data>
        <kml:Data name="매칭여">
          <kml:value>Y</kml:value>
        </kml:Data>
        <kml:Data name="최신주">
          <kml:value>서울특별시 관악구 신림동 1533-3</kml:value>
        </kml:Data>
        <kml:Data name="x">
          <kml:value>126.93463147</kml:value>
        </kml:Data>
        <kml:Data name="y">
          <kml:value>37.46953384</kml:value>
        </kml:Data>
      </kml:ExtendedData>
      <kml:Point>
        <kml:coordinates>126.93463147302823,37.46953383894318</kml:coordinates>
      </kml:Point>
    </kml:Placemark>
    <kml:Placemark id="fid-60e2cf02_19f3a43cf86_-57be">
      <kml:ExtendedData>
        <kml:Data name="fid">
          <kml:value>333</kml:value>
        </kml:Data>
        <kml:Data name="가맹사">
          <kml:value>7-ELEVEN</kml:value>
        </kml:Data>
        <kml:Data name="지점명">
          <kml:value>신림녹두점</kml:value>
        </kml:Data>
        <kml:Data name="전화번">
          <kml:value>02-871-1903</kml:value>
        </kml:Data>
        <kml:Data name="주소">
          <kml:value>서울특별시 관악구 신림로 97가동</kml:value>
        </kml:Data>
        <kml:Data name="매칭여">
          <kml:value>Y</kml:value>
        </kml:Data>
        <kml:Data name="최신주">
          <kml:value>서울특별시 관악구 신림동 240-3</kml:value>
        </kml:Data>
        <kml:Data name="x">
          <kml:value>126.93859128</kml:value>
        </kml:Data>
        <kml:Data name="y">
          <kml:value>37.47021705</kml:value>
        </kml:Data>
      </kml:ExtendedData>
      <kml:Point>
        <kml:coordinates>126.93859127775256,37.47021704604698</kml:coordinates>
      </kml:Point>
    </kml:Placemark>
    <kml:Placemark id="fid-60e2cf02_19f3a43cf86_-57bd">
      <kml:ExtendedData>
        <kml:Data name="fid">
          <kml:value>334</kml:value>
        </kml:Data>
        <kml:Data name="가맹사">
          <kml:value>7-ELEVEN</kml:value>
        </kml:Data>
        <kml:Data name="지점명">
          <kml:value>신림대학점</kml:value>
        </kml:Data>
        <kml:Data name="전화번">
          <kml:value>02-875-9077</kml:value>
        </kml:Data>
        <kml:Data name="주소">
          <kml:value>서울특별시 관악구 신림로108 (신림동)</kml:value>
        </kml:Data>
        <kml:Data name="매칭여">
          <kml:value>Y</kml:value>
        </kml:Data>
        <kml:Data name="최신주">
          <kml:value>서울특별시 관악구 신림동 118-3</kml:value>
        </kml:Data>
        <kml:Data name="x">
          <kml:value>126.93758532</kml:value>
        </kml:Data>
        <kml:Data name="y">
          <kml:value>37.4711537</kml:value>
        </kml:Data>
      </kml:ExtendedData>
      <kml:Point>
        <kml:coordinates>126.93758531887667,37.47115369601113</kml:coordinates>
      </kml:Point>
    </kml:Placemark>
    <kml:Placemark id="fid-60e2cf02_19f3a43cf86_-57bc">
      <kml:ExtendedData>
        <kml:Data name="fid">
          <kml:value>335</kml:value>
        </kml:Data>
        <kml:Data name="가맹사">
          <kml:value>7-ELEVEN</kml:value>
        </kml:Data>
        <kml:Data name="지점명">
          <kml:value>신림라이프점</kml:value>
        </kml:Data>
        <kml:Data name="전화번">
          <kml:value>02-865-0711</kml:value>
        </kml:Data>
        <kml:Data name="주소">
          <kml:value>서울특별시 관악구 신림동746-1 외 3필지 1층상가</kml:value>
        </kml:Data>
        <kml:Data name="매칭여">
          <kml:value>Y</kml:value>
        </kml:Data>
        <kml:Data name="최신주">
          <kml:value>서울특별시 관악구 신림동 746-1</kml:value>
        </kml:Data>
        <kml:Data name="x">
          <kml:value>126.91327719</kml:value>
        </kml:Data>
        <kml:Data name="y">
          <kml:value>37.47674237</kml:value>
        </kml:Data>
      </kml:ExtendedData>
      <kml:Point>
        <kml:coordinates>126.91327718416987,37.476742369722984</kml:coordinates>
      </kml:Point>
    </kml:Placemark>
    <kml:Placemark id="fid-60e2cf02_19f3a43cf86_-57bb">
      <kml:ExtendedData>
        <kml:Data name="fid">
          <kml:value>336</kml:value>
        </kml:Data>
        <kml:Data name="가맹사">
          <kml:value>7-ELEVEN</kml:value>
        </kml:Data>
        <kml:Data name="지점명">
          <kml:value>신림문화점</kml:value>
        </kml:Data>
        <kml:Data name="전화번">
          <kml:value>02-871-3320</kml:value>
        </kml:Data>
        <kml:Data name="주소">
          <kml:value>서울특별시 관악구 신림동길 151층</kml:value>
        </kml:Data>
        <kml:Data name="매칭여">
          <kml:value>Y</kml:value>
        </kml:Data>
        <kml:Data name="최신주">
          <kml:value>서울특별시 관악구 신림동 1438-1</kml:value>
        </kml:Data>
        <kml:Data name="x">
          <kml:value>126.92703705</kml:value>
        </kml:Data>
        <kml:Data name="y">
          <kml:value>37.48713672</kml:value>
        </kml:Data>
      </kml:ExtendedData>
      <kml:Point>
        <kml:coordinates>126.92703705346666,37.48713672271556</kml:coordinates>
      </kml:Point>
    </kml:Placemark>
    <kml:Placemark id="fid-60e2cf02_19f3a43cf86_-57ba">
      <kml:ExtendedData>
        <kml:Data name="fid">
          <kml:value>337</kml:value>
        </kml:Data>
        <kml:Data name="가맹사">
          <kml:value>7-ELEVEN</kml:value>
        </kml:Data>
        <kml:Data name="지점명">
          <kml:value>신림법학원점</kml:value>
        </kml:Data>
        <kml:Data name="전화번">
          <kml:value>02-882-9737</kml:value>
        </kml:Data>
        <kml:Data name="주소">
          <kml:value>서울특별시 관악구 신림로 77</kml:value>
        </kml:Data>
        <kml:Data name="매칭여">
          <kml:value>Y</kml:value>
        </kml:Data>
        <kml:Data name="최신주">
          <kml:value>서울특별시 관악구 신림동 237-6</kml:value>
        </kml:Data>
        <kml:Data name="x">
          <kml:value>126.94089599</kml:value>
        </kml:Data>
        <kml:Data name="y">
          <kml:value>37.47030445</kml:value>
        </kml:Data>
      </kml:ExtendedData>
      <kml:Point>
        <kml:coordinates>126.94089598731944,37.470304450706</kml:coordinates>
      </kml:Point>
    </kml:Placemark>
    <kml:Placemark id="fid-60e2cf02_19f3a43cf86_-57b9">
      <kml:ExtendedData>
        <kml:Data name="fid">
          <kml:value>338</kml:value>
        </kml:Data>
        <kml:Data name="가맹사">
          <kml:value>7-ELEVEN</kml:value>
        </kml:Data>
        <kml:Data name="지점명">
          <kml:value>신림역점B</kml:value>
        </kml:Data>
        <kml:Data name="전화번">
          <kml:value>02-887-5267</kml:value>
        </kml:Data>
        <kml:Data name="주소">
          <kml:value>서울특별시 관악구 신림동1641-12</kml:value>
        </kml:Data>
        <kml:Data name="매칭여">
          <kml:value>Y</kml:value>
        </kml:Data>
        <kml:Data name="최신주">
          <kml:value>서울특별시 관악구 신림동 1641-12</kml:value>
        </kml:Data>
        <kml:Data name="x">
          <kml:value>126.93011816</kml:value>
        </kml:Data>
        <kml:Data name="y">
          <kml:value>37.48295861</kml:value>
        </kml:Data>
      </kml:ExtendedData>
      <kml:Point>
        <kml:coordinates>126.930118154198,37.48295861168231</kml:coordinates>
      </kml:Point>
    </kml:Placemark>
    <kml:Placemark id="fid-60e2cf02_19f3a43cf86_-57b8">
      <kml:ExtendedData>
        <kml:Data name="fid">
          <kml:value>339</kml:value>
        </kml:Data>
        <kml:Data name="가맹사">
          <kml:value>7-ELEVEN</kml:value>
        </kml:Data>
        <kml:Data name="지점명">
          <kml:value>신림점</kml:value>
        </kml:Data>
        <kml:Data name="전화번">
          <kml:value>02-859-5780</kml:value>
        </kml:Data>
        <kml:Data name="주소">
          <kml:value>서울특별시 관악구 신림동487-4</kml:value>
        </kml:Data>
        <kml:Data name="매칭여">
          <kml:value>Y</kml:value>
        </kml:Data>
        <kml:Data name="최신주">
          <kml:value>서울특별시 관악구 신림동 487-4</kml:value>
        </kml:Data>
        <kml:Data name="x">
          <kml:value>126.92131835</kml:value>
        </kml:Data>
        <kml:Data name="y">
          <kml:value>37.48331873</kml:value>
        </kml:Data>
      </kml:ExtendedData>
      <kml:Point>
        <kml:coordinates>126.9213183507823,37.48331873011314</kml:coordinates>
      </kml:Point>
    </kml:Placemark>
    <kml:Placemark id="fid-60e2cf02_19f3a43cf86_-57b7">
      <kml:ExtendedData>
        <kml:Data name="fid">
          <kml:value>340</kml:value>
        </kml:Data>
        <kml:Data name="가맹사">
          <kml:value>7-ELEVEN</kml:value>
        </kml:Data>
        <kml:Data name="지점명">
          <kml:value>신림점B</kml:value>
        </kml:Data>
        <kml:Data name="전화번">
          <kml:value>-</kml:value>
        </kml:Data>
        <kml:Data name="주소">
          <kml:value>서울특별시 관악구 호암로24길 6벽송빌딩</kml:value>
        </kml:Data>
        <kml:Data name="매칭여">
          <kml:value>Y</kml:value>
        </kml:Data>
        <kml:Data name="최신주">
          <kml:value>서울특별시 관악구 신림동 1531-1</kml:value>
        </kml:Data>
        <kml:Data name="x">
          <kml:value>126.93355021</kml:value>
        </kml:Data>
        <kml:Data name="y">
          <kml:value>37.46990283</kml:value>
        </kml:Data>
      </kml:ExtendedData>
      <kml:Point>
        <kml:coordinates>126.93355020794932,37.469902831296714</kml:coordinates>
      </kml:Point>
    </kml:Placemark>
    <kml:Placemark id="fid-60e2cf02_19f3a43cf86_-57b6">
      <kml:ExtendedData>
        <kml:Data name="fid">
          <kml:value>341</kml:value>
        </kml:Data>
        <kml:Data name="가맹사">
          <kml:value>7-ELEVEN</kml:value>
        </kml:Data>
        <kml:Data name="지점명">
          <kml:value>신림지영점</kml:value>
        </kml:Data>
        <kml:Data name="전화번">
          <kml:value>-</kml:value>
        </kml:Data>
        <kml:Data name="주소">
          <kml:value>서울특별시 관악구 관천로 91 트윈타워1층</kml:value>
        </kml:Data>
        <kml:Data name="매칭여">
          <kml:value>Y</kml:value>
        </kml:Data>
        <kml:Data name="최신주">
          <kml:value>서울특별시 관악구 신림동 462-5</kml:value>
        </kml:Data>
        <kml:Data name="x">
          <kml:value>126.92260382</kml:value>
        </kml:Data>
        <kml:Data name="y">
          <kml:value>37.4866026</kml:value>
        </kml:Data>
      </kml:ExtendedData>
      <kml:Point>
        <kml:coordinates>126.92260382334933,37.48660260440854</kml:coordinates>
      </kml:Point>
    </kml:Placemark>
    <kml:Placemark id="fid-60e2cf02_19f3a43cf86_-57b5">
      <kml:ExtendedData>
        <kml:Data name="fid">
          <kml:value>342</kml:value>
        </kml:Data>
        <kml:Data name="가맹사">
          <kml:value>7-ELEVEN</kml:value>
        </kml:Data>
        <kml:Data name="지점명">
          <kml:value>신림패션점</kml:value>
        </kml:Data>
        <kml:Data name="전화번">
          <kml:value>-</kml:value>
        </kml:Data>
        <kml:Data name="주소">
          <kml:value>서울특별시 관악구 신림로 3731층(신림동)</kml:value>
        </kml:Data>
        <kml:Data name="매칭여">
          <kml:value>Y</kml:value>
        </kml:Data>
        <kml:Data name="최신주">
          <kml:value>서울특별시 관악구 신림동 1431-1</kml:value>
        </kml:Data>
        <kml:Data name="x">
          <kml:value>126.92854632</kml:value>
        </kml:Data>
        <kml:Data name="y">
          <kml:value>37.48741286</kml:value>
        </kml:Data>
      </kml:ExtendedData>
      <kml:Point>
        <kml:coordinates>126.92854632291629,37.48741285980401</kml:coordinates>
      </kml:Point>
    </kml:Placemark>
    <kml:Placemark id="fid-60e2cf02_19f3a43cf86_-57b4">
      <kml:ExtendedData>
        <kml:Data name="fid">
          <kml:value>343</kml:value>
        </kml:Data>
        <kml:Data name="가맹사">
          <kml:value>7-ELEVEN</kml:value>
        </kml:Data>
        <kml:Data name="지점명">
          <kml:value>신림한양점</kml:value>
        </kml:Data>
        <kml:Data name="전화번">
          <kml:value>02-859-8743</kml:value>
        </kml:Data>
        <kml:Data name="주소">
          <kml:value>서울특별시 관악구 관천로 137(신림동)</kml:value>
        </kml:Data>
        <kml:Data name="매칭여">
          <kml:value>Y</kml:value>
        </kml:Data>
        <kml:Data name="최신주">
          <kml:value>서울특별시 관악구 신림동 457-1</kml:value>
        </kml:Data>
        <kml:Data name="x">
          <kml:value>126.91968398</kml:value>
        </kml:Data>
        <kml:Data name="y">
          <kml:value>37.48907115</kml:value>
        </kml:Data>
      </kml:ExtendedData>
      <kml:Point>
        <kml:coordinates>126.91968398225102,37.48907114497282</kml:coordinates>
      </kml:Point>
    </kml:Placemark>
    <kml:Placemark id="fid-60e2cf02_19f3a43cf86_-57b3">
      <kml:ExtendedData>
        <kml:Data name="fid">
          <kml:value>344</kml:value>
        </kml:Data>
        <kml:Data name="가맹사">
          <kml:value>7-ELEVEN</kml:value>
        </kml:Data>
        <kml:Data name="지점명">
          <kml:value>신림허브그린점</kml:value>
        </kml:Data>
        <kml:Data name="전화번">
          <kml:value>010-8383-4608</kml:value>
        </kml:Data>
        <kml:Data name="주소">
          <kml:value>서울특별시 관악구 신림로 344신림동</kml:value>
        </kml:Data>
        <kml:Data name="매칭여">
          <kml:value>Y</kml:value>
        </kml:Data>
        <kml:Data name="최신주">
          <kml:value>서울특별시 관악구 신림동 1421-29</kml:value>
        </kml:Data>
        <kml:Data name="x">
          <kml:value>126.92996417</kml:value>
        </kml:Data>
        <kml:Data name="y">
          <kml:value>37.48515463</kml:value>
        </kml:Data>
      </kml:ExtendedData>
      <kml:Point>
        <kml:coordinates>126.92996417021192,37.48515463204239</kml:coordinates>
      </kml:Point>
    </kml:Placemark>
    <kml:Placemark id="fid-60e2cf02_19f3a43cf86_-57b2">
      <kml:ExtendedData>
        <kml:Data name="fid">
          <kml:value>345</kml:value>
        </kml:Data>
        <kml:Data name="가맹사">
          <kml:value>7-ELEVEN</kml:value>
        </kml:Data>
        <kml:Data name="지점명">
          <kml:value>신사시장점</kml:value>
        </kml:Data>
        <kml:Data name="전화번">
          <kml:value>02-830-6586</kml:value>
        </kml:Data>
        <kml:Data name="주소">
          <kml:value>서울특별시 관악구 남부순환로153길35 (신림동)</kml:value>
        </kml:Data>
        <kml:Data name="매칭여">
          <kml:value>Y</kml:value>
        </kml:Data>
        <kml:Data name="최신주">
          <kml:value>서울특별시 관악구 신림동 511-4</kml:value>
        </kml:Data>
        <kml:Data name="x">
          <kml:value>126.91630485</kml:value>
        </kml:Data>
        <kml:Data name="y">
          <kml:value>37.48406347</kml:value>
        </kml:Data>
      </kml:ExtendedData>
      <kml:Point>
        <kml:coordinates>126.91630484973221,37.48406347338327</kml:coordinates>
      </kml:Point>
    </kml:Placemark>
    <kml:Placemark id="fid-60e2cf02_19f3a43cf86_-57b1">
      <kml:ExtendedData>
        <kml:Data name="fid">
          <kml:value>346</kml:value>
        </kml:Data>
        <kml:Data name="가맹사">
          <kml:value>7-ELEVEN</kml:value>
        </kml:Data>
        <kml:Data name="지점명">
          <kml:value>우림난우점</kml:value>
        </kml:Data>
        <kml:Data name="전화번">
          <kml:value>02-861-4732</kml:value>
        </kml:Data>
        <kml:Data name="주소">
          <kml:value>서울특별시 관악구 난곡로24길 11층(신림동)</kml:value>
        </kml:Data>
        <kml:Data name="매칭여">
          <kml:value>Y</kml:value>
        </kml:Data>
        <kml:Data name="최신주">
          <kml:value>서울특별시 관악구 신림동 637-4</kml:value>
        </kml:Data>
        <kml:Data name="x">
          <kml:value>126.92027305</kml:value>
        </kml:Data>
        <kml:Data name="y">
          <kml:value>37.47000623</kml:value>
        </kml:Data>
      </kml:ExtendedData>
      <kml:Point>
        <kml:coordinates>126.9202730498597,37.47000622721767</kml:coordinates>
      </kml:Point>
    </kml:Placemark>
    <kml:Placemark id="fid-60e2cf02_19f3a43cf86_-57b0">
      <kml:ExtendedData>
        <kml:Data name="fid">
          <kml:value>347</kml:value>
        </kml:Data>
        <kml:Data name="가맹사">
          <kml:value>7-ELEVEN</kml:value>
        </kml:Data>
        <kml:Data name="지점명">
          <kml:value>은천로점</kml:value>
        </kml:Data>
        <kml:Data name="전화번">
          <kml:value>02-883-9211</kml:value>
        </kml:Data>
        <kml:Data name="주소">
          <kml:value>서울특별시 관악구 은천로 79-1</kml:value>
        </kml:Data>
        <kml:Data name="매칭여">
          <kml:value>Y</kml:value>
        </kml:Data>
        <kml:Data name="최신주">
          <kml:value>서울특별시 관악구 봉천동 622-147</kml:value>
        </kml:Data>
        <kml:Data name="x">
          <kml:value>126.94438891</kml:value>
        </kml:Data>
        <kml:Data name="y">
          <kml:value>37.48685771</kml:value>
        </kml:Data>
      </kml:ExtendedData>
      <kml:Point>
        <kml:coordinates>126.94438891395846,37.486857710245744</kml:coordinates>
      </kml:Point>
    </kml:Placemark>
    <kml:Placemark id="fid-60e2cf02_19f3a43cf86_-57af">
      <kml:ExtendedData>
        <kml:Data name="fid">
          <kml:value>348</kml:value>
        </kml:Data>
        <kml:Data name="가맹사">
          <kml:value>7-ELEVEN</kml:value>
        </kml:Data>
        <kml:Data name="지점명">
          <kml:value>은천점</kml:value>
        </kml:Data>
        <kml:Data name="전화번">
          <kml:value>02-871-1785</kml:value>
        </kml:Data>
        <kml:Data name="주소">
          <kml:value>서울특별시 관악구 봉천로 3351층(봉천동 950-25, 950-26)</kml:value>
        </kml:Data>
        <kml:Data name="매칭여">
          <kml:value>Y</kml:value>
        </kml:Data>
        <kml:Data name="최신주">
          <kml:value>서울특별시 관악구 봉천동 950-25</kml:value>
        </kml:Data>
        <kml:Data name="x">
          <kml:value>126.93796386</kml:value>
        </kml:Data>
        <kml:Data name="y">
          <kml:value>37.48527332</kml:value>
        </kml:Data>
      </kml:ExtendedData>
      <kml:Point>
        <kml:coordinates>126.93796385836673,37.48527332045065</kml:coordinates>
      </kml:Point>
    </kml:Placemark>
    <kml:Placemark id="fid-60e2cf02_19f3a43cf86_-57ae">
      <kml:ExtendedData>
        <kml:Data name="fid">
          <kml:value>349</kml:value>
        </kml:Data>
        <kml:Data name="가맹사">
          <kml:value>7-ELEVEN</kml:value>
        </kml:Data>
        <kml:Data name="지점명">
          <kml:value>M낙성대역점</kml:value>
        </kml:Data>
        <kml:Data name="전화번">
          <kml:value>02-871-8788</kml:value>
        </kml:Data>
        <kml:Data name="주소">
          <kml:value>서울특별시 관악구 봉천동1693-38 227-D1</kml:value>
        </kml:Data>
        <kml:Data name="매칭여">
          <kml:value>Y</kml:value>
        </kml:Data>
        <kml:Data name="최신주">
          <kml:value>서울특별시 관악구 봉천동 1693-38</kml:value>
        </kml:Data>
        <kml:Data name="x">
          <kml:value>126.95756296</kml:value>
        </kml:Data>
        <kml:Data name="y">
          <kml:value>37.47944758</kml:value>
        </kml:Data>
      </kml:ExtendedData>
      <kml:Point>
        <kml:coordinates>126.95756295727777,37.479447577381066</kml:coordinates>
      </kml:Point>
    </kml:Placemark>
    <kml:Placemark id="fid-60e2cf02_19f3a43cf86_-57ad">
      <kml:ExtendedData>
        <kml:Data name="fid">
          <kml:value>350</kml:value>
        </kml:Data>
        <kml:Data name="가맹사">
          <kml:value>MINISTOP</kml:value>
        </kml:Data>
        <kml:Data name="지점명">
          <kml:value>신림희망점</kml:value>
        </kml:Data>
        <kml:Data name="전화번">
          <kml:value>1577-9621</kml:value>
        </kml:Data>
        <kml:Data name="주소">
          <kml:value>서울특별시 관악구 대학길 65</kml:value>
        </kml:Data>
        <kml:Data name="매칭여">
          <kml:value>Y</kml:value>
        </kml:Data>
        <kml:Data name="최신주">
          <kml:value>서울특별시 관악구 신림동 252-1</kml:value>
        </kml:Data>
        <kml:Data name="x">
          <kml:value>126.93781217</kml:value>
        </kml:Data>
        <kml:Data name="y">
          <kml:value>37.46772787</kml:value>
        </kml:Data>
      </kml:ExtendedData>
      <kml:Point>
        <kml:coordinates>126.93781216913575,37.46772786674865</kml:coordinates>
      </kml:Point>
    </kml:Placemark>
    <kml:Placemark id="fid-60e2cf02_19f3a43cf86_-57ac">
      <kml:ExtendedData>
        <kml:Data name="fid">
          <kml:value>351</kml:value>
        </kml:Data>
        <kml:Data name="가맹사">
          <kml:value>MINISTOP</kml:value>
        </kml:Data>
        <kml:Data name="지점명">
          <kml:value>신림주공점</kml:value>
        </kml:Data>
        <kml:Data name="전화번">
          <kml:value>1577-9621</kml:value>
        </kml:Data>
        <kml:Data name="주소">
          <kml:value>서울특별시 관악구 광신길 210</kml:value>
        </kml:Data>
        <kml:Data name="매칭여">
          <kml:value>Y</kml:value>
        </kml:Data>
        <kml:Data name="최신주">
          <kml:value>서울특별시 관악구 신림동 1704-2</kml:value>
        </kml:Data>
        <kml:Data name="x">
          <kml:value>126.92910858</kml:value>
        </kml:Data>
        <kml:Data name="y">
          <kml:value>37.46658852</kml:value>
        </kml:Data>
      </kml:ExtendedData>
      <kml:Point>
        <kml:coordinates>126.92910858167878,37.46658851462412</kml:coordinates>
      </kml:Point>
    </kml:Placemark>
    <kml:Placemark id="fid-60e2cf02_19f3a43cf86_-57ab">
      <kml:ExtendedData>
        <kml:Data name="fid">
          <kml:value>352</kml:value>
        </kml:Data>
        <kml:Data name="가맹사">
          <kml:value>MINISTOP</kml:value>
        </kml:Data>
        <kml:Data name="지점명">
          <kml:value>관악정옥점</kml:value>
        </kml:Data>
        <kml:Data name="전화번">
          <kml:value>02-876-2010</kml:value>
        </kml:Data>
        <kml:Data name="주소">
          <kml:value>서울특별시 관악구 관악로15길 39</kml:value>
        </kml:Data>
        <kml:Data name="매칭여">
          <kml:value>Y</kml:value>
        </kml:Data>
        <kml:Data name="최신주">
          <kml:value>서울특별시 관악구 봉천동 877-1</kml:value>
        </kml:Data>
        <kml:Data name="x">
          <kml:value>126.95015634</kml:value>
        </kml:Data>
        <kml:Data name="y">
          <kml:value>37.48031915</kml:value>
        </kml:Data>
      </kml:ExtendedData>
      <kml:Point>
        <kml:coordinates>126.95015633477287,37.48031914682914</kml:coordinates>
      </kml:Point>
    </kml:Placemark>
    <kml:Placemark id="fid-60e2cf02_19f3a43cf86_-57aa">
      <kml:ExtendedData>
        <kml:Data name="fid">
          <kml:value>353</kml:value>
        </kml:Data>
        <kml:Data name="가맹사">
          <kml:value>MINISTOP</kml:value>
        </kml:Data>
        <kml:Data name="지점명">
          <kml:value>서울대입구점</kml:value>
        </kml:Data>
        <kml:Data name="전화번">
          <kml:value>1577-9621</kml:value>
        </kml:Data>
        <kml:Data name="주소">
          <kml:value>서울특별시 관악구 관악로 168, 105-1호 대우디오슈페리움2차 1층</kml:value>
        </kml:Data>
        <kml:Data name="매칭여">
          <kml:value>Y</kml:value>
        </kml:Data>
        <kml:Data name="최신주">
          <kml:value>서울특별시 관악구 봉천동 856-1</kml:value>
        </kml:Data>
        <kml:Data name="x">
          <kml:value>126.95314051</kml:value>
        </kml:Data>
        <kml:Data name="y">
          <kml:value>37.48026799</kml:value>
        </kml:Data>
      </kml:ExtendedData>
      <kml:Point>
        <kml:coordinates>126.95314050818214,37.480267994170084</kml:coordinates>
      </kml:Point>
    </kml:Placemark>
    <kml:Placemark id="fid-60e2cf02_19f3a43cf86_-57a9">
      <kml:ExtendedData>
        <kml:Data name="fid">
          <kml:value>354</kml:value>
        </kml:Data>
        <kml:Data name="가맹사">
          <kml:value>MINISTOP</kml:value>
        </kml:Data>
        <kml:Data name="지점명">
          <kml:value>신림양지점</kml:value>
        </kml:Data>
        <kml:Data name="전화번">
          <kml:value>1577-9621</kml:value>
        </kml:Data>
        <kml:Data name="주소">
          <kml:value>서울특별시 관악구 신림로68길 10</kml:value>
        </kml:Data>
        <kml:Data name="매칭여">
          <kml:value>Y</kml:value>
        </kml:Data>
        <kml:Data name="최신주">
          <kml:value>서울특별시 관악구 신림동 1424-4</kml:value>
        </kml:Data>
        <kml:Data name="x">
          <kml:value>126.92991618</kml:value>
        </kml:Data>
        <kml:Data name="y">
          <kml:value>37.48643716</kml:value>
        </kml:Data>
      </kml:ExtendedData>
      <kml:Point>
        <kml:coordinates>126.92991618042043,37.48643715801148</kml:coordinates>
      </kml:Point>
    </kml:Placemark>
    <kml:Placemark id="fid-60e2cf02_19f3a43cf86_-57a8">
      <kml:ExtendedData>
        <kml:Data name="fid">
          <kml:value>355</kml:value>
        </kml:Data>
        <kml:Data name="가맹사">
          <kml:value>MINISTOP</kml:value>
        </kml:Data>
        <kml:Data name="지점명">
          <kml:value>봉천남부점</kml:value>
        </kml:Data>
        <kml:Data name="전화번">
          <kml:value>1577-9621</kml:value>
        </kml:Data>
        <kml:Data name="주소">
          <kml:value>서울특별시 관악구 남부순환로 1716 (봉천동,은혜빌딩)</kml:value>
        </kml:Data>
        <kml:Data name="매칭여">
          <kml:value>Y</kml:value>
        </kml:Data>
        <kml:Data name="최신주">
          <kml:value>서울특별시 관악구 봉천동 930-39</kml:value>
        </kml:Data>
        <kml:Data name="x">
          <kml:value>126.94059272</kml:value>
        </kml:Data>
        <kml:Data name="y">
          <kml:value>37.48253888</kml:value>
        </kml:Data>
      </kml:ExtendedData>
      <kml:Point>
        <kml:coordinates>126.9405927149369,37.4825388836835</kml:coordinates>
      </kml:Point>
    </kml:Placemark>
    <kml:Placemark id="fid-60e2cf02_19f3a43cf86_-57a7">
      <kml:ExtendedData>
        <kml:Data name="fid">
          <kml:value>356</kml:value>
        </kml:Data>
        <kml:Data name="가맹사">
          <kml:value>MINISTOP</kml:value>
        </kml:Data>
        <kml:Data name="지점명">
          <kml:value>신림신사점</kml:value>
        </kml:Data>
        <kml:Data name="전화번">
          <kml:value>1577-9621</kml:value>
        </kml:Data>
        <kml:Data name="주소">
          <kml:value>서울특별시 관악구 난곡로78길 26 (신림동)</kml:value>
        </kml:Data>
        <kml:Data name="매칭여">
          <kml:value>Y</kml:value>
        </kml:Data>
        <kml:Data name="최신주">
          <kml:value>서울특별시 관악구 신림동 500-1</kml:value>
        </kml:Data>
        <kml:Data name="x">
          <kml:value>126.91499259</kml:value>
        </kml:Data>
        <kml:Data name="y">
          <kml:value>37.48683119</kml:value>
        </kml:Data>
      </kml:ExtendedData>
      <kml:Point>
        <kml:coordinates>126.91499259099048,37.48683118841937</kml:coordinates>
      </kml:Point>
    </kml:Placemark>
    <kml:Placemark id="fid-60e2cf02_19f3a43cf86_-57a6">
      <kml:ExtendedData>
        <kml:Data name="fid">
          <kml:value>357</kml:value>
        </kml:Data>
        <kml:Data name="가맹사">
          <kml:value>MINISTOP</kml:value>
        </kml:Data>
        <kml:Data name="지점명">
          <kml:value>보라매점</kml:value>
        </kml:Data>
        <kml:Data name="전화번">
          <kml:value>1577-9621</kml:value>
        </kml:Data>
        <kml:Data name="주소">
          <kml:value>서울특별시 관악구 봉천로 214</kml:value>
        </kml:Data>
        <kml:Data name="매칭여">
          <kml:value>Y</kml:value>
        </kml:Data>
        <kml:Data name="최신주">
          <kml:value>서울특별시 관악구 신림동 1444-1</kml:value>
        </kml:Data>
        <kml:Data name="x">
          <kml:value>126.92526281</kml:value>
        </kml:Data>
        <kml:Data name="y">
          <kml:value>37.48964434</kml:value>
        </kml:Data>
      </kml:ExtendedData>
      <kml:Point>
        <kml:coordinates>126.92526280849502,37.4896443416858</kml:coordinates>
      </kml:Point>
    </kml:Placemark>
    <kml:Placemark id="fid-60e2cf02_19f3a43cf86_-57a5">
      <kml:ExtendedData>
        <kml:Data name="fid">
          <kml:value>358</kml:value>
        </kml:Data>
        <kml:Data name="가맹사">
          <kml:value>MINISTOP</kml:value>
        </kml:Data>
        <kml:Data name="지점명">
          <kml:value>신대방역점</kml:value>
        </kml:Data>
        <kml:Data name="전화번">
          <kml:value>1577-9621</kml:value>
        </kml:Data>
        <kml:Data name="주소">
          <kml:value>서울특별시 관악구 난곡로 348, 1층</kml:value>
        </kml:Data>
        <kml:Data name="매칭여">
          <kml:value>Y</kml:value>
        </kml:Data>
        <kml:Data name="최신주">
          <kml:value>서울특별시 관악구 신림동 514-20</kml:value>
        </kml:Data>
        <kml:Data name="x">
          <kml:value>126.91411223</kml:value>
        </kml:Data>
        <kml:Data name="y">
          <kml:value>37.48505172</kml:value>
        </kml:Data>
      </kml:ExtendedData>
      <kml:Point>
        <kml:coordinates>126.91411222854931,37.48505172133306</kml:coordinates>
      </kml:Point>
    </kml:Placemark>
    <kml:Placemark id="fid-60e2cf02_19f3a43cf86_-57a4">
      <kml:ExtendedData>
        <kml:Data name="fid">
          <kml:value>359</kml:value>
        </kml:Data>
        <kml:Data name="가맹사">
          <kml:value>MINISTOP</kml:value>
        </kml:Data>
        <kml:Data name="지점명">
          <kml:value>신림푸리마점</kml:value>
        </kml:Data>
        <kml:Data name="전화번">
          <kml:value>1577-9621</kml:value>
        </kml:Data>
        <kml:Data name="주소">
          <kml:value>서울특별시 관악구 남부순환로 1590-11</kml:value>
        </kml:Data>
        <kml:Data name="매칭여">
          <kml:value>Y</kml:value>
        </kml:Data>
        <kml:Data name="최신주">
          <kml:value>서울특별시 관악구 신림동 1639-49</kml:value>
        </kml:Data>
        <kml:Data name="x">
          <kml:value>126.92768747</kml:value>
        </kml:Data>
        <kml:Data name="y">
          <kml:value>37.48339323</kml:value>
        </kml:Data>
      </kml:ExtendedData>
      <kml:Point>
        <kml:coordinates>126.92768746732214,37.48339322723251</kml:coordinates>
      </kml:Point>
    </kml:Placemark>
    <kml:Placemark id="fid-60e2cf02_19f3a43cf86_-57a3">
      <kml:ExtendedData>
        <kml:Data name="fid">
          <kml:value>360</kml:value>
        </kml:Data>
        <kml:Data name="가맹사">
          <kml:value>MINISTOP</kml:value>
        </kml:Data>
        <kml:Data name="지점명">
          <kml:value>신림고시촌점</kml:value>
        </kml:Data>
        <kml:Data name="전화번">
          <kml:value>1577-9621</kml:value>
        </kml:Data>
        <kml:Data name="주소">
          <kml:value>서울특별시 관악구 호암로26길 53</kml:value>
        </kml:Data>
        <kml:Data name="매칭여">
          <kml:value>Y</kml:value>
        </kml:Data>
        <kml:Data name="최신주">
          <kml:value>서울특별시 관악구 신림동 1515-3</kml:value>
        </kml:Data>
        <kml:Data name="x">
          <kml:value>126.93659822</kml:value>
        </kml:Data>
        <kml:Data name="y">
          <kml:value>37.47044893</kml:value>
        </kml:Data>
      </kml:ExtendedData>
      <kml:Point>
        <kml:coordinates>126.93659822105957,37.47044892451855</kml:coordinates>
      </kml:Point>
    </kml:Placemark>
    <kml:Placemark id="fid-60e2cf02_19f3a43cf86_-57a2">
      <kml:ExtendedData>
        <kml:Data name="fid">
          <kml:value>361</kml:value>
        </kml:Data>
        <kml:Data name="가맹사">
          <kml:value>MINISTOP</kml:value>
        </kml:Data>
        <kml:Data name="지점명">
          <kml:value>신림본점</kml:value>
        </kml:Data>
        <kml:Data name="전화번">
          <kml:value>02-873-2131</kml:value>
        </kml:Data>
        <kml:Data name="주소">
          <kml:value>서울특별시 관악구 신림로 270</kml:value>
        </kml:Data>
        <kml:Data name="매칭여">
          <kml:value>Y</kml:value>
        </kml:Data>
        <kml:Data name="최신주">
          <kml:value>서울특별시 관악구 신림동 1641-99</kml:value>
        </kml:Data>
        <kml:Data name="x">
          <kml:value>126.93218211</kml:value>
        </kml:Data>
        <kml:Data name="y">
          <kml:value>37.47900325</kml:value>
        </kml:Data>
      </kml:ExtendedData>
      <kml:Point>
        <kml:coordinates>126.93218210628625,37.479003247495086</kml:coordinates>
      </kml:Point>
    </kml:Placemark>
    <kml:Placemark id="fid-60e2cf02_19f3a43cf86_-57a1">
      <kml:ExtendedData>
        <kml:Data name="fid">
          <kml:value>362</kml:value>
        </kml:Data>
        <kml:Data name="가맹사">
          <kml:value>MINISTOP</kml:value>
        </kml:Data>
        <kml:Data name="지점명">
          <kml:value>봉천역점</kml:value>
        </kml:Data>
        <kml:Data name="전화번">
          <kml:value>02-875-8850</kml:value>
        </kml:Data>
        <kml:Data name="주소">
          <kml:value>서울특별시 관악구 남부순환로 1715</kml:value>
        </kml:Data>
        <kml:Data name="매칭여">
          <kml:value>Y</kml:value>
        </kml:Data>
        <kml:Data name="최신주">
          <kml:value>서울특별시 관악구 봉천동 931-8</kml:value>
        </kml:Data>
        <kml:Data name="x">
          <kml:value>126.94089836</kml:value>
        </kml:Data>
        <kml:Data name="y">
          <kml:value>37.4830478</kml:value>
        </kml:Data>
      </kml:ExtendedData>
      <kml:Point>
        <kml:coordinates>126.94089836281445,37.483047802304924</kml:coordinates>
      </kml:Point>
    </kml:Placemark>
    <kml:Placemark id="fid-60e2cf02_19f3a43cf86_-57a0">
      <kml:ExtendedData>
        <kml:Data name="fid">
          <kml:value>363</kml:value>
        </kml:Data>
        <kml:Data name="가맹사">
          <kml:value>CSPACE</kml:value>
        </kml:Data>
        <kml:Data name="지점명">
          <kml:value>구로공단점</kml:value>
        </kml:Data>
        <kml:Data name="전화번">
          <kml:value>-</kml:value>
        </kml:Data>
        <kml:Data name="주소">
          <kml:value>서울특별시 관악구 조원로 6 (신림동)</kml:value>
        </kml:Data>
        <kml:Data name="매칭여">
          <kml:value>Y</kml:value>
        </kml:Data>
        <kml:Data name="최신주">
          <kml:value>서울특별시 관악구 신림동 1655-2</kml:value>
        </kml:Data>
        <kml:Data name="x">
          <kml:value>126.90271557</kml:value>
        </kml:Data>
        <kml:Data name="y">
          <kml:value>37.48337595</kml:value>
        </kml:Data>
      </kml:ExtendedData>
      <kml:Point>
        <kml:coordinates>126.90271556736164,37.48337594698066</kml:coordinates>
      </kml:Point>
    </kml:Placemark>
    <kml:Placemark id="fid-60e2cf02_19f3a43cf86_-579f">
      <kml:ExtendedData>
        <kml:Data name="fid">
          <kml:value>364</kml:value>
        </kml:Data>
        <kml:Data name="가맹사">
          <kml:value>이마트24</kml:value>
        </kml:Data>
        <kml:Data name="지점명">
          <kml:value>관악국회단지점</kml:value>
        </kml:Data>
        <kml:Data name="전화번">
          <kml:value>02-6916-1500</kml:value>
        </kml:Data>
        <kml:Data name="주소">
          <kml:value>서울특별시 관악구 국회단지길 14 (봉천동)</kml:value>
        </kml:Data>
        <kml:Data name="매칭여">
          <kml:value>Y</kml:value>
        </kml:Data>
        <kml:Data name="최신주">
          <kml:value>서울특별시 관악구 봉천동 939-15</kml:value>
        </kml:Data>
        <kml:Data name="x">
          <kml:value>126.93965848</kml:value>
        </kml:Data>
        <kml:Data name="y">
          <kml:value>37.48684556</kml:value>
        </kml:Data>
      </kml:ExtendedData>
      <kml:Point>
        <kml:coordinates>126.93965847710668,37.48684555986357</kml:coordinates>
      </kml:Point>
    </kml:Placemark>
    <kml:Placemark id="fid-60e2cf02_19f3a43cf86_-579e">
      <kml:ExtendedData>
        <kml:Data name="fid">
          <kml:value>365</kml:value>
        </kml:Data>
        <kml:Data name="가맹사">
          <kml:value>이마트24</kml:value>
        </kml:Data>
        <kml:Data name="지점명">
          <kml:value>관악까치점</kml:value>
        </kml:Data>
        <kml:Data name="전화번">
          <kml:value>02-6916-1500</kml:value>
        </kml:Data>
        <kml:Data name="주소">
          <kml:value>서울특별시 관악구 행운길 21 (봉천동)</kml:value>
        </kml:Data>
        <kml:Data name="매칭여">
          <kml:value>Y</kml:value>
        </kml:Data>
        <kml:Data name="최신주">
          <kml:value>서울특별시 관악구 봉천동 1675-1</kml:value>
        </kml:Data>
        <kml:Data name="x">
          <kml:value>126.95917636</kml:value>
        </kml:Data>
        <kml:Data name="y">
          <kml:value>37.48008817</kml:value>
        </kml:Data>
      </kml:ExtendedData>
      <kml:Point>
        <kml:coordinates>126.95917635684403,37.48008816688387</kml:coordinates>
      </kml:Point>
    </kml:Placemark>
    <kml:Placemark id="fid-60e2cf02_19f3a43cf86_-579d">
      <kml:ExtendedData>
        <kml:Data name="fid">
          <kml:value>366</kml:value>
        </kml:Data>
        <kml:Data name="가맹사">
          <kml:value>이마트24</kml:value>
        </kml:Data>
        <kml:Data name="지점명">
          <kml:value>관악난곡점</kml:value>
        </kml:Data>
        <kml:Data name="전화번">
          <kml:value>02-6916-1500</kml:value>
        </kml:Data>
        <kml:Data name="주소">
          <kml:value>서울특별시 관악구 난곡로24나길 2 (신림동)</kml:value>
        </kml:Data>
        <kml:Data name="매칭여">
          <kml:value>Y</kml:value>
        </kml:Data>
        <kml:Data name="최신주">
          <kml:value>서울특별시 관악구 신림동 649</kml:value>
        </kml:Data>
        <kml:Data name="x">
          <kml:value>126.92128065</kml:value>
        </kml:Data>
        <kml:Data name="y">
          <kml:value>37.46933634</kml:value>
        </kml:Data>
      </kml:ExtendedData>
      <kml:Point>
        <kml:coordinates>126.92128065229278,37.46933633917793</kml:coordinates>
      </kml:Point>
    </kml:Placemark>
    <kml:Placemark id="fid-60e2cf02_19f3a43cf86_-579c">
      <kml:ExtendedData>
        <kml:Data name="fid">
          <kml:value>367</kml:value>
        </kml:Data>
        <kml:Data name="가맹사">
          <kml:value>이마트24</kml:value>
        </kml:Data>
        <kml:Data name="지점명">
          <kml:value>관악난향점</kml:value>
        </kml:Data>
        <kml:Data name="전화번">
          <kml:value>02-866-9741</kml:value>
        </kml:Data>
        <kml:Data name="주소">
          <kml:value>서울특별시 관악구 난곡로 60 산타플러스B102,103</kml:value>
        </kml:Data>
        <kml:Data name="매칭여">
          <kml:value>Y</kml:value>
        </kml:Data>
        <kml:Data name="최신주">
          <kml:value>서울특별시 관악구 신림동 1735-7</kml:value>
        </kml:Data>
        <kml:Data name="x">
          <kml:value>126.91936796</kml:value>
        </kml:Data>
        <kml:Data name="y">
          <kml:value>37.46077458</kml:value>
        </kml:Data>
      </kml:ExtendedData>
      <kml:Point>
        <kml:coordinates>126.91936796085137,37.46077457871919</kml:coordinates>
      </kml:Point>
    </kml:Placemark>
    <kml:Placemark id="fid-60e2cf02_19f3a43cf86_-579b">
      <kml:ExtendedData>
        <kml:Data name="fid">
          <kml:value>368</kml:value>
        </kml:Data>
        <kml:Data name="가맹사">
          <kml:value>이마트24</kml:value>
        </kml:Data>
        <kml:Data name="지점명">
          <kml:value>관악남부점</kml:value>
        </kml:Data>
        <kml:Data name="전화번">
          <kml:value>02-6916-1500</kml:value>
        </kml:Data>
        <kml:Data name="주소">
          <kml:value>서울특별시 관악구 남부순환로172길 13</kml:value>
        </kml:Data>
        <kml:Data name="매칭여">
          <kml:value>Y</kml:value>
        </kml:Data>
        <kml:Data name="최신주">
          <kml:value>서울특별시 관악구 신림동 1585-5</kml:value>
        </kml:Data>
        <kml:Data name="x">
          <kml:value>126.92520997</kml:value>
        </kml:Data>
        <kml:Data name="y">
          <kml:value>37.48306909</kml:value>
        </kml:Data>
      </kml:ExtendedData>
      <kml:Point>
        <kml:coordinates>126.92520996697371,37.48306909056291</kml:coordinates>
      </kml:Point>
    </kml:Placemark>
    <kml:Placemark id="fid-60e2cf02_19f3a43cf86_-579a">
      <kml:ExtendedData>
        <kml:Data name="fid">
          <kml:value>369</kml:value>
        </kml:Data>
        <kml:Data name="가맹사">
          <kml:value>이마트24</kml:value>
        </kml:Data>
        <kml:Data name="지점명">
          <kml:value>관악미성점</kml:value>
        </kml:Data>
        <kml:Data name="전화번">
          <kml:value>02-6916-1500</kml:value>
        </kml:Data>
        <kml:Data name="주소">
          <kml:value>서울특별시 관악구 난곡로43길 31 1층</kml:value>
        </kml:Data>
        <kml:Data name="매칭여">
          <kml:value>Y</kml:value>
        </kml:Data>
        <kml:Data name="최신주">
          <kml:value>서울특별시 관악구 신림동 750-45</kml:value>
        </kml:Data>
        <kml:Data name="x">
          <kml:value>126.91420324</kml:value>
        </kml:Data>
        <kml:Data name="y">
          <kml:value>37.47567058</kml:value>
        </kml:Data>
      </kml:ExtendedData>
      <kml:Point>
        <kml:coordinates>126.91420324299216,37.475670575975705</kml:coordinates>
      </kml:Point>
    </kml:Placemark>
    <kml:Placemark id="fid-60e2cf02_19f3a43cf86_-5799">
      <kml:ExtendedData>
        <kml:Data name="fid">
          <kml:value>370</kml:value>
        </kml:Data>
        <kml:Data name="가맹사">
          <kml:value>이마트24</kml:value>
        </kml:Data>
        <kml:Data name="지점명">
          <kml:value>관악보라매점</kml:value>
        </kml:Data>
        <kml:Data name="전화번">
          <kml:value>02-6916-1500</kml:value>
        </kml:Data>
        <kml:Data name="주소">
          <kml:value>서울특별시 관악구 봉천로 275</kml:value>
        </kml:Data>
        <kml:Data name="매칭여">
          <kml:value>Y</kml:value>
        </kml:Data>
        <kml:Data name="최신주">
          <kml:value>서울특별시 관악구 봉천동 968-44</kml:value>
        </kml:Data>
        <kml:Data name="x">
          <kml:value>126.9319854</kml:value>
        </kml:Data>
        <kml:Data name="y">
          <kml:value>37.487964</kml:value>
        </kml:Data>
      </kml:ExtendedData>
      <kml:Point>
        <kml:coordinates>126.93198540216727,37.48796400168836</kml:coordinates>
      </kml:Point>
    </kml:Placemark>
    <kml:Placemark id="fid-60e2cf02_19f3a43cf86_-5798">
      <kml:ExtendedData>
        <kml:Data name="fid">
          <kml:value>371</kml:value>
        </kml:Data>
        <kml:Data name="가맹사">
          <kml:value>이마트24</kml:value>
        </kml:Data>
        <kml:Data name="지점명">
          <kml:value>관악신림점</kml:value>
        </kml:Data>
        <kml:Data name="전화번">
          <kml:value>02-863-8180</kml:value>
        </kml:Data>
        <kml:Data name="주소">
          <kml:value>서울특별시 관악구 신원로 10</kml:value>
        </kml:Data>
        <kml:Data name="매칭여">
          <kml:value>Y</kml:value>
        </kml:Data>
        <kml:Data name="최신주">
          <kml:value>서울특별시 관악구 신림동 1636-61</kml:value>
        </kml:Data>
        <kml:Data name="x">
          <kml:value>126.92810032</kml:value>
        </kml:Data>
        <kml:Data name="y">
          <kml:value>37.48032133</kml:value>
        </kml:Data>
      </kml:ExtendedData>
      <kml:Point>
        <kml:coordinates>126.92810031969306,37.48032133320621</kml:coordinates>
      </kml:Point>
    </kml:Placemark>
    <kml:Placemark id="fid-60e2cf02_19f3a43cf86_-5797">
      <kml:ExtendedData>
        <kml:Data name="fid">
          <kml:value>372</kml:value>
        </kml:Data>
        <kml:Data name="가맹사">
          <kml:value>이마트24</kml:value>
        </kml:Data>
        <kml:Data name="지점명">
          <kml:value>관악신사점</kml:value>
        </kml:Data>
        <kml:Data name="전화번">
          <kml:value>02-6916-1500</kml:value>
        </kml:Data>
        <kml:Data name="주소">
          <kml:value>서울특별시 관악구 관천로11길 87 (신림동 영광빌딩)</kml:value>
        </kml:Data>
        <kml:Data name="매칭여">
          <kml:value>Y</kml:value>
        </kml:Data>
        <kml:Data name="최신주">
          <kml:value>서울특별시 관악구 신림동 487-12</kml:value>
        </kml:Data>
        <kml:Data name="x">
          <kml:value>126.92008828</kml:value>
        </kml:Data>
        <kml:Data name="y">
          <kml:value>37.48338647</kml:value>
        </kml:Data>
      </kml:ExtendedData>
      <kml:Point>
        <kml:coordinates>126.92008828444948,37.483386471299994</kml:coordinates>
      </kml:Point>
    </kml:Placemark>
    <kml:Placemark id="fid-60e2cf02_19f3a43cf86_-5796">
      <kml:ExtendedData>
        <kml:Data name="fid">
          <kml:value>373</kml:value>
        </kml:Data>
        <kml:Data name="가맹사">
          <kml:value>이마트24</kml:value>
        </kml:Data>
        <kml:Data name="지점명">
          <kml:value>관악신원점</kml:value>
        </kml:Data>
        <kml:Data name="전화번">
          <kml:value>02-6916-1500</kml:value>
        </kml:Data>
        <kml:Data name="주소">
          <kml:value>서울특별시 관악구 남부순환로170길 49 (신림동)</kml:value>
        </kml:Data>
        <kml:Data name="매칭여">
          <kml:value>Y</kml:value>
        </kml:Data>
        <kml:Data name="최신주">
          <kml:value>서울특별시 관악구 신림동 1583-1</kml:value>
        </kml:Data>
        <kml:Data name="x">
          <kml:value>126.92375433</kml:value>
        </kml:Data>
        <kml:Data name="y">
          <kml:value>37.48141365</kml:value>
        </kml:Data>
      </kml:ExtendedData>
      <kml:Point>
        <kml:coordinates>126.92375432563351,37.48141364612946</kml:coordinates>
      </kml:Point>
    </kml:Placemark>
    <kml:Placemark id="fid-60e2cf02_19f3a43cf86_-5795">
      <kml:ExtendedData>
        <kml:Data name="fid">
          <kml:value>374</kml:value>
        </kml:Data>
        <kml:Data name="가맹사">
          <kml:value>이마트24</kml:value>
        </kml:Data>
        <kml:Data name="지점명">
          <kml:value>관악은천점</kml:value>
        </kml:Data>
        <kml:Data name="전화번">
          <kml:value>070-7700-2251</kml:value>
        </kml:Data>
        <kml:Data name="주소">
          <kml:value>서울특별시 관악구 은천로25길 7 (봉천동)</kml:value>
        </kml:Data>
        <kml:Data name="매칭여">
          <kml:value>Y</kml:value>
        </kml:Data>
        <kml:Data name="최신주">
          <kml:value>서울특별시 관악구 봉천동 466-75</kml:value>
        </kml:Data>
        <kml:Data name="x">
          <kml:value>126.94894131</kml:value>
        </kml:Data>
        <kml:Data name="y">
          <kml:value>37.48712538</kml:value>
        </kml:Data>
      </kml:ExtendedData>
      <kml:Point>
        <kml:coordinates>126.94894131406532,37.48712538339084</kml:coordinates>
      </kml:Point>
    </kml:Placemark>
    <kml:Placemark id="fid-60e2cf02_19f3a43cf86_-5794">
      <kml:ExtendedData>
        <kml:Data name="fid">
          <kml:value>375</kml:value>
        </kml:Data>
        <kml:Data name="가맹사">
          <kml:value>이마트24</kml:value>
        </kml:Data>
        <kml:Data name="지점명">
          <kml:value>관악조원점</kml:value>
        </kml:Data>
        <kml:Data name="전화번">
          <kml:value>02-6916-1500</kml:value>
        </kml:Data>
        <kml:Data name="주소">
          <kml:value>서울특별시 관악구 조원로 79 (신림동)</kml:value>
        </kml:Data>
        <kml:Data name="매칭여">
          <kml:value>Y</kml:value>
        </kml:Data>
        <kml:Data name="최신주">
          <kml:value>서울특별시 관악구 신림동 535-13</kml:value>
        </kml:Data>
        <kml:Data name="x">
          <kml:value>126.91116885</kml:value>
        </kml:Data>
        <kml:Data name="y">
          <kml:value>37.4844758</kml:value>
        </kml:Data>
      </kml:ExtendedData>
      <kml:Point>
        <kml:coordinates>126.91116885132912,37.48447580281693</kml:coordinates>
      </kml:Point>
    </kml:Placemark>
    <kml:Placemark id="fid-60e2cf02_19f3a43cf86_-5793">
      <kml:ExtendedData>
        <kml:Data name="fid">
          <kml:value>376</kml:value>
        </kml:Data>
        <kml:Data name="가맹사">
          <kml:value>이마트24</kml:value>
        </kml:Data>
        <kml:Data name="지점명">
          <kml:value>관악조은점</kml:value>
        </kml:Data>
        <kml:Data name="전화번">
          <kml:value>02-2645-4573</kml:value>
        </kml:Data>
        <kml:Data name="주소">
          <kml:value>서울특별시 관악구 신림로28길 25 (신림동)</kml:value>
        </kml:Data>
        <kml:Data name="매칭여">
          <kml:value>Y</kml:value>
        </kml:Data>
        <kml:Data name="최신주">
          <kml:value>서울특별시 관악구 신림동 838-18</kml:value>
        </kml:Data>
        <kml:Data name="x">
          <kml:value>126.93526369</kml:value>
        </kml:Data>
        <kml:Data name="y">
          <kml:value>37.47280035</kml:value>
        </kml:Data>
      </kml:ExtendedData>
      <kml:Point>
        <kml:coordinates>126.93526369363917,37.47280035233289</kml:coordinates>
      </kml:Point>
    </kml:Placemark>
    <kml:Placemark id="fid-60e2cf02_19f3a43cf86_-5792">
      <kml:ExtendedData>
        <kml:Data name="fid">
          <kml:value>377</kml:value>
        </kml:Data>
        <kml:Data name="가맹사">
          <kml:value>이마트24</kml:value>
        </kml:Data>
        <kml:Data name="지점명">
          <kml:value>관악중앙점</kml:value>
        </kml:Data>
        <kml:Data name="전화번">
          <kml:value>02-6916-1500</kml:value>
        </kml:Data>
        <kml:Data name="주소">
          <kml:value>서울특별시 관악구 관악로8길 32 (봉천동)</kml:value>
        </kml:Data>
        <kml:Data name="매칭여">
          <kml:value>Y</kml:value>
        </kml:Data>
        <kml:Data name="최신주">
          <kml:value>서울특별시 관악구 봉천동 1616-1</kml:value>
        </kml:Data>
        <kml:Data name="x">
          <kml:value>126.95453072</kml:value>
        </kml:Data>
        <kml:Data name="y">
          <kml:value>37.47555791</kml:value>
        </kml:Data>
      </kml:ExtendedData>
      <kml:Point>
        <kml:coordinates>126.9545307185433,37.47555791228581</kml:coordinates>
      </kml:Point>
    </kml:Placemark>
    <kml:Placemark id="fid-60e2cf02_19f3a43cf86_-5791">
      <kml:ExtendedData>
        <kml:Data name="fid">
          <kml:value>378</kml:value>
        </kml:Data>
        <kml:Data name="가맹사">
          <kml:value>이마트24</kml:value>
        </kml:Data>
        <kml:Data name="지점명">
          <kml:value>관악청림점</kml:value>
        </kml:Data>
        <kml:Data name="전화번">
          <kml:value>02-6916-1500</kml:value>
        </kml:Data>
        <kml:Data name="주소">
          <kml:value>서울특별시 관악구 청림2길 37-5</kml:value>
        </kml:Data>
        <kml:Data name="매칭여">
          <kml:value>Y</kml:value>
        </kml:Data>
        <kml:Data name="최신주">
          <kml:value>서울특별시 관악구 봉천동 15-47</kml:value>
        </kml:Data>
        <kml:Data name="x">
          <kml:value>126.9583523</kml:value>
        </kml:Data>
        <kml:Data name="y">
          <kml:value>37.4867679</kml:value>
        </kml:Data>
      </kml:ExtendedData>
      <kml:Point>
        <kml:coordinates>126.95835230239346,37.48676789846541</kml:coordinates>
      </kml:Point>
    </kml:Placemark>
    <kml:Placemark id="fid-60e2cf02_19f3a43cf86_-5790">
      <kml:ExtendedData>
        <kml:Data name="fid">
          <kml:value>379</kml:value>
        </kml:Data>
        <kml:Data name="가맹사">
          <kml:value>이마트24</kml:value>
        </kml:Data>
        <kml:Data name="지점명">
          <kml:value>관악하이점</kml:value>
        </kml:Data>
        <kml:Data name="전화번">
          <kml:value>02-6916-1500</kml:value>
        </kml:Data>
        <kml:Data name="주소">
          <kml:value>서울특별시 관악구 남부순환로194길 43 103동B02</kml:value>
        </kml:Data>
        <kml:Data name="매칭여">
          <kml:value>Y</kml:value>
        </kml:Data>
        <kml:Data name="최신주">
          <kml:value>서울특별시 관악구 신림동 1741</kml:value>
        </kml:Data>
        <kml:Data name="x">
          <kml:value>126.93507809</kml:value>
        </kml:Data>
        <kml:Data name="y">
          <kml:value>37.48286161</kml:value>
        </kml:Data>
      </kml:ExtendedData>
      <kml:Point>
        <kml:coordinates>126.93507809298285,37.482861611231804</kml:coordinates>
      </kml:Point>
    </kml:Placemark>
    <kml:Placemark id="fid-60e2cf02_19f3a43cf86_-578f">
      <kml:ExtendedData>
        <kml:Data name="fid">
          <kml:value>380</kml:value>
        </kml:Data>
        <kml:Data name="가맹사">
          <kml:value>이마트24</kml:value>
        </kml:Data>
        <kml:Data name="지점명">
          <kml:value>관악햇살점</kml:value>
        </kml:Data>
        <kml:Data name="전화번">
          <kml:value>02-6916-1500</kml:value>
        </kml:Data>
        <kml:Data name="주소">
          <kml:value>서울특별시 관악구 법원단지5길 5</kml:value>
        </kml:Data>
        <kml:Data name="매칭여">
          <kml:value>Y</kml:value>
        </kml:Data>
        <kml:Data name="최신주">
          <kml:value>서울특별시 관악구 신림동 608-18</kml:value>
        </kml:Data>
        <kml:Data name="x">
          <kml:value>126.91939599</kml:value>
        </kml:Data>
        <kml:Data name="y">
          <kml:value>37.47459968</kml:value>
        </kml:Data>
      </kml:ExtendedData>
      <kml:Point>
        <kml:coordinates>126.91939599119867,37.47459967741094</kml:coordinates>
      </kml:Point>
    </kml:Placemark>
    <kml:Placemark id="fid-60e2cf02_19f3a43cf86_-578e">
      <kml:ExtendedData>
        <kml:Data name="fid">
          <kml:value>381</kml:value>
        </kml:Data>
        <kml:Data name="가맹사">
          <kml:value>이마트24</kml:value>
        </kml:Data>
        <kml:Data name="지점명">
          <kml:value>관악행운점</kml:value>
        </kml:Data>
        <kml:Data name="전화번">
          <kml:value>02-877-4742</kml:value>
        </kml:Data>
        <kml:Data name="주소">
          <kml:value>서울특별시 관악구 봉천로53길 12 (봉천동)</kml:value>
        </kml:Data>
        <kml:Data name="매칭여">
          <kml:value>Y</kml:value>
        </kml:Data>
        <kml:Data name="최신주">
          <kml:value>서울특별시 관악구 봉천동 1667-84</kml:value>
        </kml:Data>
        <kml:Data name="x">
          <kml:value>126.95435754</kml:value>
        </kml:Data>
        <kml:Data name="y">
          <kml:value>37.48232991</kml:value>
        </kml:Data>
      </kml:ExtendedData>
      <kml:Point>
        <kml:coordinates>126.95435754191357,37.48232991048212</kml:coordinates>
      </kml:Point>
    </kml:Placemark>
    <kml:Placemark id="fid-60e2cf02_19f3a43cf86_-578d">
      <kml:ExtendedData>
        <kml:Data name="fid">
          <kml:value>382</kml:value>
        </kml:Data>
        <kml:Data name="가맹사">
          <kml:value>이마트24</kml:value>
        </kml:Data>
        <kml:Data name="지점명">
          <kml:value>관악KS타워점</kml:value>
        </kml:Data>
        <kml:Data name="전화번">
          <kml:value>02-6916-1500</kml:value>
        </kml:Data>
        <kml:Data name="주소">
          <kml:value>서울특별시 관악구 양녕로 5</kml:value>
        </kml:Data>
        <kml:Data name="매칭여">
          <kml:value>Y</kml:value>
        </kml:Data>
        <kml:Data name="최신주">
          <kml:value>서울특별시 관악구 봉천동 912-1</kml:value>
        </kml:Data>
        <kml:Data name="x">
          <kml:value>126.94618439</kml:value>
        </kml:Data>
        <kml:Data name="y">
          <kml:value>37.48248746</kml:value>
        </kml:Data>
      </kml:ExtendedData>
      <kml:Point>
        <kml:coordinates>126.94618438474205,37.482487460015264</kml:coordinates>
      </kml:Point>
    </kml:Placemark>
    <kml:Placemark id="fid-60e2cf02_19f3a43cf86_-578c">
      <kml:ExtendedData>
        <kml:Data name="fid">
          <kml:value>383</kml:value>
        </kml:Data>
        <kml:Data name="가맹사">
          <kml:value>이마트24</kml:value>
        </kml:Data>
        <kml:Data name="지점명">
          <kml:value>까치고개점</kml:value>
        </kml:Data>
        <kml:Data name="전화번">
          <kml:value>02-883-8709</kml:value>
        </kml:Data>
        <kml:Data name="주소">
          <kml:value>서울특별시 관악구 남부순환로 1964</kml:value>
        </kml:Data>
        <kml:Data name="매칭여">
          <kml:value>Y</kml:value>
        </kml:Data>
        <kml:Data name="최신주">
          <kml:value>서울특별시 관악구 봉천동 1656-22</kml:value>
        </kml:Data>
        <kml:Data name="x">
          <kml:value>126.96686177</kml:value>
        </kml:Data>
        <kml:Data name="y">
          <kml:value>37.47549409</kml:value>
        </kml:Data>
      </kml:ExtendedData>
      <kml:Point>
        <kml:coordinates>126.96686177009212,37.475494085067865</kml:coordinates>
      </kml:Point>
    </kml:Placemark>
    <kml:Placemark id="fid-60e2cf02_19f3a43cf86_-578b">
      <kml:ExtendedData>
        <kml:Data name="fid">
          <kml:value>384</kml:value>
        </kml:Data>
        <kml:Data name="가맹사">
          <kml:value>이마트24</kml:value>
        </kml:Data>
        <kml:Data name="지점명">
          <kml:value>남현로점</kml:value>
        </kml:Data>
        <kml:Data name="전화번">
          <kml:value>02-6916-1500</kml:value>
        </kml:Data>
        <kml:Data name="주소">
          <kml:value>서울특별시 관악구 남부순환로 272길 42</kml:value>
        </kml:Data>
        <kml:Data name="매칭여">
          <kml:value>Y</kml:value>
        </kml:Data>
        <kml:Data name="최신주">
          <kml:value>서울특별시 관악구 남현동 1086-40</kml:value>
        </kml:Data>
        <kml:Data name="x">
          <kml:value>126.97837106</kml:value>
        </kml:Data>
        <kml:Data name="y">
          <kml:value>37.47467162</kml:value>
        </kml:Data>
      </kml:ExtendedData>
      <kml:Point>
        <kml:coordinates>126.97837106181407,37.47467162188872</kml:coordinates>
      </kml:Point>
    </kml:Placemark>
    <kml:Placemark id="fid-60e2cf02_19f3a43cf86_-578a">
      <kml:ExtendedData>
        <kml:Data name="fid">
          <kml:value>385</kml:value>
        </kml:Data>
        <kml:Data name="가맹사">
          <kml:value>이마트24</kml:value>
        </kml:Data>
        <kml:Data name="지점명">
          <kml:value>봉천태양점</kml:value>
        </kml:Data>
        <kml:Data name="전화번">
          <kml:value>02-6916-1500</kml:value>
        </kml:Data>
        <kml:Data name="주소">
          <kml:value>서울특별시 관악구 봉천동 양녕로6길 38, 1층</kml:value>
        </kml:Data>
        <kml:Data name="매칭여">
          <kml:value>Y</kml:value>
        </kml:Data>
        <kml:Data name="최신주">
          <kml:value>서울특별시 관악구 봉천동 886-1</kml:value>
        </kml:Data>
        <kml:Data name="x">
          <kml:value>126.94881529</kml:value>
        </kml:Data>
        <kml:Data name="y">
          <kml:value>37.48440506</kml:value>
        </kml:Data>
      </kml:ExtendedData>
      <kml:Point>
        <kml:coordinates>126.94881528761256,37.48440505803715</kml:coordinates>
      </kml:Point>
    </kml:Placemark>
    <kml:Placemark id="fid-60e2cf02_19f3a43cf86_-5789">
      <kml:ExtendedData>
        <kml:Data name="fid">
          <kml:value>386</kml:value>
        </kml:Data>
        <kml:Data name="가맹사">
          <kml:value>이마트24</kml:value>
        </kml:Data>
        <kml:Data name="지점명">
          <kml:value>서림기드온점</kml:value>
        </kml:Data>
        <kml:Data name="전화번">
          <kml:value>02-6916-1500</kml:value>
        </kml:Data>
        <kml:Data name="주소">
          <kml:value>서울특별시 관악구 서림3길 18 (신림동)</kml:value>
        </kml:Data>
        <kml:Data name="매칭여">
          <kml:value>Y</kml:value>
        </kml:Data>
        <kml:Data name="최신주">
          <kml:value>서울특별시 관악구 신림동 103-264</kml:value>
        </kml:Data>
        <kml:Data name="x">
          <kml:value>126.93969401</kml:value>
        </kml:Data>
        <kml:Data name="y">
          <kml:value>37.47331489</kml:value>
        </kml:Data>
      </kml:ExtendedData>
      <kml:Point>
        <kml:coordinates>126.93969400912358,37.47331489007946</kml:coordinates>
      </kml:Point>
    </kml:Placemark>
    <kml:Placemark id="fid-60e2cf02_19f3a43cf86_-5788">
      <kml:ExtendedData>
        <kml:Data name="fid">
          <kml:value>387</kml:value>
        </kml:Data>
        <kml:Data name="가맹사">
          <kml:value>이마트24</kml:value>
        </kml:Data>
        <kml:Data name="지점명">
          <kml:value>서울대입구역점</kml:value>
        </kml:Data>
        <kml:Data name="전화번">
          <kml:value>02-876-9769</kml:value>
        </kml:Data>
        <kml:Data name="주소">
          <kml:value>서울특별시 관악구 남부순환로 1849</kml:value>
        </kml:Data>
        <kml:Data name="매칭여">
          <kml:value>Y</kml:value>
        </kml:Data>
        <kml:Data name="최신주">
          <kml:value>서울특별시 관악구 봉천동 1666-69</kml:value>
        </kml:Data>
        <kml:Data name="x">
          <kml:value>126.95550207</kml:value>
        </kml:Data>
        <kml:Data name="y">
          <kml:value>37.48046059</kml:value>
        </kml:Data>
      </kml:ExtendedData>
      <kml:Point>
        <kml:coordinates>126.95550207215642,37.48046059322828</kml:coordinates>
      </kml:Point>
    </kml:Placemark>
    <kml:Placemark id="fid-60e2cf02_19f3a43cf86_-5787">
      <kml:ExtendedData>
        <kml:Data name="fid">
          <kml:value>388</kml:value>
        </kml:Data>
        <kml:Data name="가맹사">
          <kml:value>이마트24</kml:value>
        </kml:Data>
        <kml:Data name="지점명">
          <kml:value>서원은혜점</kml:value>
        </kml:Data>
        <kml:Data name="전화번">
          <kml:value>02-871-3421</kml:value>
        </kml:Data>
        <kml:Data name="주소">
          <kml:value>서울특별시 관악구 신림로36길 22</kml:value>
        </kml:Data>
        <kml:Data name="매칭여">
          <kml:value>Y</kml:value>
        </kml:Data>
        <kml:Data name="최신주">
          <kml:value>서울특별시 관악구 신림동 94-95</kml:value>
        </kml:Data>
        <kml:Data name="x">
          <kml:value>126.93863519</kml:value>
        </kml:Data>
        <kml:Data name="y">
          <kml:value>37.47585373</kml:value>
        </kml:Data>
      </kml:ExtendedData>
      <kml:Point>
        <kml:coordinates>126.93863518957845,37.4758537286583</kml:coordinates>
      </kml:Point>
    </kml:Placemark>
    <kml:Placemark id="fid-60e2cf02_19f3a43cf86_-5786">
      <kml:ExtendedData>
        <kml:Data name="fid">
          <kml:value>389</kml:value>
        </kml:Data>
        <kml:Data name="가맹사">
          <kml:value>이마트24</kml:value>
        </kml:Data>
        <kml:Data name="지점명">
          <kml:value>신림고시촌점</kml:value>
        </kml:Data>
        <kml:Data name="전화번">
          <kml:value>02-6916-1500</kml:value>
        </kml:Data>
        <kml:Data name="주소">
          <kml:value>서울특별시 관악구 신림로17길 34</kml:value>
        </kml:Data>
        <kml:Data name="매칭여">
          <kml:value>Y</kml:value>
        </kml:Data>
        <kml:Data name="최신주">
          <kml:value>서울특별시 관악구 신림동 1534</kml:value>
        </kml:Data>
        <kml:Data name="x">
          <kml:value>126.93486341</kml:value>
        </kml:Data>
        <kml:Data name="y">
          <kml:value>37.46951663</kml:value>
        </kml:Data>
      </kml:ExtendedData>
      <kml:Point>
        <kml:coordinates>126.93486341291488,37.46951663067726</kml:coordinates>
      </kml:Point>
    </kml:Placemark>
    <kml:Placemark id="fid-60e2cf02_19f3a43cf86_-5785">
      <kml:ExtendedData>
        <kml:Data name="fid">
          <kml:value>390</kml:value>
        </kml:Data>
        <kml:Data name="가맹사">
          <kml:value>이마트24</kml:value>
        </kml:Data>
        <kml:Data name="지점명">
          <kml:value>신림동부점</kml:value>
        </kml:Data>
        <kml:Data name="전화번">
          <kml:value>02-6916-1500</kml:value>
        </kml:Data>
        <kml:Data name="주소">
          <kml:value>서울특별시 관악구 미성3길 17 1층</kml:value>
        </kml:Data>
        <kml:Data name="매칭여">
          <kml:value>Y</kml:value>
        </kml:Data>
        <kml:Data name="최신주">
          <kml:value>서울특별시 관악구 신림동 727-31</kml:value>
        </kml:Data>
        <kml:Data name="x">
          <kml:value>126.91697746</kml:value>
        </kml:Data>
        <kml:Data name="y">
          <kml:value>37.473854</kml:value>
        </kml:Data>
      </kml:ExtendedData>
      <kml:Point>
        <kml:coordinates>126.91697745925052,37.47385399848868</kml:coordinates>
      </kml:Point>
    </kml:Placemark>
    <kml:Placemark id="fid-60e2cf02_19f3a43cf86_-5784">
      <kml:ExtendedData>
        <kml:Data name="fid">
          <kml:value>391</kml:value>
        </kml:Data>
        <kml:Data name="가맹사">
          <kml:value>이마트24</kml:value>
        </kml:Data>
        <kml:Data name="지점명">
          <kml:value>신림동양점</kml:value>
        </kml:Data>
        <kml:Data name="전화번">
          <kml:value>02-884-0402</kml:value>
        </kml:Data>
        <kml:Data name="주소">
          <kml:value>서울특별시 관악구 남부순환로181길 46 (신림동 금강빌딩)</kml:value>
        </kml:Data>
        <kml:Data name="매칭여">
          <kml:value>Y</kml:value>
        </kml:Data>
        <kml:Data name="최신주">
          <kml:value>서울특별시 관악구 신림동 1419-1</kml:value>
        </kml:Data>
        <kml:Data name="x">
          <kml:value>126.93068298</kml:value>
        </kml:Data>
        <kml:Data name="y">
          <kml:value>37.48661394</kml:value>
        </kml:Data>
      </kml:ExtendedData>
      <kml:Point>
        <kml:coordinates>126.93068297531576,37.48661393944761</kml:coordinates>
      </kml:Point>
    </kml:Placemark>
    <kml:Placemark id="fid-60e2cf02_19f3a43cf86_-5783">
      <kml:ExtendedData>
        <kml:Data name="fid">
          <kml:value>392</kml:value>
        </kml:Data>
        <kml:Data name="가맹사">
          <kml:value>이마트24</kml:value>
        </kml:Data>
        <kml:Data name="지점명">
          <kml:value>신림우정점</kml:value>
        </kml:Data>
        <kml:Data name="전화번">
          <kml:value>02-866-9426</kml:value>
        </kml:Data>
        <kml:Data name="주소">
          <kml:value>서울특별시 관악구 신림동 492-20</kml:value>
        </kml:Data>
        <kml:Data name="매칭여">
          <kml:value>Y</kml:value>
        </kml:Data>
        <kml:Data name="최신주">
          <kml:value>서울특별시 관악구 신림동 492-20</kml:value>
        </kml:Data>
        <kml:Data name="x">
          <kml:value>126.91849632</kml:value>
        </kml:Data>
        <kml:Data name="y">
          <kml:value>37.48525127</kml:value>
        </kml:Data>
      </kml:ExtendedData>
      <kml:Point>
        <kml:coordinates>126.91849632020838,37.485251272891624</kml:coordinates>
      </kml:Point>
    </kml:Placemark>
    <kml:Placemark id="fid-60e2cf02_19f3a43cf86_-5782">
      <kml:ExtendedData>
        <kml:Data name="fid">
          <kml:value>393</kml:value>
        </kml:Data>
        <kml:Data name="가맹사">
          <kml:value>이마트24</kml:value>
        </kml:Data>
        <kml:Data name="지점명">
          <kml:value>신림팔구팔구점</kml:value>
        </kml:Data>
        <kml:Data name="전화번">
          <kml:value>02-6916-1500</kml:value>
        </kml:Data>
        <kml:Data name="주소">
          <kml:value>서울특별시 관악구 신림로67길 11</kml:value>
        </kml:Data>
        <kml:Data name="매칭여">
          <kml:value>Y</kml:value>
        </kml:Data>
        <kml:Data name="최신주">
          <kml:value>서울특별시 관악구 신림동 1432-63</kml:value>
        </kml:Data>
        <kml:Data name="x">
          <kml:value>126.92861567</kml:value>
        </kml:Data>
        <kml:Data name="y">
          <kml:value>37.48601456</kml:value>
        </kml:Data>
      </kml:ExtendedData>
      <kml:Point>
        <kml:coordinates>126.92861566880117,37.486014554466564</kml:coordinates>
      </kml:Point>
    </kml:Placemark>
    <kml:Placemark id="fid-60e2cf02_19f3a43cf86_-5781">
      <kml:ExtendedData>
        <kml:Data name="fid">
          <kml:value>394</kml:value>
        </kml:Data>
        <kml:Data name="가맹사">
          <kml:value>이마트24</kml:value>
        </kml:Data>
        <kml:Data name="지점명">
          <kml:value>신림포도몰점</kml:value>
        </kml:Data>
        <kml:Data name="전화번">
          <kml:value>02-881-8386</kml:value>
        </kml:Data>
        <kml:Data name="주소">
          <kml:value>서울특별시 관악구 서원동 1641-2</kml:value>
        </kml:Data>
        <kml:Data name="매칭여">
          <kml:value>Y</kml:value>
        </kml:Data>
        <kml:Data name="최신주">
          <kml:value>서울특별시 관악구 신림동 1641-2</kml:value>
        </kml:Data>
        <kml:Data name="x">
          <kml:value>126.93018564</kml:value>
        </kml:Data>
        <kml:Data name="y">
          <kml:value>37.4838523</kml:value>
        </kml:Data>
      </kml:ExtendedData>
      <kml:Point>
        <kml:coordinates>126.93018564378336,37.48385229612589</kml:coordinates>
      </kml:Point>
    </kml:Placemark>
    <kml:Placemark id="fid-60e2cf02_19f3a43cf86_-5780">
      <kml:ExtendedData>
        <kml:Data name="fid">
          <kml:value>395</kml:value>
        </kml:Data>
        <kml:Data name="가맹사">
          <kml:value>이마트24</kml:value>
        </kml:Data>
        <kml:Data name="지점명">
          <kml:value>행운야베스점</kml:value>
        </kml:Data>
        <kml:Data name="전화번">
          <kml:value>02-886-5082</kml:value>
        </kml:Data>
        <kml:Data name="주소">
          <kml:value>서울특별시 관악구 행운2길 46</kml:value>
        </kml:Data>
        <kml:Data name="매칭여">
          <kml:value>Y</kml:value>
        </kml:Data>
        <kml:Data name="최신주">
          <kml:value>서울특별시 관악구 봉천동 1680-24</kml:value>
        </kml:Data>
        <kml:Data name="x">
          <kml:value>126.96133182</kml:value>
        </kml:Data>
        <kml:Data name="y">
          <kml:value>37.4786104</kml:value>
        </kml:Data>
      </kml:ExtendedData>
      <kml:Point>
        <kml:coordinates>126.96133181946927,37.47861040428949</kml:coordinates>
      </kml:Point>
    </kml:Placemark>
  </kml:Document>
</kml:kml>
